# Time (s), ω1 (rad/s), ω2 (rad/s), ω3 (rad/s), α1 (rad/s²), α2 (rad/s²), α3 (rad/s²), Vx (m/s), Vy (m/s), Vz (m/s)
0.000000,0.000000,0.000000,0.000000,0.000000,0.000000,0.000000,0.000000,0.000000,0.000000
0.001438,0.000000,0.000000,0.000000,-0.000000,0.000000,0.000000,0.000000,0.000084,0.000962
0.001876,0.000000,0.000000,0.000000,0.000000,0.000000,0.000000,0.000000,0.000231,0.002644
0.002314,0.000000,-0.000000,0.000000,0.000000,-0.000000,0.000000,-0.000000,0.000500,0.005714
0.003190,-0.000000,0.000000,0.000000,0.000000,0.000000,0.000000,0.000000,0.001280,0.014633
0.004066,-0.000000,-0.000000,0.000000,-0.000000,0.000000,0.000000,-0.000000,0.002547,0.029108
0.004941,0.000000,0.000000,-0.000000,-0.000000,0.000000,-0.000000,0.000000,0.004299,0.049139
0.013700,-0.000000,-0.000000,0.000000,0.000000,-0.000000,0.000000,0.000000,0.048569,0.555143
0.015451,-0.000000,0.000000,0.000000,-0.000000,-0.000000,0.000000,0.000000,0.063260,0.723067
0.016770,-0.000000,0.000000,0.000000,-0.000000,-0.000000,0.000000,-0.000000,0.075265,0.860280
0.018089,0.000000,0.000000,-0.000000,0.000000,0.000000,0.000000,-0.000000,0.087442,0.999469
0.019408,-0.000000,0.000000,0.000000,0.000000,-0.000000,-0.000000,-0.000000,0.099548,1.137836
0.022047,0.000000,-0.000000,0.000000,0.000000,-0.000000,0.000000,-0.000000,0.123543,1.412106
0.024685,0.000000,-0.000000,0.000000,-0.000000,0.000000,0.000000,0.000000,0.147251,1.683088
0.027323,0.000000,0.000000,-0.000000,0.000000,0.000000,-0.000000,-0.000000,0.170671,1.950781
0.032160,0.000000,-0.000000,-0.000000,0.000000,0.000000,-0.000000,0.000000,0.212864,2.433043
0.036996,-0.000000,0.000000,0.000000,-0.000000,0.000000,-0.000000,-0.000000,0.254087,2.904228
0.041833,0.000000,0.000000,0.000000,0.000000,0.000000,0.000000,0.000000,0.294340,3.364324
0.051507,0.000000,0.000000,0.000000,-0.000000,-0.000000,-0.000000,-0.000000,0.372655,4.259465
0.061181,0.000000,0.000000,-0.000000,-0.000000,0.000000,0.000000,0.000000,0.450229,5.146144
0.068535,-0.000000,0.000000,0.000000,-0.000000,-0.000000,0.000000,0.000000,0.510013,5.829477
0.075890,-0.000000,0.000000,0.000000,0.000000,0.000000,-0.000000,0.000000,0.570297,6.518526
0.083244,-0.000000,-0.000000,0.000000,-0.000000,-0.000000,0.000000,0.000000,0.631099,7.213494
0.090598,-0.000000,0.000000,0.000000,0.000000,0.000000,0.000000,-0.000000,0.692419,7.914384
0.105307,0.000000,0.000000,-0.000000,-0.000000,0.000000,0.000000,0.000000,0.816614,9.333941
0.120016,0.000000,-0.000000,0.000000,0.000000,-0.000000,0.000000,0.000000,0.942705,10.775166
0.134724,0.000000,-0.000000,-0.000000,-0.000000,0.000000,-0.000000,0.000000,1.070291,12.233481
0.149433,0.000000,0.000000,-0.000000,-0.000000,-0.000000,-0.000000,-0.000000,1.199226,13.707215
0.170128,0.000000,0.000000,-0.000000,0.000000,0.000000,-0.000000,-0.000000,1.382957,15.807271
0.183251,0.000000,0.000000,0.000000,-0.000000,0.000000,0.000000,0.000000,1.500437,17.150071
0.196375,0.000000,0.000000,-0.000000,0.000000,0.000000,-0.000000,-0.000000,1.618002,18.493843
0.209499,0.000000,-0.000000,0.000000,-0.000000,0.000000,-0.000000,0.000000,1.735437,19.836138
0.231485,0.000000,0.000000,-0.000000,-0.000000,0.000000,-0.000000,0.000000,1.931562,22.077856
0.253471,-0.000000,0.000000,-0.000000,0.000000,-0.000000,0.000000,0.000000,2.126615,24.307316
0.275457,0.000000,0.000000,-0.000000,0.000000,-0.000000,0.000000,0.000000,2.320397,26.522264
0.297443,-0.000000,-0.000000,0.000000,-0.000000,-0.000000,0.000000,-0.000000,2.512371,28.716537
0.327921,-0.000000,-0.000000,-0.000000,0.000000,-0.000000,-0.000000,-0.000000,2.775225,31.720967
0.332564,-0.000000,0.000000,0.000000,-0.000000,0.000000,0.000000,0.000000,2.814929,32.174783
0.333039,-0.000682,-0.005839,0.000001,-1.435344,-12.287046,0.001624,0.000510,2.819028,32.221180
0.333514,-0.001365,-0.011681,0.000002,-1.437085,-12.291659,0.001640,0.001020,2.823126,32.267567
0.334465,-0.002733,-0.023368,0.000003,-1.440551,-12.300223,0.001694,0.002041,2.831319,32.360322
0.335415,-0.004104,-0.035063,0.000005,-1.443987,-12.307612,0.001780,0.003063,2.839509,32.453060
0.336366,-0.005478,-0.046764,0.000007,-1.447393,-12.313811,0.001896,0.004084,2.847696,32.545799
0.339750,-0.010397,-0.088461,0.000014,-1.459274,-12.326052,0.002562,0.007697,2.876840,32.876023
0.343135,-0.015355,-0.130173,0.000025,-1.470754,-12.322511,0.003625,0.011234,2.905971,33.206254
0.346519,-0.020351,-0.171845,0.000039,-1.481816,-12.302645,0.005089,0.014641,2.935095,33.536492
0.347777,-0.022218,-0.187316,0.000046,-1.485818,-12.291001,0.005736,0.015865,2.945921,33.659257
0.349036,-0.024090,-0.202771,0.000054,-1.489760,-12.277009,0.006438,0.017059,2.956748,33.782022
0.350294,-0.025967,-0.218207,0.000062,-1.493639,-12.260645,0.007197,0.018223,2.967575,33.904789
0.352574,-0.029381,-0.246129,0.000080,-1.500512,-12.224860,0.008714,0.020241,2.987206,34.127333
0.354855,-0.032811,-0.273960,0.000102,-1.507172,-12.181055,0.010415,0.022129,3.006842,34.349879
0.357136,-0.036256,-0.301682,0.000128,-1.513615,-12.129092,0.012298,0.023871,3.026485,34.572428
0.362038,-0.043708,-0.360795,0.000200,-1.526699,-11.989156,0.016960,0.027025,3.068745,35.050768
0.366940,-0.051221,-0.419126,0.000296,-1.538695,-11.809744,0.022448,0.029252,3.111073,35.529115
0.371842,-0.058790,-0.476478,0.000422,-1.549544,-11.589671,0.028744,0.030384,3.153490,36.007464
0.379529,-0.070760,-0.564006,0.000685,-1.564095,-11.159828,0.040175,0.029599,3.220239,36.757616
0.387216,-0.082830,-0.647806,0.001044,-1.575441,-10.624776,0.053369,0.025071,3.287352,37.507737
0.394904,-0.094973,-0.727083,0.001510,-1.583336,-9.982345,0.068130,0.016210,3.354913,38.257794
0.402591,-0.107163,-0.801004,0.002094,-1.587525,-9.231611,0.084211,0.002435,3.423010,39.007743
0.406474,-0.113328,-0.836029,0.002438,-1.588160,-8.811772,0.092740,-0.006571,3.457633,39.386428
0.410356,-0.119493,-0.869372,0.002815,-1.587757,-8.364781,0.101487,-0.017038,3.492426,39.765062
0.414238,-0.125654,-0.900926,0.003226,-1.586277,-7.890742,0.110406,-0.029030,3.527400,40.143638
0.423434,-0.140210,-0.967984,0.004340,-1.578332,-6.663796,0.131941,-0.063839,3.611027,41.040045
0.432629,-0.154662,-1.023088,0.005652,-1.563799,-5.298007,0.153454,-0.108302,3.695887,41.935921
0.441825,-0.168949,-1.065045,0.007159,-1.542309,-3.806226,0.174180,-0.163031,3.782129,42.831109
0.451021,-0.183005,-1.092767,0.008850,-1.513488,-2.204618,0.193301,-0.228525,3.869900,43.725435
0.458857,-0.194748,-1.104461,0.010422,-1.482928,-0.769548,0.207700,-0.293103,3.946006,44.486681
0.466692,-0.206229,-1.104710,0.012099,-1.446657,0.714255,0.219816,-0.365891,4.023419,45.247055
0.474528,-0.217404,-1.093198,0.013859,-1.404534,2.229141,0.229160,-0.446937,4.102228,46.006451
0.482364,-0.228225,-1.069759,0.015681,-1.356431,3.755695,0.235283,-0.536199,4.182521,46.764767
0.488498,-0.236419,-1.043070,0.017133,-1.314556,4.944638,0.237573,-0.611731,4.246474,47.357618
0.494632,-0.244345,-1.009135,0.018591,-1.268940,6.116369,0.237489,-0.692114,4.311431,47.949717
0.500767,-0.251979,-0.968095,0.020041,-1.219568,7.259303,0.234908,-0.777205,4.377434,48.541008
0.506901,-0.259300,-0.920162,0.021468,-1.166434,8.361532,0.229743,-0.866821,4.444513,49.131390
0.509649,-0.262471,-0.896525,0.022095,-1.141404,8.838960,0.226576,-0.908382,4.474926,49.395587
0.512398,-0.265573,-0.871592,0.022712,-1.115610,9.304862,0.222879,-0.950788,4.505565,49.659589
0.515146,-0.268602,-0.845396,0.023319,-1.089082,9.757636,0.218654,-0.994016,4.536436,49.923395
0.524652,-0.278499,-0.745588,0.025315,-0.991563,11.210105,0.200006,-1.149537,4.645028,50.834290
0.534158,-0.287426,-0.632963,0.027103,-0.885216,12.451428,0.175368,-1.313512,4.756571,51.742901
0.543663,-0.295301,-0.509706,0.028632,-0.770177,13.439831,0.145308,-1.484715,4.871207,52.649331
0.553169,-0.302042,-0.378412,0.029852,-0.646764,14.136279,0.110682,-1.661776,4.989077,53.553738
0.565311,-0.308880,-0.203680,0.030903,-0.477345,14.550157,0.061612,-1.894110,5.144552,54.706348
0.577453,-0.313584,-0.027397,0.031337,-0.295562,14.385076,0.009799,-2.130321,5.305779,55.856493
0.589594,-0.316011,0.143222,0.031143,-0.102391,13.615695,-0.041497,-2.367070,5.472984,57.004720
0.601736,-0.316030,0.300830,0.030345,0.100780,12.245269,-0.088864,-2.601062,5.646349,58.151575
0.618017,-0.312087,0.479522,0.028454,0.385933,9.529830,-0.140608,-2.905243,5.888777,59.688600
0.630300,-0.305989,0.581059,0.026550,0.607877,6.915513,-0.167128,-3.123881,6.079363,60.848486
0.642584,-0.297144,0.648114,0.024397,0.832680,3.942775,-0.180842,-3.330683,6.276548,62.008968
0.651788,-0.288703,0.673565,0.022718,1.001172,1.569577,-0.182310,-3.476921,6.428573,62.879018
0.660993,-0.278718,0.676898,0.021061,1.168044,-0.848245,-0.176440,-3.615232,6.584161,63.749399
0.670198,-0.267211,0.658067,0.019489,1.331773,-3.233157,-0.163861,-3.745490,6.743205,64.620035
0.679402,-0.254216,0.617744,0.018061,1.490765,-5.504275,-0.145578,-3.867825,6.905576,65.490848
0.688607,-0.239787,0.557352,0.016822,1.643326,-7.579673,-0.122923,-3.982631,7.071121,66.361741
0.697811,-0.223989,0.479053,0.015805,1.787812,-9.381360,-0.097472,-4.090548,7.239663,67.232601
0.707016,-0.206904,0.385700,0.015030,1.922571,-10.837996,-0.070941,-4.192461,7.411018,68.103395
0.716221,-0.188631,0.280760,0.014497,2.045964,-11.888469,-0.045063,-4.289497,7.585051,68.974488
0.726744,-0.166426,0.151707,0.014167,2.171103,-12.532101,-0.018354,-4.396110,7.787085,69.971117
0.737267,-0.143004,0.019213,0.014094,2.277064,-12.540129,0.003348,-4.500090,7.992065,70.968583
0.747790,-0.118577,-0.109955,0.014216,2.361665,-11.902239,0.018611,-4.603559,8.199571,71.966640
0.758313,-0.093382,-0.229117,0.014462,2.422860,-10.644274,0.026763,-4.708633,8.409157,72.965070
0.768836,-0.067674,-0.332041,0.014755,2.458769,-8.828598,0.027954,-4.817326,8.620371,73.963763
0.779359,-0.041728,-0.413330,0.015029,2.467734,-6.552484,0.023132,-4.931424,8.832749,74.962644
0.790965,-0.013188,-0.472909,0.015241,2.444700,-3.664044,0.012813,-5.065263,9.067741,76.064400
0.802571,0.014878,-0.497615,0.015316,2.385801,-0.581409,0.000004,-5.208794,9.302885,77.166122
0.814177,0.042049,-0.486529,0.015241,2.290210,2.463757,-0.012219,-5.362585,9.537400,78.267117
0.825782,0.067895,-0.441461,0.015042,2.157799,5.234258,-0.021038,-5.526440,9.770512,79.366699
0.837388,0.091995,-0.366903,0.014771,1.989211,7.507967,-0.024362,-5.699486,10.001565,80.464768
0.848994,0.113934,-0.269750,0.014499,1.785882,9.098257,-0.021185,-5.880235,10.230019,81.561716
0.861788,0.135149,-0.147005,0.014288,1.524150,9.902897,-0.010488,-6.085998,10.478275,82.770273
0.874583,0.152784,-0.020786,0.014253,1.227004,9.639511,0.005753,-6.295461,10.722177,83.978554
0.884755,0.163968,0.072982,0.014386,0.968928,8.691191,0.020432,-6.462366,10.912633,84.939300
0.894928,0.172443,0.154059,0.014668,0.694889,7.165107,0.034571,-6.627826,11.099798,85.900417
0.905100,0.178063,0.217153,0.015082,0.408437,5.178457,0.046303,-6.790379,11.283478,86.861953
0.915272,0.180723,0.258340,0.015597,0.113511,2.884735,0.054122,-6.948768,11.463437,87.823364
0.925444,0.180358,0.275386,0.016168,-0.185523,0.463792,0.057116,-7.102111,11.639490,88.784067
0.935617,0.176950,0.267957,0.016743,-0.484110,-1.893338,0.055109,-7.250018,11.811583,89.743882
0.945789,0.170527,0.237671,0.017274,-0.777403,-3.998914,0.048684,-7.392584,11.979766,90.702885
0.955961,0.161168,0.187968,0.017723,-1.060445,-5.685562,0.039074,-7.530326,12.144140,91.661073
0.966134,0.149004,0.123819,0.018064,-1.328337,-6.821798,0.027944,-7.664109,12.304833,92.618257
0.977371,0.132520,0.043478,0.018309,-1.600754,-7.337043,0.016053,-7.808670,12.478281,93.674111
0.988608,0.113143,-0.038113,0.018432,-1.842333,-7.045335,0.006683,-7.951587,12.647775,94.728020
0.999845,0.091252,-0.112111,0.018472,-2.047180,-6.002947,0.001300,-8.094742,12.813738,95.779729
1.001906,0.086999,-0.124219,0.018474,-2.080331,-5.740568,0.000801,-8.121201,12.843875,95.972640
1.003967,0.082678,-0.135764,0.018475,-2.112034,-5.458816,0.000453,-8.147813,12.874000,96.166046
1.006028,0.078293,-0.146708,0.018476,-2.142286,-5.158677,0.000255,-8.174608,12.904143,96.360103
1.008089,0.073848,-0.157017,0.018476,-2.170998,-4.842080,0.000203,-8.201597,12.934306,96.554819
1.010150,0.069345,-0.166657,0.018477,-2.198249,-4.509157,0.000293,-8.228783,12.964489,96.750159
1.014273,0.060179,-0.183809,0.018479,-2.248087,-3.801866,0.000872,-8.283788,13.024932,97.142746
1.018395,0.050820,-0.197953,0.018485,-2.291538,-3.049354,0.001936,-8.339670,13.085484,97.537749
1.022517,0.041296,-0.208928,0.018496,-2.328379,-2.264943,0.003411,-8.396482,13.146176,97.935158
1.026639,0.031634,-0.216624,0.018513,-2.358472,-1.460323,0.005214,-8.454175,13.206934,98.334280
1.032112,0.018642,-0.221702,0.018549,-2.387630,-0.384170,0.007952,-8.531730,13.287256,98.863484
1.037584,0.005525,-0.220939,0.018600,-2.404140,0.672164,0.010872,-8.610192,13.367015,99.390276
1.043057,-0.007647,-0.214522,0.018667,-2.407733,1.677793,0.013739,-8.689471,13.446197,99.913994
1.048529,-0.020803,-0.202806,0.018749,-2.398233,2.603629,0.016334,-8.769524,13.524878,100.434586
1.055663,-0.037809,-0.180465,0.018875,-2.366055,3.648604,0.018990,-8.874937,13.626853,101.108655
1.062797,-0.054507,-0.151465,0.019016,-2.311519,4.464693,0.020524,-8.981601,13.728608,101.779383
1.068343,-0.067173,-0.125404,0.019131,-2.253805,4.915908,0.020812,-9.065381,13.807859,102.299673
1.073889,-0.079482,-0.097296,0.019245,-2.182914,5.194570,0.020280,-9.149797,13.887398,102.819399
1.079435,-0.091363,-0.068123,0.019354,-2.099143,5.295395,0.018968,-9.234691,13.967326,103.338655
1.084981,-0.102744,-0.038878,0.019455,-2.002861,5.219078,0.016970,-9.319882,14.047726,103.857442
1.092745,-0.117709,0.000354,0.019573,-1.847932,4.827705,0.013303,-9.439299,14.161230,104.582938
1.100509,-0.131383,0.035365,0.019660,-1.670917,4.137023,0.009101,-9.558468,14.276045,105.307603
1.108273,-0.143604,0.064038,0.019715,-1.473775,3.204944,0.004960,-9.677324,14.392773,106.034047
1.116037,-0.154223,0.084764,0.019739,-1.258669,2.104101,0.001471,-9.795835,14.511968,106.764623
1.123802,-0.163110,0.096540,0.019741,-1.028106,0.916116,-0.000861,-9.913852,14.633931,107.500181
1.131566,-0.170155,0.099017,0.019730,-0.784662,-0.274153,-0.001685,-10.031189,14.758793,108.240589
1.139330,-0.175270,0.092512,0.019719,-0.531483,-1.382146,-0.000848,-10.147757,14.886633,108.985551
1.147094,-0.178390,0.077964,0.019720,-0.271544,-2.331848,0.001587,-10.263039,15.016876,109.730909
1.154858,-0.179479,0.056863,0.019746,-0.008340,-3.059314,0.005352,-10.376693,15.148970,110.472929
1.162622,-0.178523,0.031123,0.019805,0.254553,-3.518973,0.010015,-10.488814,15.282725,111.210314
1.170387,-0.175538,0.002930,0.019902,0.513478,-3.686867,0.015046,-10.599781,15.418161,111.943283
1.178151,-0.170570,-0.025430,0.020037,0.764718,-3.562280,0.019887,-10.710032,15.555301,112.672241
1.185915,-0.163691,-0.051756,0.020208,1.004738,-3.167342,0.024035,-10.819959,15.694079,113.397238
1.193679,-0.155005,-0.074098,0.020408,1.229961,-2.545011,0.027107,-10.929901,15.834366,114.118117
1.203515,-0.141608,-0.094339,0.020687,1.488686,-1.524431,0.029135,-11.069639,16.014016,115.025260
1.213350,-0.125837,-0.103818,0.020975,1.711843,-0.382774,0.029088,-11.210515,16.195779,115.927087
1.221129,-0.111929,-0.103327,0.021198,1.859401,0.499797,0.027844,-11.323076,16.341002,116.637860
1.228907,-0.096982,-0.096279,0.021407,1.978825,1.284285,0.025907,-11.436718,16.487389,117.346982
1.236685,-0.081222,-0.083709,0.021600,2.068112,1.908477,0.023678,-11.551340,16.634718,118.054492
1.244464,-0.064889,-0.067061,0.021776,2.125745,2.326663,0.021540,-11.666751,16.782741,118.760352
1.252242,-0.048235,-0.048053,0.021936,2.150658,2.512748,0.019802,-11.782708,16.931208,119.464597
1.260837,-0.029768,-0.026504,0.022100,2.139488,2.443845,0.018571,-11.911149,17.095485,120.241014
1.269432,-0.011571,-0.006702,0.022257,2.087741,2.111103,0.018124,-12.039551,17.259673,121.015716
1.278027,0.006009,0.009283,0.022412,1.996244,1.567435,0.018337,-12.167552,17.423429,121.788776
1.286622,0.022637,0.019940,0.022572,1.866645,0.887608,0.018949,-12.294862,17.586423,122.560303
1.295217,0.037997,0.024465,0.022737,1.701401,0.158785,0.019640,-12.421287,17.748341,123.330406
1.303812,0.051794,0.022818,0.022908,1.503766,-0.530395,0.020115,-12.547162,17.909393,124.102017
1.312407,0.063767,0.015691,0.023082,1.277753,-1.100533,0.020180,-12.673145,18.070068,124.879502
1.321002,0.073692,0.004386,0.023254,1.027788,-1.490996,0.019774,-12.799730,18.230556,125.665387
1.329597,0.081384,-0.009374,0.023421,0.759084,-1.665757,0.018984,-12.927178,18.390698,126.460036
1.338192,0.086704,-0.023683,0.023581,0.477117,-1.617575,0.018005,-13.055447,18.549950,127.261386
1.346787,0.089565,-0.036688,0.023732,0.187788,-1.367303,0.017084,-13.183712,18.706865,128.061894
1.353619,0.090059,-0.045030,0.023847,-0.043177,-1.055004,0.016553,-13.285182,18.829096,128.693116
1.360452,0.088982,-0.050980,0.023959,-0.271534,-0.676065,0.016298,-13.386219,18.948969,129.319046
1.367284,0.086362,-0.054209,0.024071,-0.494126,-0.265665,0.016363,-13.486957,19.066577,129.940112
1.374117,0.082250,-0.054630,0.024183,-0.707614,0.139086,0.016745,-13.587485,19.182018,130.556649
1.380950,0.076719,-0.052399,0.024300,-0.909062,0.504387,0.017399,-13.687809,19.295353,131.168668
1.391101,0.066089,-0.045051,0.024482,-1.179734,0.915649,0.018690,-13.836389,19.459999,132.069463
1.398627,0.056544,-0.037458,0.024627,-1.353873,1.084380,0.019726,-13.946047,19.579323,132.730560
1.406153,0.045786,-0.029058,0.024779,-1.501850,1.124081,0.020691,-14.055444,19.696821,133.387843
1.413679,0.034020,-0.020812,0.024937,-1.621042,1.038522,0.021497,-14.164717,19.812976,134.043076
1.421205,0.021471,-0.013607,0.025101,-1.709333,0.845017,0.022105,-14.273851,19.928118,134.697006
1.428730,0.008377,-0.008162,0.025270,-1.765158,0.572103,0.022529,-14.382763,20.042494,135.349811
1.436256,-0.005012,-0.004950,0.025440,-1.787558,0.255889,0.022827,-14.491360,20.156321,136.001426
1.443782,-0.018444,-0.004161,0.025614,-1.776208,-0.064479,0.023087,-14.599578,20.269813,136.651732
1.452262,-0.033313,-0.006010,0.025811,-1.723467,-0.384237,0.023441,-14.721050,20.397579,137.382861
1.460742,-0.047562,-0.010247,0.026013,-1.629783,-0.618634,0.023951,-14.842071,20.525540,138.112249
1.469222,-0.060854,-0.016033,0.026219,-1.497641,-0.739303,0.024653,-14.962723,20.653999,138.839785
1.477702,-0.072875,-0.022355,0.026432,-1.330491,-0.736595,0.025511,-15.083123,20.783240,139.565370
1.484759,-0.081707,-0.027283,0.026615,-1.167777,-0.645630,0.026278,-15.183229,20.891586,140.167683
1.491815,-0.089324,-0.031350,0.026803,-0.986788,-0.490802,0.027016,-15.283336,21.000799,140.768596
1.498872,-0.095610,-0.034172,0.026996,-0.790820,-0.293949,0.027654,-15.383503,21.110989,141.368053
1.505929,-0.100471,-0.035537,0.027192,-0.583448,-0.080005,0.028134,-15.483864,21.222357,141.966629
1.514367,-0.104323,-0.035241,0.027431,-0.325813,0.163200,0.028464,-15.604261,21.357297,142.681910
1.522805,-0.105982,-0.033084,0.027672,-0.063981,0.357827,0.028530,-15.725134,21.494314,143.397034
1.531243,-0.105438,-0.029581,0.027912,0.195260,0.477178,0.028391,-15.846452,21.633463,144.112081
1.539682,-0.102742,-0.025420,0.028151,0.445123,0.508330,0.028138,-15.968137,21.774732,144.827037
1.548120,-0.098000,-0.021339,0.028387,0.679047,0.453585,0.027875,-16.090089,21.918049,145.541853
1.556558,-0.091373,-0.018000,0.028622,0.890925,0.329285,0.027684,-16.212450,22.063578,146.258069
1.564996,-0.083070,-0.015883,0.028855,1.075211,0.162146,0.027613,-16.335385,22.211449,146.977300
1.573434,-0.073344,-0.015220,0.029088,1.227199,-0.015746,0.027661,-16.458946,22.361588,147.700242
1.581872,-0.062485,-0.015978,0.029322,1.342885,-0.173062,0.027793,-16.583140,22.513794,148.427090
1.590310,-0.050811,-0.017879,0.029557,1.419439,-0.284136,0.027954,-16.707984,22.667811,149.157908
1.599853,-0.037053,-0.020844,0.029824,1.456612,-0.335969,0.028105,-16.849361,22.843051,149.985029
1.609396,-0.023191,-0.023942,0.030093,1.440479,-0.305111,0.028177,-16.989907,23.017695,150.805701
1.618939,-0.009730,-0.026444,0.030362,1.372094,-0.205956,0.028169,-17.129101,23.190578,151.616052
1.628481,0.002847,-0.027823,0.030630,1.254537,-0.067843,0.028120,-17.266835,23.361059,152.415030
1.638024,0.014090,-0.027862,0.030899,1.092771,0.073101,0.028088,-17.402560,23.528048,153.198941
1.647567,0.023608,-0.026686,0.031167,0.893490,0.182705,0.028120,-17.534983,23.689681,153.959579
1.654657,0.029365,-0.025231,0.031367,0.725836,0.228523,0.028200,-17.630919,23.805779,154.507809
1.661747,0.033887,-0.023557,0.031567,0.545833,0.238518,0.028326,-17.725217,23.918936,155.044790
1.668837,0.037132,-0.022236,0.031769,0.365545,0.131022,0.028476,-17.818174,24.029442,155.572573
1.675928,0.038976,-0.020655,0.031971,0.155584,0.276970,0.028669,-17.909933,24.137335,156.091903
1.683018,0.039350,-0.018408,0.032175,-0.054285,0.380773,0.028915,-18.000508,24.242575,156.602830
1.690108,0.038251,-0.015616,0.032381,-0.258845,0.426079,0.029201,-18.089861,24.345140,157.105286
1.697198,0.035730,-0.012667,0.032589,-0.453576,0.407922,0.029500,-18.177944,24.445060,157.599262
1.706113,0.030682,-0.009425,0.032854,-0.678121,0.307083,0.029853,-18.286810,24.567031,158.208288
1.715029,0.023760,-0.007323,0.033122,-0.872918,0.148388,0.030153,-18.393486,24.685067,158.803796
1.721353,0.017867,-0.006753,0.033313,-0.989374,0.023602,0.030333,-18.467145,24.765781,159.213871
1.727677,0.011298,-0.006952,0.033505,-1.085646,-0.092107,0.030495,-18.538436,24.843312,159.609282
1.734001,0.004187,-0.007820,0.033699,-1.160261,-0.184912,0.030653,-18.607112,24.917473,159.988404
1.740325,-0.003325,-0.009182,0.033893,-1.212186,-0.245236,0.030820,-18.673116,24.988293,160.350769
1.747785,-0.012503,-0.011114,0.034124,-1.243526,-0.269420,0.031039,-18.747437,25.067539,160.755811
1.755245,-0.021794,-0.013047,0.034356,-1.242302,-0.244269,0.031281,-18.817787,25.142106,161.135430
1.762705,-0.030957,-0.014651,0.034590,-1.209238,-0.179616,0.031534,-18.884112,25.212072,161.489025
1.770165,-0.039761,-0.015685,0.034827,-1.145863,-0.090869,0.031775,-18.946419,25.277581,161.816426
1.780079,-0.050535,-0.015987,0.035143,-1.018786,0.034229,0.032036,-19.023037,25.358017,162.210957
1.789994,-0.059832,-0.015124,0.035461,-0.849528,0.131434,0.032191,-19.092608,25.431202,162.559194
1.799908,-0.067279,-0.013533,0.035781,-0.647523,0.172312,0.032238,-19.155128,25.497430,162.861313
1.809823,-0.072605,-0.011838,0.036101,-0.423662,0.150827,0.032212,-19.211393,25.557871,163.122748
1.819738,-0.075647,-0.010603,0.036420,-0.188954,0.083799,0.032163,-19.262155,25.613570,163.348667
1.829652,-0.076355,-0.010154,0.036739,0.045054,0.000364,0.032128,-19.307677,25.664912,163.541049
1.839567,-0.074791,-0.010508,0.037057,0.267592,-0.069320,0.032113,-19.347908,25.711805,163.699712
1.849482,-0.071118,-0.011416,0.037375,0.468709,-0.104748,0.032098,-19.382765,25.754017,163.824122
1.861801,-0.064014,-0.012770,0.037770,0.676196,-0.095452,0.032031,-19.418626,25.799648,163.931076
1.874121,-0.054720,-0.013733,0.038164,0.825250,-0.042981,0.031871,-19.446272,25.837256,163.985343
1.886440,-0.043994,-0.013950,0.038555,0.908071,0.022239,0.031620,-19.465747,25.866318,163.987225
1.896437,-0.034800,-0.013559,0.038870,0.924290,0.063154,0.031370,-19.475557,25.883237,163.950465
1.906434,-0.025658,-0.012852,0.039182,0.896094,0.079436,0.031108,-19.480613,25.894595,163.883513
1.916431,-0.017001,-0.012090,0.039492,0.826900,0.068315,0.030851,-19.481693,25.901046,163.791537
1.926428,-0.009215,-0.011522,0.039800,0.721854,0.036409,0.030609,-19.479167,25.902799,163.677134
1.936426,-0.002629,-0.011310,0.040104,0.587605,-0.003358,0.030380,-19.473120,25.899757,163.541070
1.946423,0.002503,-0.011479,0.040407,0.431834,-0.037286,0.030160,-19.463538,25.891739,163.383402
1.956420,0.006005,-0.011927,0.040707,0.262888,-0.054713,0.029945,-19.450402,25.878598,163.204064
1.968253,0.007938,-0.012560,0.041060,0.057652,-0.050404,0.029701,-19.430263,25.856322,162.963768
1.969439,0.007994,-0.012619,0.041095,0.037266,-0.048311,0.029677,-19.427970,25.853682,162.937999
1.970626,0.008026,-0.012674,0.041130,0.016961,-0.045881,0.029653,-19.425353,25.850646,162.910217
1.971812,0.008035,-0.012727,0.041166,-0.003232,-0.043352,0.029626,-19.421935,25.846653,162.877435
1.972998,0.008019,-0.012777,0.041201,-0.023302,-0.040727,0.029600,-19.418250,25.842331,162.842995
1.974007,0.007987,-0.012817,0.041230,-0.040259,-0.038382,0.029577,-19.415006,25.838513,162.813025
1.975015,0.007938,-0.012854,0.041260,-0.057112,-0.035948,0.029555,-19.411762,25.834687,162.783065
1.976023,0.007872,-0.012889,0.041290,-0.073856,-0.033436,0.029533,-19.408520,25.830850,162.753115
1.978350,0.007656,-0.012960,0.041359,-0.112022,-0.027405,0.029483,-19.401041,25.821962,162.684042
1.980677,0.007351,-0.013017,0.041427,-0.149471,-0.021142,0.029434,-19.393566,25.813023,162.615019
1.983003,0.006961,-0.013058,0.041496,-0.186117,-0.014776,0.029387,-19.386096,25.804036,162.546048
2.000741,0.001400,-0.012956,0.042014,-0.431551,0.027614,0.029062,-19.329300,25.734046,162.021864
2.018478,-0.007831,-0.012382,0.042527,-0.596853,0.039404,0.028783,-19.272769,25.661932,161.500456
2.036216,-0.019167,-0.011866,0.043035,-0.666382,0.019055,0.028523,-19.216481,25.588594,160.981641
2.053953,-0.030882,-0.011777,0.043539,-0.638752,-0.013665,0.028274,-19.160426,25.515059,160.465207
2.062507,-0.036154,-0.011938,0.043780,-0.593835,-0.024445,0.028157,-19.133478,25.479840,160.216944
2.071061,-0.040966,-0.012165,0.044021,-0.531464,-0.029650,0.028040,-19.106593,25.444915,159.969163
2.079615,-0.045182,-0.012408,0.044260,-0.454518,-0.028040,0.027920,-19.079798,25.410394,159.721974
2.092209,-0.050101,-0.012703,0.044610,-0.320715,-0.016426,0.027730,-19.040516,25.360436,159.359038
2.104803,-0.053226,-0.012820,0.044958,-0.173065,-0.000520,0.027514,-19.001410,25.311640,158.997008
2.117398,-0.054463,-0.012759,0.045303,-0.022453,0.011791,0.027268,-18.962488,25.264092,158.635874
2.129992,-0.053839,-0.012582,0.045645,0.120510,0.015769,0.026996,-18.923748,25.217800,158.275624
2.131284,-0.053674,-0.012563,0.045680,0.134357,0.015606,0.026967,-18.919783,25.213119,158.238710
2.132577,-0.053492,-0.012543,0.045715,0.148014,0.015333,0.026938,-18.915820,25.208451,158.201805
2.133869,-0.053292,-0.012523,0.045750,0.161473,0.014973,0.026909,-18.911858,25.203795,158.164910
2.139896,-0.052139,-0.012441,0.045911,0.221307,0.012310,0.026770,-18.893409,25.182241,157.992984
2.145923,-0.050641,-0.012379,0.046072,0.275846,0.008377,0.026629,-18.875001,25.160941,157.821295
2.151950,-0.048832,-0.012342,0.046232,0.324389,0.003757,0.026486,-18.856633,25.139874,157.649847
2.169207,-0.042270,-0.012378,0.046686,0.426082,-0.008783,0.026070,-18.804255,25.080660,157.160277
2.186465,-0.034486,-0.012562,0.047132,0.466067,-0.013499,0.025650,-18.752165,25.022585,156.672694
2.203723,-0.026537,-0.012751,0.047571,0.444849,-0.008851,0.025229,-18.700328,24.964985,156.187052
2.220980,-0.019427,-0.012830,0.048003,0.369974,0.001003,0.024819,-18.648740,24.907253,155.703517
2.230258,-0.016261,-0.012800,0.048232,0.312287,0.005291,0.024607,-18.621116,24.875976,155.444541
2.239535,-0.013673,-0.012740,0.048460,0.245692,0.007969,0.024403,-18.593570,24.844462,155.186300
2.248813,-0.011732,-0.012665,0.048685,0.173026,0.008352,0.024208,-18.566093,24.812653,154.928760
2.269272,-0.009876,-0.012527,0.049176,0.004416,0.003292,0.023813,-18.505706,24.741323,154.363172
2.289731,-0.011388,-0.012526,0.049660,-0.150048,-0.004346,0.023466,-18.445563,24.668252,153.800680
2.310190,-0.015711,-0.012625,0.050137,-0.266720,-0.006655,0.023159,-18.385685,24.593736,153.241319
2.330649,-0.021892,-0.012714,0.050608,-0.329922,-0.003110,0.022880,-18.326129,24.518342,152.685165
2.335751,-0.023591,-0.012728,0.050724,-0.336376,-0.001948,0.022813,-18.311332,24.499481,152.546965
2.340853,-0.025314,-0.012734,0.050840,-0.339122,-0.000335,0.022747,-18.296555,24.480617,152.408934
2.345955,-0.027042,-0.012732,0.050956,-0.338257,0.001096,0.022681,-18.281798,24.461759,152.271070
2.362830,-0.032467,-0.012699,0.051337,-0.312528,0.003730,0.022459,-18.233136,24.399636,151.816206
2.375374,-0.036082,-0.012659,0.051618,-0.272623,0.003526,0.022291,-18.197116,24.353793,151.479214
2.387917,-0.039117,-0.012630,0.051896,-0.218910,0.001850,0.022118,-18.161238,24.308386,151.143194
2.397692,-0.040999,-0.012622,0.052112,-0.169771,-0.000033,0.021979,-18.133383,24.273365,150.882031
2.407466,-0.042391,-0.012632,0.052326,-0.116644,-0.001936,0.021836,-18.105622,24.238709,150.621461
2.417241,-0.043260,-0.012657,0.052539,-0.061662,-0.003468,0.021688,-18.077955,24.204441,150.361471
2.432587,-0.043564,-0.012718,0.052870,0.024230,-0.004629,0.021447,-18.034695,24.151422,149.954368
2.447933,-0.042611,-0.012784,0.053197,0.102505,-0.003968,0.021193,-17.991646,24.099344,149.548543
2.463279,-0.040559,-0.012832,0.053520,0.166158,-0.002005,0.020927,-17.948805,24.048126,149.143981
2.478624,-0.037664,-0.012850,0.053839,0.210445,0.000099,0.020653,-17.906166,23.997626,148.740698
2.498386,-0.033203,-0.012834,0.054244,0.234797,0.001454,0.020294,-17.851583,23.933411,148.223559
2.518147,-0.028595,-0.012804,0.054641,0.221853,0.000401,0.019937,-17.797335,23.869696,147.708888
2.537909,-0.024567,-0.012800,0.055032,0.177079,-0.002111,0.019593,-17.743370,23.806004,147.196621
2.557670,-0.021679,-0.012843,0.055416,0.110161,-0.003533,0.019268,-17.689650,23.741953,146.686723
2.577431,-0.020257,-0.012904,0.055793,0.032865,-0.001983,0.018966,-17.636187,23.677350,146.179371
2.599744,-0.020503,-0.012923,0.056213,-0.051904,0.002339,0.018651,-17.576142,23.603665,145.609669
2.622057,-0.022483,-0.012850,0.056626,-0.119689,0.004723,0.018361,-17.516421,23.529265,145.043145
2.644370,-0.025683,-0.012748,0.057032,-0.160607,0.000862,0.018090,-17.457000,23.454394,144.479535
2.666683,-0.029436,-0.012758,0.057433,-0.170807,-0.006615,0.017832,-17.397890,23.379447,143.918775
2.688996,-0.033069,-0.012932,0.057828,-0.151968,-0.008479,0.017583,-17.339138,23.304870,143.360953
2.711309,-0.036013,-0.013107,0.058218,-0.110194,0.000733,0.017330,-17.280778,23.231019,142.805987
2.733622,-0.037864,-0.013040,0.058601,-0.054639,0.012578,0.017061,-17.222816,23.158124,142.253624
2.755935,-0.038426,-0.012727,0.058979,0.004124,0.010124,0.016771,-17.165253,23.086308,141.703710
2.778248,-0.037729,-0.012543,0.059350,0.055925,-0.010857,0.016474,-17.108080,23.015606,141.156355
2.800560,-0.036018,-0.012873,0.059714,0.092754,-0.028587,0.016189,-17.051271,22.945920,140.611682
2.822873,-0.033697,-0.013542,0.060072,0.110028,-0.014163,0.015909,-16.994798,22.876998,140.069624
2.845186,-0.031241,-0.013757,0.060424,0.107046,0.028668,0.015616,-16.938690,22.808534,139.530123
2.867499,-0.029082,-0.012955,0.060769,0.086537,0.051329,0.015302,-16.883004,22.740275,138.993281
2.870928,-0.028796,-0.012774,0.060822,0.082137,0.047543,0.015253,-16.874486,22.729795,138.911043
2.874356,-0.028523,-0.012616,0.060874,0.077448,0.041960,0.015205,-16.865974,22.719317,138.828872
2.877785,-0.028265,-0.012484,0.060926,0.072496,0.035375,0.015159,-16.857468,22.708839,138.746766
2.881214,-0.028025,-0.012376,0.060978,0.067308,0.028261,0.015113,-16.848967,22.698358,138.664721
2.884642,-0.027804,-0.012293,0.061029,0.061912,0.020834,0.015069,-16.840472,22.687874,138.582737
2.891500,-0.027419,-0.012200,0.061132,0.050593,0.006001,0.014983,-16.823494,22.666895,138.418949
2.898357,-0.027113,-0.012205,0.061235,0.038736,-0.007892,0.014901,-16.806535,22.645899,138.255404
2.905214,-0.026890,-0.012298,0.061337,0.026541,-0.019595,0.014822,-16.789594,22.624885,138.092104
2.912071,-0.026750,-0.012463,0.061438,0.014205,-0.027960,0.014747,-16.772672,22.603851,137.929048
2.918929,-0.026694,-0.012673,0.061539,0.001925,-0.032303,0.014674,-16.755771,22.582796,137.766236
2.934120,-0.026864,-0.013172,0.061761,-0.024179,-0.028461,0.014518,-16.718420,22.536087,137.406461
2.949311,-0.027407,-0.013515,0.061980,-0.047300,-0.011630,0.014365,-16.681214,22.489303,137.047937
2.964502,-0.028268,-0.013575,0.062197,-0.065943,0.008234,0.014210,-16.644170,22.442473,136.690657
2.979693,-0.029373,-0.013373,0.062412,-0.079034,0.021552,0.014054,-16.607288,22.395634,136.334593
3.001582,-0.031209,-0.012911,0.062717,-0.087218,0.022175,0.013828,-16.554403,22.328218,135.823552
3.023471,-0.033089,-0.012599,0.063017,-0.082753,0.004660,0.013609,-16.501799,22.261030,135.314814
3.045360,-0.034759,-0.012663,0.063313,-0.067300,-0.014901,0.013403,-16.449474,22.194245,134.808395
3.067249,-0.035840,-0.012935,0.063604,-0.029389,-0.013874,0.013199,-16.397495,22.128278,134.304239
3.083332,-0.035694,-0.012916,0.063815,0.048628,0.021543,0.013031,-16.359582,22.080685,133.935153
3.099415,-0.034425,-0.012490,0.064023,0.118499,0.042456,0.012838,-16.321929,22.033994,133.567115
3.115499,-0.032097,-0.011835,0.064228,0.175175,0.042116,0.012629,-16.284517,21.988160,133.200101
3.131582,-0.028956,-0.011284,0.064429,0.214586,0.020713,0.012419,-16.247308,21.943051,132.834129
3.148024,-0.025233,-0.011112,0.064632,0.234739,-0.011791,0.012213,-16.209438,21.897497,132.461098
3.164467,-0.021342,-0.011423,0.064831,0.234223,-0.037851,0.012019,-16.171709,21.852309,132.089239
3.180909,-0.017617,-0.012060,0.065027,0.214508,-0.043907,0.011832,-16.134108,21.807280,131.718594
3.197352,-0.014352,-0.012696,0.065220,0.178493,-0.027312,0.011647,-16.096653,21.762235,131.349258
3.213794,-0.011780,-0.013005,0.065410,0.130130,0.002774,0.011466,-16.059366,21.717028,130.981298
3.230237,-0.010067,-0.012838,0.065597,0.074051,0.030470,0.011291,-16.022251,21.671544,130.614737
3.246679,-0.009303,-0.012296,0.065782,0.015165,0.041525,0.011127,-15.985291,21.625702,130.249524
3.266265,-0.009632,-0.011588,0.065998,-0.052035,0.027669,0.010948,-15.941421,21.570601,129.816195
3.282420,-0.010853,-0.011268,0.066174,-0.100271,0.000090,0.010815,-15.905343,21.524781,129.460191
3.298575,-0.012790,-0.011377,0.066348,-0.138536,-0.026915,0.010695,-15.869354,21.478713,129.105487
3.314729,-0.015259,-0.011864,0.066519,-0.164592,-0.040183,0.010588,-15.833465,21.432502,128.752077
3.330884,-0.018049,-0.012485,0.066689,-0.177297,-0.033618,0.010491,-15.797694,21.386259,128.399883
3.347039,-0.020932,-0.012895,0.066858,-0.176623,-0.011854,0.010395,-15.762072,21.340103,128.048818
3.363193,-0.023700,-0.012932,0.067025,-0.163530,0.012701,0.010293,-15.726625,21.294151,127.698822
3.379348,-0.026170,-0.012634,0.067191,-0.139792,0.028020,0.010181,-15.691363,21.248518,127.349853
3.395503,-0.028188,-0.012189,0.067354,-0.107803,0.028155,0.010059,-15.656286,21.203302,127.001882
3.411657,-0.029644,-0.011826,0.067516,-0.070378,0.014977,0.009934,-15.621398,21.158598,126.654971
3.427812,-0.030472,-0.011709,0.067675,-0.030519,-0.003871,0.009808,-15.586697,21.114468,126.309156
3.447952,-0.030601,-0.011956,0.067871,0.018094,-0.021842,0.009655,-15.543677,21.060261,125.879457
3.468093,-0.029788,-0.012450,0.068064,0.060652,-0.023516,0.009501,-15.500915,21.006910,125.451257
3.488233,-0.028211,-0.012837,0.068254,0.092945,-0.009137,0.009335,-15.458420,20.954304,125.024511
3.508374,-0.026112,-0.012875,0.068440,0.112280,0.009463,0.009155,-15.416200,20.902303,124.599236
3.528514,-0.023766,-0.012593,0.068622,0.117660,0.018426,0.008967,-15.374245,20.850747,124.175474
3.548654,-0.021450,-0.012242,0.068801,0.109679,0.012347,0.008781,-15.332529,20.799485,123.753319
3.568795,-0.019414,-0.012097,0.068976,0.090278,-0.002672,0.008606,-15.291031,20.748390,123.332903
3.588935,-0.017860,-0.012253,0.069148,0.062402,-0.014754,0.008444,-15.249715,20.697324,122.914219
3.614895,-0.016779,-0.012689,0.069364,0.019651,-0.014748,0.008253,-15.196699,20.631372,122.377016
3.640854,-0.016830,-0.012950,0.069576,-0.023384,0.001350,0.008075,-15.143953,20.565163,121.842471
3.666814,-0.017930,-0.012859,0.069784,-0.059478,0.019098,0.007907,-15.091496,20.498713,121.310530
3.692774,-0.019824,-0.012429,0.069987,-0.083330,0.019345,0.007745,-15.039383,20.432207,120.781371
3.718734,-0.022151,-0.012138,0.070186,-0.092219,0.001572,0.007593,-14.987600,20.365852,120.254921
3.744693,-0.024512,-0.012201,0.070381,-0.086207,-0.020960,0.007451,-14.936117,20.299857,119.730974
3.770653,-0.026546,-0.012717,0.070573,-0.067749,-0.025978,0.007319,-14.884935,20.234420,119.209366
3.796613,-0.027980,-0.013227,0.070761,-0.041064,-0.007527,0.007184,-14.834106,20.169704,118.690008
3.822572,-0.028665,-0.013309,0.070946,-0.011223,0.020176,0.007032,-14.783707,20.105837,118.172981
3.848532,-0.028584,-0.012834,0.071126,0.016738,0.031527,0.006858,-14.733775,20.042857,117.658337
3.869899,-0.028016,-0.012304,0.071271,0.035295,0.017840,0.006707,-14.692993,19.991641,117.236476
3.891266,-0.027109,-0.012080,0.071412,0.048075,-0.009542,0.006562,-14.652434,19.940912,116.816111
3.912632,-0.025999,-0.012374,0.071551,0.054238,-0.032628,0.006431,-14.612059,19.890586,116.397229
3.933999,-0.024829,-0.013048,0.071687,0.053701,-0.033670,0.006308,-14.571861,19.840577,115.979844
3.955366,-0.023739,-0.013653,0.071821,0.047060,-0.010013,0.006186,-14.531865,19.790796,115.563970
3.976733,-0.022848,-0.013738,0.071952,0.035480,0.022890,0.006055,-14.492132,19.741198,115.149771
3.998100,-0.022245,-0.013199,0.072080,0.020530,0.041071,0.005916,-14.452669,19.691719,114.737234
4.019467,-0.021983,-0.012388,0.072204,0.003988,0.029203,0.005778,-14.413425,19.642299,114.326264
4.037493,-0.022038,-0.011954,0.072308,-0.009876,0.000730,0.005672,-14.380437,19.600638,113.980722
4.055519,-0.022332,-0.012005,0.072409,-0.022615,-0.029458,0.005580,-14.347531,19.559011,113.636245
4.073545,-0.022837,-0.012554,0.072509,-0.033390,-0.044446,0.005502,-14.314702,19.517434,113.292827
4.091571,-0.023516,-0.013278,0.072607,-0.041588,-0.038591,0.005431,-14.281981,19.475930,112.950491
4.109597,-0.024317,-0.013807,0.072705,-0.046831,-0.017030,0.005360,-14.249410,19.434533,112.609257
4.127623,-0.025183,-0.013925,0.072801,-0.048964,0.008704,0.005282,-14.217015,19.393272,112.269124
4.145650,-0.026060,-0.013639,0.072895,-0.048048,0.026757,0.005195,-14.184801,19.352172,111.930044
4.166729,-0.027030,-0.013069,0.073003,-0.043485,0.029776,0.005087,-14.147339,19.304346,111.534794
4.187809,-0.027872,-0.012594,0.073110,-0.035813,0.015717,0.004980,-14.110075,19.256817,111.140873
4.208889,-0.028529,-0.012462,0.073213,-0.025949,-0.004700,0.004882,-14.072989,19.209621,110.748258
4.229969,-0.028968,-0.012694,0.073315,-0.014949,-0.019655,0.004792,-14.036077,19.162783,110.356933
4.253676,-0.029183,-0.013176,0.073428,-0.002564,-0.022614,0.004695,-13.994785,19.110543,109.918364
4.277382,-0.029118,-0.013589,0.073538,0.008471,-0.011505,0.004594,-13.953749,19.058756,109.481396
4.301089,-0.028818,-0.013705,0.073646,0.017010,0.004793,0.004484,-13.913007,19.007421,109.046131
4.324796,-0.028352,-0.013509,0.073751,0.022293,0.015489,0.004365,-13.872565,18.956502,108.612590
4.348503,-0.027800,-0.013175,0.073853,0.023991,0.014703,0.004243,-13.832387,18.905936,108.180702
4.372210,-0.027247,-0.012939,0.073952,0.022197,0.004373,0.004125,-13.792438,18.855663,107.750420
4.395917,-0.026770,-0.012947,0.074048,0.017375,-0.007993,0.004017,-13.752687,18.805631,107.321729
4.430050,-0.026342,-0.013307,0.074183,0.006644,-0.014544,0.003875,-13.695783,18.733935,106.707278
4.455329,-0.026289,-0.013625,0.074280,-0.002716,-0.006577,0.003776,-13.653905,18.681057,106.254377
4.480608,-0.026477,-0.013709,0.074374,-0.011853,0.005736,0.003677,-13.612291,18.628374,105.803406
4.505886,-0.026883,-0.013504,0.074466,-0.019650,0.012513,0.003575,-13.570948,18.575885,105.354324
4.531165,-0.027460,-0.013200,0.074555,-0.025304,0.007951,0.003473,-13.529850,18.523594,104.907031
4.556443,-0.028147,-0.013075,0.074641,-0.028359,-0.004412,0.003379,-13.488967,18.471527,104.461452
4.586959,-0.029022,-0.013332,0.074743,-0.028460,-0.014991,0.003280,-13.439885,18.409023,103.925798
4.617475,-0.029843,-0.013818,0.074841,-0.025039,-0.008224,0.003188,-13.391132,18.346978,103.392610
4.647990,-0.030520,-0.013985,0.074937,-0.019018,0.010199,0.003088,-13.342781,18.285462,102.861957
4.678506,-0.030996,-0.013580,0.075030,-0.011669,0.018450,0.002971,-13.294870,18.224508,102.333804
4.684313,-0.031060,-0.013476,0.075047,-0.010242,0.016749,0.002948,-13.285798,18.212972,102.233567
4.690120,-0.031116,-0.013383,0.075064,-0.008830,0.014371,0.002925,-13.276739,18.201455,102.133413
4.695927,-0.031163,-0.013308,0.075081,-0.007437,0.011547,0.002903,-13.267692,18.189958,102.033343
4.701734,-0.031202,-0.013251,0.075098,-0.006070,0.008412,0.002881,-13.258657,18.178482,101.933356
4.707541,-0.031233,-0.013212,0.075114,-0.004736,0.005097,0.002859,-13.249633,18.167025,101.833452
4.719155,-0.031274,-0.013191,0.075147,-0.002195,-0.001450,0.002818,-13.231620,18.144170,101.633894
4.730769,-0.031286,-0.013240,0.075180,0.000128,-0.007059,0.002779,-13.213653,18.121392,101.434668
4.742383,-0.031272,-0.013344,0.075212,0.002182,-0.010941,0.002742,-13.195731,18.098691,101.235772
4.753996,-0.031236,-0.013481,0.075243,0.003930,-0.012677,0.002705,-13.177856,18.076062,101.037206
4.779038,-0.031103,-0.013785,0.075310,0.006542,-0.010144,0.002627,-13.139479,18.027508,100.610175
4.804080,-0.030924,-0.013958,0.075375,0.007450,-0.002095,0.002545,-13.101340,17.979262,100.184698
4.829122,-0.030741,-0.013929,0.075438,0.006675,0.005534,0.002459,-13.063460,17.931320,99.760855
4.854164,-0.030594,-0.013758,0.075498,0.004418,0.008053,0.002370,-13.025826,17.883649,99.338617
4.889881,-0.030512,-0.013539,0.075581,-0.000607,0.003307,0.002248,-12.972519,17.816062,98.739039
4.925598,-0.030674,-0.013448,0.075659,-0.008940,-0.000580,0.002136,-12.919599,17.748945,98.142503
4.931180,-0.030710,-0.013505,0.075671,-0.005570,-0.015369,0.002120,-12.911359,17.738509,98.049555
4.936761,-0.030730,-0.013631,0.075683,-0.002266,-0.028688,0.002107,-12.903125,17.728098,97.956677
4.942342,-0.030733,-0.013822,0.075694,0.000954,-0.040128,0.002096,-12.894898,17.717713,97.863869
4.953504,-0.030690,-0.014361,0.075718,0.007094,-0.056579,0.002076,-12.878465,17.697019,97.678462
4.964667,-0.030581,-0.015034,0.075741,0.012731,-0.063380,0.002061,-12.862066,17.676424,97.493331
4.975829,-0.030411,-0.015732,0.075763,0.017753,-0.060520,0.002044,-12.845708,17.655923,97.308477
4.986991,-0.030189,-0.016356,0.075786,0.022075,-0.049539,0.002025,-12.829400,17.635509,97.123897
5.009428,-0.029616,-0.017118,0.075831,0.028399,-0.013188,0.001971,-12.796787,17.594718,96.753715
5.031865,-0.028936,-0.017017,0.075875,0.031328,0.023467,0.001891,-12.764433,17.554224,96.384715
5.049640,-0.028375,-0.016432,0.075907,0.031251,0.037144,0.001814,-12.738987,17.522333,96.093259
5.067415,-0.027834,-0.015724,0.075939,0.029210,0.033486,0.001736,-12.713669,17.490582,95.802552
5.085190,-0.027346,-0.015213,0.075969,0.025438,0.016962,0.001665,-12.688440,17.458947,95.512561
5.102966,-0.026939,-0.015078,0.075998,0.020228,-0.003454,0.001606,-12.663275,17.427411,95.223275
5.120741,-0.026634,-0.015306,0.076026,0.013915,-0.018804,0.001558,-12.638166,17.395961,94.934698
5.140438,-0.026435,-0.015792,0.076057,0.006070,-0.025069,0.001513,-12.610416,17.361194,94.615752
5.160135,-0.026394,-0.016278,0.076086,-0.002175,-0.019940,0.001472,-12.582760,17.326504,94.297678
5.179832,-0.026516,-0.016585,0.076114,-0.010328,-0.007658,0.001429,-12.555212,17.291879,93.980471
5.199529,-0.026793,-0.016633,0.076142,-0.017929,0.005669,0.001382,-12.527781,17.257319,93.664122
5.221643,-0.027271,-0.016425,0.076172,-0.025309,0.015294,0.001327,-12.497124,17.218603,93.309978
5.243756,-0.027895,-0.016089,0.076201,-0.031039,0.016072,0.001271,-12.466630,17.180021,92.956988
5.265870,-0.028625,-0.015804,0.076228,-0.034818,0.009112,0.001218,-12.436286,17.141593,92.605133
5.287983,-0.029416,-0.015700,0.076255,-0.036512,-0.001309,0.001172,-12.406074,17.103334,92.254349
5.320599,-0.030600,-0.015925,0.076292,-0.035279,-0.013342,0.001116,-12.361748,17.047254,91.738843
5.353215,-0.031681,-0.016405,0.076328,-0.030161,-0.012905,0.001068,-12.317718,16.991648,91.225499
5.379254,-0.032395,-0.016683,0.076355,-0.024100,-0.003405,0.001026,-12.282809,16.947632,90.817184
5.405292,-0.032937,-0.016697,0.076381,-0.017094,0.007319,0.000974,-12.248137,16.903969,90.410190
5.431331,-0.033293,-0.016479,0.076405,-0.009873,0.012574,0.000912,-12.213706,16.860670,90.004504
5.457370,-0.033464,-0.016193,0.076428,-0.003111,0.009598,0.000847,-12.179506,16.817737,89.600119
5.488671,-0.033458,-0.016027,0.076454,0.003606,-0.000661,0.000772,-12.138692,16.766626,89.115802
5.519973,-0.033275,-0.016156,0.076477,0.008096,-0.010112,0.000705,-12.098189,16.716040,88.633473
5.551274,-0.032989,-0.016476,0.076498,0.009968,-0.012300,0.000644,-12.057975,16.665915,88.153065
5.582576,-0.032683,-0.016772,0.076517,0.009198,-0.006813,0.000583,-12.018040,16.616183,87.674525
5.613877,-0.032436,-0.016876,0.076534,0.006097,0.001538,0.000517,-11.978381,16.566785,87.197831
5.645179,-0.032313,-0.016774,0.076549,0.001245,0.006811,0.000449,-11.938990,16.517676,86.722974
5.676480,-0.032359,-0.016587,0.076562,-0.004614,0.006031,0.000382,-11.899849,16.468828,86.249951
5.716716,-0.032689,-0.016459,0.076576,-0.012360,-0.000577,0.000306,-11.849883,16.406413,85.644618
5.756952,-0.033310,-0.016572,0.076587,-0.018966,-0.006934,0.000244,-11.800325,16.344461,85.042440
5.797187,-0.034156,-0.016825,0.076596,-0.023326,-0.007476,0.000191,-11.751164,16.282978,84.443296
5.837423,-0.035126,-0.017022,0.076603,-0.024867,-0.002445,0.000142,-11.702410,16.221987,83.847058
5.877659,-0.036109,-0.017041,0.076607,-0.023600,0.003156,0.000088,-11.654080,16.161531,83.253634
5.917895,-0.037001,-0.016925,0.076610,-0.020054,0.004460,0.000029,-11.606185,16.101664,82.662959
5.958131,-0.037723,-0.016827,0.076610,-0.015125,0.000802,-0.000029,-11.558725,16.042431,82.074985
5.998366,-0.038237,-0.016870,0.076607,-0.009874,-0.004240,-0.000085,-11.511724,15.983895,81.489800
6.038602,-0.038549,-0.017046,0.076603,-0.005311,-0.006317,-0.000137,-11.465176,15.926050,80.907365
6.078838,-0.038701,-0.017240,0.076596,-0.002211,-0.003960,-0.000189,-11.419062,15.868847,80.327583
6.129390,-0.038777,-0.017327,0.076585,-0.000962,0.000743,-0.000261,-11.361719,15.797795,79.602828
6.179941,-0.038863,-0.017283,0.076570,-0.002619,0.002138,-0.000334,-11.305002,15.727559,78.882106
6.230493,-0.039083,-0.017243,0.076551,-0.006462,0.000233,-0.000403,-11.248871,15.658059,78.165384
6.281045,-0.039521,-0.017282,0.076529,-0.011340,-0.002103,-0.000463,-11.193302,15.589244,77.452653
6.331596,-0.040200,-0.017384,0.076505,-0.015988,-0.002720,-0.000514,-11.138320,15.521135,76.744017
6.382148,-0.041084,-0.017483,0.076477,-0.019349,-0.001605,-0.000560,-11.083909,15.453712,76.039339
6.432700,-0.042098,-0.017539,0.076448,-0.020809,-0.000260,-0.000603,-11.030059,15.386981,75.338469
6.489851,-0.043275,-0.017557,0.076412,-0.020136,0.000111,-0.000651,-10.969859,15.312417,74.550557
6.547002,-0.044363,-0.017583,0.076374,-0.017525,-0.000840,-0.000697,-10.910389,15.238839,73.767252
6.604153,-0.045280,-0.017653,0.076333,-0.014007,-0.001868,-0.000741,-10.851652,15.166285,72.988457
6.661303,-0.046000,-0.017751,0.076289,-0.010749,-0.001836,-0.000786,-10.793688,15.094809,72.214236
6.718454,-0.046564,-0.017830,0.076243,-0.008710,-0.000883,-0.000831,-10.736482,15.024376,71.444509
6.775605,-0.047052,-0.017869,0.076194,-0.008396,-0.000091,-0.000877,-10.679994,14.954906,70.679140
6.832756,-0.047564,-0.017885,0.076142,-0.009787,-0.000254,-0.000922,-10.624182,14.886316,69.918029
6.885012,-0.048136,-0.017918,0.076093,-0.012062,-0.000852,-0.000958,-10.573710,14.824308,69.225777
6.937267,-0.048835,-0.017970,0.076043,-0.014740,-0.001336,-0.000990,-10.523764,14.762957,68.536996
6.989523,-0.049665,-0.018030,0.075990,-0.017307,-0.001359,-0.001017,-10.474382,14.702304,67.851806
7.075196,-0.051267,-0.018115,0.075901,-0.020441,-0.000736,-0.001054,-10.394539,14.604258,66.735729
7.160870,-0.053049,-0.018167,0.075810,-0.021295,-0.000166,-0.001086,-10.316086,14.507968,65.628490
7.223449,-0.054364,-0.018189,0.075741,-0.020332,-0.000221,-0.001107,-10.259660,14.438771,64.825134
7.286028,-0.055602,-0.018220,0.075671,-0.018562,-0.000723,-0.001127,-10.203979,14.370562,64.026217
7.348608,-0.056723,-0.018272,0.075600,-0.016647,-0.001245,-0.001146,-10.149050,14.303363,63.231673
7.411187,-0.057734,-0.018338,0.075528,-0.015247,-0.001218,-0.001164,-10.094899,14.237203,62.441537
7.491033,-0.058939,-0.018404,0.075434,-0.014877,-0.000406,-0.001186,-10.026872,14.154191,61.439554
7.570880,-0.060167,-0.018427,0.075338,-0.016238,0.000346,-0.001208,-9.959983,14.072645,60.444309
7.586486,-0.060423,-0.018423,0.075319,-0.016699,0.000362,-0.001212,-9.947037,14.056866,60.250562
7.602091,-0.060687,-0.018419,0.075300,-0.017197,0.000299,-0.001216,-9.934131,14.041138,60.057065
7.617697,-0.060960,-0.018415,0.075281,-0.017725,0.000174,-0.001219,-9.921265,14.025459,59.863818
7.648909,-0.061531,-0.018416,0.075243,-0.018824,-0.000153,-0.001225,-9.895653,13.994251,59.478064
7.680120,-0.062136,-0.018426,0.075205,-0.019942,-0.000472,-0.001229,-9.870197,13.963240,59.093295
7.711332,-0.062775,-0.018443,0.075166,-0.021029,-0.000670,-0.001232,-9.844899,13.932423,58.709502
7.789448,-0.064513,-0.018456,0.075070,-0.023488,0.000288,-0.001237,-9.782293,13.856111,57.753159
7.798370,-0.064727,-0.018411,0.075059,-0.024224,0.007495,-0.001240,-9.775211,13.847466,57.644315
7.807292,-0.064946,-0.018313,0.075048,-0.024935,0.013963,-0.001246,-9.768147,13.838834,57.535553
7.816214,-0.065172,-0.018164,0.075037,-0.025619,0.019511,-0.001255,-9.761100,13.830215,57.426874
7.834058,-0.065640,-0.017745,0.075014,-0.026893,0.027501,-0.001281,-9.747058,13.813019,57.209761
7.851902,-0.066130,-0.017223,0.074991,-0.028026,0.030881,-0.001314,-9.733082,13.795878,56.992974
7.869746,-0.066639,-0.016677,0.074967,-0.029001,0.029676,-0.001347,-9.719161,13.778793,56.776501
7.887590,-0.067164,-0.016186,0.074943,-0.029805,0.024603,-0.001378,-9.705290,13.761766,56.560332
7.914247,-0.067969,-0.015684,0.074906,-0.030669,0.013217,-0.001408,-9.684646,13.736445,56.237962
7.936001,-0.068639,-0.015510,0.074875,-0.031079,0.002580,-0.001418,-9.667866,13.715887,55.975376
7.957754,-0.069316,-0.015547,0.074844,-0.031235,-0.007040,-0.001413,-9.651146,13.695428,55.713229
7.979508,-0.069993,-0.015759,0.074814,-0.031152,-0.014155,-0.001397,-9.634487,13.675071,55.451516
8.011401,-0.070979,-0.016279,0.074770,-0.030644,-0.018749,-0.001358,-9.610183,13.645407,55.068597
8.043294,-0.071945,-0.016846,0.074727,-0.029756,-0.015744,-0.001315,-9.586037,13.615959,54.686588
8.075188,-0.072877,-0.017241,0.074686,-0.028593,-0.007116,-0.001284,-9.562065,13.586723,54.305476
8.107081,-0.073769,-0.017338,0.074645,-0.027266,0.003137,-0.001273,-9.538283,13.557696,53.925247
8.138974,-0.074618,-0.017139,0.074604,-0.025879,0.010981,-0.001283,-9.514693,13.528877,53.545891
8.170867,-0.075422,-0.016750,0.074563,-0.024529,0.013892,-0.001308,-9.491289,13.500268,53.167400
8.202760,-0.076185,-0.016334,0.074521,-0.023297,0.011537,-0.001336,-9.468061,13.471873,52.789767
8.234653,-0.076912,-0.016039,0.074478,-0.022254,0.005534,-0.001355,-9.444994,13.443694,52.412986
8.266546,-0.077608,-0.015947,0.074435,-0.021455,-0.001437,-0.001360,-9.422078,13.415733,52.037052
8.298439,-0.078284,-0.016060,0.074391,-0.020943,-0.006758,-0.001350,-9.399318,13.387995,51.661987
8.339774,-0.079144,-0.016365,0.074336,-0.020743,-0.008844,-0.001324,-9.370058,13.352372,51.177190
8.381108,-0.080007,-0.016663,0.074282,-0.021079,-0.005710,-0.001297,-9.341063,13.317085,50.693816
8.422443,-0.080893,-0.016793,0.074228,-0.021916,0.000065,-0.001283,-9.312330,13.282102,50.211830
8.463777,-0.081823,-0.016705,0.074175,-0.023180,0.005226,-0.001284,-9.283855,13.247403,49.731209
8.505112,-0.082812,-0.016458,0.074122,-0.024767,0.007481,-0.001296,-9.255629,13.212979,49.251939
8.546446,-0.083871,-0.016175,0.074068,-0.026554,0.006350,-0.001310,-9.227639,13.178825,48.774011
8.587780,-0.085006,-0.015972,0.074014,-0.028418,0.003008,-0.001317,-9.199872,13.144942,48.297411
8.635807,-0.086422,-0.015917,0.073951,-0.030529,-0.001219,-0.001308,-9.167880,13.105912,47.745298
8.683834,-0.087935,-0.016030,0.073888,-0.032435,-0.003187,-0.001283,-9.136174,13.067245,47.194935
8.731860,-0.089534,-0.016172,0.073827,-0.034029,-0.001650,-0.001253,-9.104763,13.028940,46.646293
8.779887,-0.091200,-0.016194,0.073768,-0.035253,0.002031,-0.001232,-9.073659,12.990993,46.099342
8.827914,-0.092915,-0.016035,0.073709,-0.036098,0.005067,-0.001225,-9.042870,12.953407,45.554052
8.880854,-0.094842,-0.015739,0.073644,-0.036618,0.005458,-0.001228,-9.009298,12.912406,44.954875
8.933794,-0.096787,-0.015480,0.073579,-0.036776,0.002600,-0.001228,-8.976121,12.871891,44.357703
8.986734,-0.098732,-0.015395,0.073514,-0.036679,-0.000938,-0.001211,-8.943326,12.831870,43.762492
9.039674,-0.100668,-0.015482,0.073451,-0.036452,-0.001971,-0.001178,-8.910895,12.792328,43.169173
9.092613,-0.102592,-0.015579,0.073389,-0.036227,0.000661,-0.001143,-8.878825,12.753247,42.577691
9.145553,-0.104506,-0.015496,0.073329,-0.036125,0.005087,-0.001126,-8.847127,12.714611,41.988011
9.198493,-0.106419,-0.015173,0.073270,-0.036232,0.007782,-0.001132,-8.815803,12.676408,41.400111
9.251433,-0.108345,-0.014740,0.073209,-0.036599,0.006393,-0.001150,-8.784843,12.638635,40.813969
9.261336,-0.108708,-0.014675,0.073198,-0.036698,0.005650,-0.001152,-8.779089,12.631617,40.704523
9.271239,-0.109072,-0.014622,0.073187,-0.036806,0.004867,-0.001153,-8.773347,12.624615,40.595137
9.281141,-0.109437,-0.014577,0.073175,-0.036924,0.004082,-0.001152,-8.767617,12.617627,40.485812
9.291044,-0.109803,-0.014541,0.073164,-0.037051,0.003321,-0.001151,-8.761897,12.610655,40.376547
9.310849,-0.110540,-0.014489,0.073141,-0.037333,0.001942,-0.001147,-8.750493,12.596755,40.158197
9.330654,-0.111282,-0.014460,0.073118,-0.037651,0.000848,-0.001139,-8.739133,12.582914,39.940086
9.350460,-0.112032,-0.014450,0.073096,-0.038006,0.000099,-0.001130,-8.727819,12.569132,39.722214
9.370265,-0.112788,-0.014452,0.073074,-0.038395,-0.000270,-0.001119,-8.716549,12.555407,39.504578
9.390070,-0.113553,-0.014458,0.073052,-0.038817,-0.000255,-0.001108,-8.705325,12.541739,39.287178
9.449913,-0.115918,-0.014442,0.072986,-0.040270,0.001681,-0.001076,-8.671685,12.500775,38.631709
9.509756,-0.118376,-0.014270,0.072922,-0.041934,0.004804,-0.001060,-8.638460,12.460302,37.978345
9.569598,-0.120939,-0.013925,0.072859,-0.043724,0.006756,-0.001063,-8.605645,12.420306,37.327053
9.629441,-0.123610,-0.013511,0.072795,-0.045550,0.006417,-0.001073,-8.573252,12.380813,36.677848
9.689284,-0.126390,-0.013155,0.072731,-0.047334,0.004516,-0.001076,-8.541265,12.341820,36.030689
9.749127,-0.129274,-0.012921,0.072667,-0.049018,0.002894,-0.001064,-8.509659,12.303309,35.385507
9.808970,-0.132255,-0.012760,0.072604,-0.050572,0.003003,-0.001043,-8.478423,12.265267,34.742243
9.868813,-0.135324,-0.012557,0.072542,-0.051987,0.004847,-0.001026,-8.447560,12.227683,34.100856
9.941390,-0.139155,-0.012135,0.072467,-0.053535,0.007508,-0.001028,-8.410639,12.182713,33.325450
10.013967,-0.143092,-0.011522,0.072392,-0.054940,0.008306,-0.001058,-8.374278,12.138409,32.552692
10.086545,-0.147127,-0.010893,0.072314,-0.056259,0.006754,-0.001092,-8.338460,12.094774,31.782520
10.159122,-0.151257,-0.010427,0.072235,-0.057550,0.004992,-0.001106,-8.303163,12.051809,31.014868
10.231699,-0.155481,-0.010098,0.072155,-0.058869,0.005598,-0.001101,-8.268378,12.009506,30.249680
10.304277,-0.159803,-0.009677,0.072074,-0.060272,0.008647,-0.001112,-8.234110,11.967845,29.486900
10.376854,-0.164232,-0.008970,0.071991,-0.061808,0.011396,-0.001168,-8.200365,11.926804,28.726474
10.435613,-0.167904,-0.008232,0.071920,-0.063170,0.011538,-0.001244,-8.173423,11.894024,28.112522
10.494372,-0.171659,-0.007512,0.071845,-0.064635,0.009995,-0.001321,-8.146801,11.861644,27.500054
10.553130,-0.175502,-0.006925,0.071766,-0.066190,0.008212,-0.001379,-8.120485,11.829664,26.889043
10.611889,-0.179439,-0.006466,0.071684,-0.067819,0.007775,-0.001418,-8.094485,11.798102,26.279496
10.670647,-0.183473,-0.006021,0.071600,-0.069509,0.009283,-0.001458,-8.068802,11.766945,25.671382
10.729406,-0.187607,-0.005444,0.071512,-0.071252,0.011926,-0.001523,-8.043430,11.736168,25.064658
10.788165,-0.191846,-0.004684,0.071420,-0.073035,0.014346,-0.001626,-8.018361,11.705752,24.459287
10.846923,-0.196191,-0.003793,0.071321,-0.074839,0.015570,-0.001758,-7.993589,11.675693,23.855241
10.913054,-0.201207,-0.002734,0.071199,-0.076869,0.015471,-0.001925,-7.966054,11.642293,23.176965
10.979185,-0.206356,-0.001715,0.071067,-0.078870,0.014531,-0.002094,-7.938875,11.609349,22.500307
11.045316,-0.211637,-0.000763,0.070923,-0.080823,0.013654,-0.002258,-7.912045,11.576862,21.825231
11.111447,-0.217045,0.000151,0.070768,-0.082715,0.013675,-0.002423,-7.885559,11.544824,21.151701
11.198203,-0.224324,0.001409,0.070547,-0.085093,0.015314,-0.002666,-7.851335,11.503466,20.270393
11.268396,-0.230362,0.002548,0.070352,-0.086917,0.017627,-0.002901,-7.824078,11.470552,19.559180
11.338590,-0.236524,0.003841,0.070138,-0.088647,0.019927,-0.003184,-7.797209,11.438120,18.849574
11.408784,-0.242805,0.005282,0.069903,-0.090275,0.021521,-0.003516,-7.770723,11.406167,18.141534
11.478977,-0.249195,0.006817,0.069644,-0.091791,0.022135,-0.003887,-7.744614,11.374691,17.435019
11.574479,-0.258053,0.008945,0.069247,-0.093659,0.021934,-0.004431,-7.709684,11.332630,16.476153
11.669980,-0.267077,0.011061,0.068797,-0.095276,0.021616,-0.005009,-7.675423,11.291446,15.519933
11.765481,-0.276243,0.013180,0.068291,-0.096607,0.022195,-0.005623,-7.641821,11.251127,14.566260
11.860983,-0.285520,0.015384,0.067722,-0.097610,0.023918,-0.006297,-7.608874,11.211661,13.615033
11.956484,-0.294875,0.017756,0.067085,-0.098234,0.026238,-0.007056,-7.576580,11.173030,12.666153
12.051985,-0.304269,0.020330,0.066371,-0.098411,0.028268,-0.007916,-7.544934,11.135221,11.719517
12.147487,-0.313656,0.023067,0.065569,-0.098065,0.029354,-0.008867,-7.513928,11.098223,10.775023
12.242988,-0.322981,0.025885,0.064674,-0.097109,0.029404,-0.009889,-7.483550,11.062024,9.832563
12.338489,-0.332184,0.028698,0.063679,-0.095449,0.028841,-0.010953,-7.453787,11.026615,8.892030
12.433991,-0.341191,0.031461,0.062582,-0.092992,0.028284,-0.012042,-7.424634,10.991989,7.953314
12.529492,-0.349922,0.034177,0.061380,-0.089641,0.028156,-0.013150,-7.396094,10.958139,7.016306
12.624993,-0.358284,0.036884,0.060070,-0.085309,0.028428,-0.014286,-7.368148,10.925027,6.080881
12.720494,-0.366181,0.039610,0.058651,-0.079913,0.028739,-0.015450,-7.340776,10.892609,5.146914
12.827123,-0.374320,0.042663,0.056933,-0.072525,0.028546,-0.016772,-7.310866,10.857178,4.105695
12.933751,-0.381592,0.045653,0.055075,-0.063614,0.027307,-0.018076,-7.281610,10.822493,3.065962
13.040380,-0.387833,0.048464,0.053082,-0.053152,0.025015,-0.019304,-7.252960,10.788479,2.027541
13.147008,-0.392875,0.050996,0.050964,-0.041152,0.022169,-0.020398,-7.224863,10.755050,0.990265
13.248902,-0.396425,0.053122,0.048838,-0.028301,0.019514,-0.021288,-7.198470,10.723553,-0.000019
13.253637,-0.396558,0.053214,0.048738,-0.027673,0.019403,-0.021325,-7.197253,10.722099,-0.046020
13.374362,-0.398897,0.055380,0.046110,-0.010789,0.016689,-0.022161,-7.166495,10.685213,-1.218281
13.495087,-0.399109,0.057226,0.043395,0.007514,0.014149,-0.022764,-7.136159,10.648586,-2.389614
13.615811,-0.397049,0.058750,0.040622,0.026773,0.011204,-0.023116,-7.106112,10.612009,-3.560133
13.736536,-0.392638,0.059890,0.037825,0.046370,0.007554,-0.023179,-7.076208,10.575272,-4.729890
13.857261,-0.385879,0.060571,0.035039,0.065545,0.003494,-0.022924,-7.046292,10.538175,-5.898861
13.977986,-0.376873,0.060775,0.032302,0.083422,-0.000285,-0.022358,-7.016214,10.500535,-7.066939
14.098711,-0.365835,0.060566,0.029650,0.099068,-0.003228,-0.021524,-6.985843,10.462203,-8.233926
14.219436,-0.353088,0.060047,0.027112,0.111572,-0.005319,-0.020494,-6.955067,10.423072,-9.399542
14.340161,-0.339060,0.059300,0.024707,0.120153,-0.007015,-0.019330,-6.923777,10.383060,-10.563419
14.460886,-0.324259,0.058345,0.022448,0.124281,-0.008809,-0.018080,-6.891918,10.342179,-11.725148
14.581611,-0.309237,0.057166,0.020344,0.123791,-0.010795,-0.016780,-6.859477,10.300513,-12.884309
14.702335,-0.294536,0.055759,0.018397,0.118982,-0.012608,-0.015469,-6.826461,10.258174,-14.040481
14.823060,-0.280633,0.054170,0.016607,0.110658,-0.013802,-0.014192,-6.792890,10.215280,-15.193279
14.943785,-0.267885,0.052475,0.014967,0.100095,-0.014224,-0.012989,-6.758791,10.171933,-16.342382
15.064510,-0.256468,0.050750,0.013467,0.088926,-0.014195,-0.011886,-6.724181,10.128192,-17.487567
15.157908,-0.248540,0.049421,0.012394,0.081017,-0.014255,-0.011103,-6.697054,10.094082,-18.370757
15.251305,-0.241292,0.048080,0.011392,0.074579,-0.014603,-0.010368,-6.669601,10.059703,-19.251519
15.344702,-0.234554,0.046699,0.010457,0.070196,-0.015129,-0.009666,-6.641791,10.024992,-20.129873
15.438100,-0.228115,0.045274,0.009585,0.068206,-0.015437,-0.008986,-6.613584,9.989865,-21.005857
15.531497,-0.221748,0.043839,0.008777,0.068634,-0.015164,-0.008323,-6.584935,9.954224,-21.879512
15.634400,-0.214565,0.042312,0.007956,0.071512,-0.014299,-0.007618,-6.552808,9.914239,-22.839423
15.737303,-0.206992,0.040879,0.007208,0.076047,-0.013463,-0.006938,-6.520038,9.873388,-23.796551
15.840206,-0.198920,0.039504,0.006529,0.080975,-0.013289,-0.006270,-6.486584,9.831599,-24.750851
15.943109,-0.190380,0.038117,0.005918,0.084855,-0.013696,-0.005606,-6.452427,9.788856,-25.702217
15.961770,-0.188793,0.037859,0.005815,0.085325,-0.013765,-0.005485,-6.446158,9.781005,-25.874417
15.980431,-0.187197,0.037602,0.005713,0.085706,-0.013805,-0.005365,-6.439866,9.773125,-26.046513
15.999092,-0.185595,0.037344,0.005614,0.085994,-0.013812,-0.005245,-6.433552,9.765216,-26.218505
16.017753,-0.183988,0.037087,0.005518,0.086182,-0.013785,-0.005127,-6.427215,9.757279,-26.390391
16.055076,-0.180769,0.036575,0.005331,0.086242,-0.013634,-0.004892,-6.414479,9.741325,-26.733839
16.092398,-0.177557,0.036071,0.005152,0.085849,-0.013363,-0.004662,-6.401660,9.725269,-27.076847
16.129720,-0.174367,0.035578,0.004983,0.084983,-0.013004,-0.004437,-6.388762,9.709117,-27.419403
16.167042,-0.171220,0.035100,0.004821,0.083631,-0.012599,-0.004220,-6.375788,9.692877,-27.761495
16.244046,-0.164931,0.034160,0.004513,0.079344,-0.011810,-0.003795,-6.348796,9.659128,-28.465793
16.321050,-0.159043,0.033272,0.004236,0.073218,-0.011338,-0.003402,-6.321520,9.625093,-29.167947
16.398054,-0.153683,0.032406,0.003988,0.065717,-0.011271,-0.003038,-6.293975,9.590826,-29.867848
16.475059,-0.148932,0.031538,0.003767,0.057513,-0.011373,-0.002702,-6.266189,9.556380,-30.565439
16.552063,-0.144815,0.030667,0.003571,0.049400,-0.011265,-0.002392,-6.238185,9.521792,-31.260692
16.629067,-0.141296,0.029818,0.003398,0.042195,-0.010756,-0.002109,-6.209965,9.487059,-31.953594
16.706071,-0.138273,0.029016,0.003246,0.036632,-0.010006,-0.001852,-6.181516,9.452142,-32.644144
16.783075,-0.135599,0.028268,0.003113,0.033251,-0.009391,-0.001615,-6.152806,9.416976,-33.332355
16.860079,-0.133094,0.027553,0.002997,0.032302,-0.009164,-0.001391,-6.123798,9.381481,-34.018255
16.937083,-0.130571,0.026845,0.002898,0.033691,-0.009235,-0.001170,-6.094446,9.345570,-34.701873
17.014087,-0.127866,0.026134,0.002817,0.036974,-0.009258,-0.000948,-6.064711,9.309162,-35.383233
17.145590,-0.122530,0.024945,0.002717,0.044851,-0.008647,-0.000564,-6.012971,9.245678,-36.541586
17.233191,-0.118396,0.024223,0.002678,0.049546,-0.007703,-0.000309,-5.977808,9.202415,-37.309530
17.320792,-0.113920,0.023569,0.002662,0.052172,-0.007131,-0.000060,-5.942115,9.158420,-38.074413
17.408393,-0.109334,0.022940,0.002668,0.051798,-0.007305,0.000183,-5.905942,9.113801,-38.836109
17.495995,-0.104922,0.022289,0.002694,0.048169,-0.007702,0.000419,-5.869351,9.068697,-39.594466
17.583596,-0.100952,0.021625,0.002741,0.041802,-0.007485,0.000641,-5.832388,9.023218,-40.349276
17.686146,-0.097112,0.020913,0.002818,0.032489,-0.006577,0.000871,-5.788733,8.969652,-41.228270
17.764718,-0.094826,0.020437,0.002893,0.025573,-0.005901,0.001025,-5.755049,8.928439,-41.898333
17.843291,-0.093041,0.019985,0.002979,0.020149,-0.005843,0.001166,-5.721155,8.887066,-42.565441
17.921863,-0.091598,0.019513,0.003076,0.017115,-0.006195,0.001299,-5.687018,8.845469,-43.229608
18.000435,-0.090287,0.019023,0.003183,0.016870,-0.006248,0.001431,-5.652588,8.803547,-43.890858
18.079007,-0.088892,0.018554,0.003301,0.019203,-0.005635,0.001561,-5.617815,8.761191,-44.549220
18.157580,-0.087238,0.018144,0.003428,0.023332,-0.004822,0.001689,-5.582657,8.718310,-45.204712
18.236152,-0.085227,0.017777,0.003566,0.028068,-0.004578,0.001818,-5.547090,8.674848,-45.857332
18.314724,-0.082862,0.017399,0.003715,0.032085,-0.005014,0.001952,-5.511108,8.630802,-46.507051
18.393297,-0.080245,0.016986,0.003873,0.034236,-0.005386,0.002090,-5.474733,8.586223,-47.153812
18.471869,-0.077552,0.016577,0.004043,0.033834,-0.004999,0.002227,-5.437999,8.541179,-47.797485
18.550441,-0.074990,0.016227,0.004223,0.030837,-0.004125,0.002356,-5.400954,8.495761,-48.437941
18.629013,-0.072744,0.015928,0.004413,0.025871,-0.003673,0.002473,-5.363663,8.450087,-49.075135
18.707586,-0.070927,0.015621,0.004612,0.020078,-0.004000,0.002584,-5.326173,8.404247,-49.709058
18.786158,-0.069553,0.015275,0.004819,0.014821,-0.004445,0.002688,-5.288501,8.358272,-50.339701
18.864730,-0.068537,0.014927,0.005034,0.011333,-0.004093,0.002787,-5.250635,8.312131,-50.967055
18.943302,-0.067709,0.014629,0.005256,0.010352,-0.003182,0.002879,-5.212540,8.265742,-51.591130
18.955043,-0.067588,0.014572,0.005290,0.010263,-0.005641,0.002893,-5.206825,8.258780,-51.684105
18.966784,-0.067468,0.014492,0.005324,0.010236,-0.007803,0.002909,-5.201105,8.251809,-51.777007
18.978525,-0.067342,0.014469,0.005358,0.010955,0.000553,0.002921,-5.195384,8.244822,-51.869837
19.002007,-0.067064,0.014657,0.005427,0.012500,0.014193,0.002931,-5.183935,8.230801,-52.055283
19.025489,-0.066750,0.015081,0.005496,0.014169,0.023068,0.002926,-5.172474,8.216716,-52.240443
19.048971,-0.066396,0.015637,0.005564,0.015916,0.026416,0.002914,-5.160994,8.202569,-52.425318
19.076028,-0.065938,0.016321,0.005643,0.017974,0.023598,0.002899,-5.147733,8.186196,-52.637984
19.103085,-0.065425,0.016864,0.005721,0.019998,0.014736,0.002894,-5.134423,8.169752,-52.850272
19.130142,-0.064859,0.017122,0.005800,0.021903,0.002422,0.002908,-5.121050,8.153244,-53.062182
19.157199,-0.064243,0.017039,0.005879,0.023616,-0.009990,0.002944,-5.107610,8.136678,-53.273712
19.184256,-0.063583,0.016651,0.005959,0.025071,-0.019412,0.002999,-5.094104,8.120057,-53.484861
19.211313,-0.062889,0.016068,0.006041,0.026214,-0.023821,0.003066,-5.080538,8.103382,-53.695625
19.238370,-0.062168,0.015432,0.006125,0.027001,-0.022662,0.003135,-5.066926,8.086652,-53.906001
19.265426,-0.061432,0.014885,0.006211,0.027402,-0.016839,0.003198,-5.053280,8.069867,-54.115983
19.292483,-0.060689,0.014530,0.006298,0.027402,-0.008332,0.003250,-5.039613,8.053028,-54.325569
19.319540,-0.059953,0.014411,0.006386,0.027000,0.000416,0.003287,-5.025933,8.036138,-54.534754
19.351747,-0.059098,0.014534,0.006493,0.026022,0.008099,0.003316,-5.009631,8.015969,-54.783211
19.383954,-0.058282,0.014829,0.006600,0.024551,0.010817,0.003334,-4.993306,7.995741,-55.031060
19.416161,-0.057521,0.015135,0.006708,0.022663,0.008358,0.003352,-4.976950,7.975464,-55.278290
19.448367,-0.056825,0.015309,0.006816,0.020457,0.002277,0.003376,-4.960559,7.955157,-55.524912
19.496614,-0.055924,0.015182,0.006980,0.016809,-0.008376,0.003432,-4.935935,7.924706,-55.893239
19.544860,-0.055202,0.014628,0.007147,0.013123,-0.013814,0.003506,-4.911236,7.894235,-56.260233
19.579978,-0.054786,0.014150,0.007271,0.010669,-0.010872,0.003563,-4.893222,7.872041,-56.526530
19.615095,-0.054450,0.013833,0.007397,0.008573,-0.003951,0.003609,-4.875194,7.849820,-56.792122
19.650213,-0.054179,0.013800,0.007525,0.006950,0.002954,0.003639,-4.857158,7.827557,-57.057007
19.685330,-0.053956,0.013991,0.007653,0.005883,0.005969,0.003657,-4.839111,7.805245,-57.321187
19.720448,-0.053760,0.014214,0.007782,0.005417,0.003480,0.003673,-4.821035,7.782880,-57.584666
19.755565,-0.053569,0.014275,0.007911,0.005556,-0.002689,0.003697,-4.802911,7.760459,-57.847448
19.790683,-0.053363,0.014087,0.008042,0.006262,-0.008446,0.003734,-4.784723,7.737976,-58.109538
19.825800,-0.053123,0.013723,0.008173,0.007458,-0.010190,0.003781,-4.766469,7.715420,-58.370936
19.859405,-0.052849,0.013378,0.008301,0.008960,-0.007584,0.003825,-4.748948,7.693755,-58.620431
19.893010,-0.052520,0.013170,0.008430,0.010692,-0.002597,0.003863,-4.731381,7.671999,-58.869294
19.926616,-0.052131,0.013139,0.008561,0.012528,0.002094,0.003892,-4.713773,7.650145,-59.117525
19.960221,-0.051681,0.013239,0.008692,0.014334,0.004311,0.003916,-4.696122,7.628194,-59.365123
20.007898,-0.050945,0.013412,0.008879,0.016606,0.002495,0.003949,-4.670996,7.596895,-59.715312
20.047102,-0.050267,0.013431,0.009035,0.018013,-0.002266,0.003983,-4.650254,7.571032,-60.002304
20.086306,-0.049544,0.013273,0.009192,0.018862,-0.006762,0.004026,-4.629436,7.545070,-60.288424
20.125510,-0.048800,0.012990,0.009351,0.019075,-0.008495,0.004074,-4.608550,7.519020,-60.573657
20.164714,-0.048059,0.012697,0.009511,0.018633,-0.006765,0.004123,-4.587603,7.492883,-60.857964
20.203918,-0.047347,0.012502,0.009674,0.017581,-0.002849,0.004166,-4.566608,7.466663,-61.141316
20.243123,-0.046686,0.012450,0.009838,0.016019,0.000907,0.004201,-4.545579,7.440375,-61.423722
20.282327,-0.046093,0.012504,0.010003,0.014093,0.002493,0.004231,-4.524528,7.414037,-61.705201
20.345479,-0.045303,0.012592,0.010272,0.010691,0.000323,0.004276,-4.490565,7.371534,-62.156694
20.392213,-0.044855,0.012540,0.010473,0.008316,-0.004083,0.004313,-4.465391,7.340038,-62.489287
20.438947,-0.044510,0.012328,0.010675,0.006402,-0.007208,0.004355,-4.440173,7.308503,-62.820582
20.485681,-0.044242,0.012024,0.010880,0.005186,-0.006745,0.004400,-4.414908,7.276916,-63.150581
20.532415,-0.044013,0.011780,0.011086,0.004793,-0.002798,0.004441,-4.389598,7.245253,-63.479286
20.579149,-0.043783,0.011714,0.011294,0.005227,0.002050,0.004475,-4.364244,7.213490,-63.806701
20.625883,-0.043516,0.011815,0.011504,0.006374,0.004250,0.004501,-4.338839,7.181604,-64.132829
20.672617,-0.043184,0.011950,0.011715,0.008016,0.001916,0.004527,-4.313369,7.149586,-64.457676
20.717727,-0.042785,0.011953,0.011920,0.009810,-0.003380,0.004558,-4.288706,7.118550,-64.770020
20.762837,-0.042306,0.011752,0.012127,0.011532,-0.007991,0.004597,-4.263957,7.087391,-65.081172
20.807947,-0.041757,0.011416,0.012335,0.012924,-0.008463,0.004643,-4.239127,7.056110,-65.391127
20.853057,-0.041156,0.011122,0.012545,0.013782,-0.004075,0.004686,-4.214233,7.024712,-65.699880
20.898168,-0.040529,0.011031,0.012758,0.013981,0.002351,0.004722,-4.189298,6.993204,-66.007423
20.943278,-0.039905,0.011167,0.012971,0.013492,0.006204,0.004748,-4.164334,6.961601,-66.313749
20.988388,-0.039316,0.011386,0.013186,0.012386,0.004400,0.004770,-4.139337,6.929914,-66.618811
21.032904,-0.038793,0.011470,0.013399,0.010848,-0.002070,0.004797,-4.114621,6.898578,-66.918577
21.077420,-0.038346,0.011294,0.013613,0.009086,-0.008724,0.004832,-4.089851,6.867193,-67.217067
21.121936,-0.037980,0.010914,0.013829,0.007348,-0.010571,0.004873,-4.065039,6.835774,-67.514318
21.166453,-0.037686,0.010548,0.014047,0.005867,-0.005804,0.004912,-4.040201,6.804320,-67.810357
21.210969,-0.037449,0.010421,0.014266,0.004834,0.002523,0.004942,-4.015356,6.772815,-68.105191
21.255485,-0.037246,0.010590,0.014486,0.004366,0.007531,0.004960,-3.990509,6.741244,-68.398824
21.300001,-0.037048,0.010846,0.014708,0.004483,0.005643,0.004975,-3.965641,6.709599,-68.691259
21.338212,-0.036866,0.010955,0.014898,0.005013,-0.000515,0.004992,-3.944260,6.682375,-68.941321
21.376423,-0.036661,0.010851,0.015089,0.005853,-0.006793,0.005016,-3.922834,6.655093,-69.190504
21.414634,-0.036420,0.010575,0.015282,0.006890,-0.009378,0.005047,-3.901359,6.627748,-69.438810
21.452845,-0.036139,0.010273,0.015475,0.007989,-0.006806,0.005078,-3.879844,6.600331,-69.686239
21.496343,-0.035769,0.010100,0.015696,0.009138,-0.000376,0.005108,-3.855320,6.569024,-69.966834
21.539841,-0.035353,0.010162,0.015919,0.010004,0.004797,0.005130,-3.830773,6.537616,-70.246289
21.583339,-0.034905,0.010343,0.016143,0.010454,0.004971,0.005148,-3.806200,6.506118,-70.524600
21.626838,-0.034448,0.010454,0.016367,0.010424,0.000528,0.005168,-3.781595,6.474548,-70.801764
21.664492,-0.034064,0.010400,0.016562,0.010026,-0.003791,0.005190,-3.760265,6.447176,-71.040768
21.702147,-0.033701,0.010237,0.016758,0.009344,-0.005965,0.005215,-3.738912,6.419772,-71.278908
21.739802,-0.033368,0.010046,0.016955,0.008467,-0.005800,0.005241,-3.717544,6.392338,-71.516181
21.793504,-0.032953,0.009872,0.017237,0.007084,-0.002385,0.005273,-3.687057,6.353162,-71.853066
21.837455,-0.032666,0.009833,0.017469,0.005978,0.000580,0.005295,-3.662091,6.321043,-72.127394
21.881405,-0.032421,0.009864,0.017702,0.005054,0.001870,0.005314,-3.637106,6.288866,-72.400452
21.925356,-0.032208,0.009902,0.017936,0.004421,0.001198,0.005332,-3.612100,6.256634,-72.672259
21.983346,-0.031950,0.009864,0.018246,0.004151,-0.000935,0.005359,-3.579073,6.214028,-73.029066
22.041337,-0.031692,0.009760,0.018558,0.004476,-0.002064,0.005386,-3.546006,6.171324,-73.383811
22.099327,-0.031404,0.009656,0.018871,0.005236,-0.001920,0.005414,-3.512899,6.128507,-73.736505
22.180262,-0.030923,0.009549,0.019311,0.006482,-0.001078,0.005450,-3.466628,6.068547,-74.225324
22.261196,-0.030361,0.009480,0.019753,0.007430,-0.000629,0.005486,-3.420288,6.008358,-74.710160
22.342131,-0.029760,0.009414,0.020199,0.007677,-0.000841,0.005520,-3.373892,5.947967,-75.191011
22.378955,-0.029476,0.009406,0.020402,0.007818,0.000021,0.005535,-3.352765,5.920431,-75.408474
22.402520,-0.029338,0.009222,0.020533,0.004884,-0.011625,0.005549,-3.339230,5.902871,-75.547190
22.406255,-0.029325,0.009155,0.020554,0.003387,-0.018104,0.005552,-3.337084,5.900097,-75.569134
22.409989,-0.029318,0.009064,0.020574,0.001905,-0.024157,0.005556,-3.334937,5.897328,-75.591069
22.417457,-0.029315,0.008843,0.020616,-0.001022,-0.035317,0.005564,-3.330642,5.891796,-75.634920
22.424925,-0.029333,0.008548,0.020657,-0.003876,-0.044463,0.005574,-3.326346,5.886280,-75.678734
22.432393,-0.029372,0.008194,0.020699,-0.006643,-0.051411,0.005586,-3.322049,5.880779,-75.722512
22.456549,-0.029633,0.006832,0.020835,-0.014864,-0.058681,0.005630,-3.308158,5.863073,-75.863859
22.476584,-0.029990,0.005734,0.020948,-0.020630,-0.047879,0.005665,-3.296663,5.848473,-75.980802
22.496619,-0.030450,0.004951,0.021061,-0.025232,-0.026211,0.005691,-3.285208,5.833929,-76.097485
22.516654,-0.030991,0.004641,0.021176,-0.028532,-0.000471,0.005703,-3.273804,5.819420,-76.213906
22.536689,-0.031584,0.004829,0.021290,-0.030444,0.022202,0.005700,-3.262449,5.804925,-76.330060
22.560801,-0.032327,0.005532,0.021427,-0.030869,0.037984,0.005681,-3.248828,5.787480,-76.469498
22.584914,-0.033056,0.006446,0.021564,-0.029285,0.037778,0.005655,-3.235225,5.770018,-76.608551
22.609027,-0.033725,0.007211,0.021700,-0.025840,0.023846,0.005633,-3.221602,5.752525,-76.747226
22.633139,-0.034292,0.007569,0.021836,-0.020784,0.002969,0.005624,-3.207924,5.734988,-76.885531
22.662277,-0.034789,0.007339,0.022000,-0.012990,-0.019835,0.005636,-3.191295,5.713718,-77.052196
22.686227,-0.035013,0.006729,0.022135,-0.005670,-0.028186,0.005661,-3.177542,5.696155,-77.188822
22.710177,-0.035057,0.006042,0.022271,0.001996,-0.024163,0.005690,-3.163726,5.678500,-77.325127
22.734127,-0.034918,0.005571,0.022407,0.009565,-0.010919,0.005712,-3.149871,5.660740,-77.461112
22.758077,-0.034603,0.005477,0.022544,0.016621,0.004590,0.005723,-3.135992,5.642868,-77.596772
22.782027,-0.034129,0.005734,0.022681,0.022794,0.015366,0.005723,-3.122097,5.624891,-77.732106
22.805977,-0.033520,0.006168,0.022818,0.027773,0.017585,0.005718,-3.108181,5.606826,-77.867110
22.829927,-0.032809,0.006559,0.022955,0.031326,0.011776,0.005716,-3.094236,5.588696,-78.001783
22.853877,-0.032032,0.006744,0.023092,0.033305,0.001834,0.005720,-3.080257,5.570529,-78.136120
22.887703,-0.030896,0.006586,0.023286,0.033335,-0.010648,0.005740,-3.060465,5.544852,-78.325274
22.915121,-0.030010,0.006234,0.023444,0.031080,-0.012791,0.005762,-3.044403,5.524060,-78.478081
22.942539,-0.029209,0.005916,0.023602,0.027035,-0.007542,0.005782,-3.028355,5.503311,-78.630424
22.969956,-0.028539,0.005798,0.023761,0.021563,0.001008,0.005794,-3.012346,5.482626,-78.782295
22.997374,-0.028034,0.005911,0.023920,0.015126,0.007620,0.005800,-2.996392,5.462022,-78.933691
23.024791,-0.027714,0.006156,0.024079,0.008239,0.008914,0.005801,-2.980495,5.441517,-79.084608
23.061941,-0.027577,0.006455,0.024294,-0.000887,0.003131,0.005801,-2.959031,5.413904,-79.288331
23.092460,-0.027704,0.006482,0.024471,-0.007413,-0.004568,0.005805,-2.941443,5.391368,-79.455040
23.122979,-0.028009,0.006303,0.024649,-0.012465,-0.009602,0.005814,-2.923886,5.368952,-79.621164
23.153499,-0.028441,0.006027,0.024826,-0.015642,-0.008988,0.005825,-2.906352,5.346626,-79.786710
23.184018,-0.028940,0.005818,0.025004,-0.016731,-0.003315,0.005833,-2.888839,5.324353,-79.951684
23.214538,-0.029442,0.005790,0.025182,-0.015724,0.003922,0.005836,-2.871343,5.302093,-80.116095
23.245057,-0.029883,0.005949,0.025360,-0.012808,0.008454,0.005834,-2.853851,5.279808,-80.279952
23.275576,-0.030212,0.006188,0.025538,-0.008345,0.007724,0.005831,-2.836344,5.257470,-80.443262
23.314897,-0.030410,0.006370,0.025768,-0.001147,0.001139,0.005831,-2.813730,5.228584,-80.652871
23.346899,-0.030352,0.006322,0.025954,0.005170,-0.005376,0.005838,-2.795259,5.204969,-80.822810
23.378901,-0.030095,0.006123,0.026141,0.011157,-0.008353,0.005850,-2.776727,5.181257,-80.992161
23.410902,-0.029660,0.005892,0.026329,0.016185,-0.006177,0.005864,-2.758145,5.157452,-81.160922
23.442904,-0.029085,0.005767,0.026516,0.019754,-0.000500,0.005875,-2.739532,5.133568,-81.329081
23.474906,-0.028422,0.005813,0.026705,0.021541,0.004973,0.005882,-2.720904,5.109626,-81.496604
23.506908,-0.027729,0.005985,0.026893,0.021430,0.006851,0.005885,-2.702272,5.085655,-81.663468
23.538910,-0.027068,0.006163,0.027081,0.019512,0.004158,0.005888,-2.683644,5.061695,-81.829661
23.576115,-0.026409,0.006225,0.027300,0.015420,-0.001671,0.005895,-2.661996,5.033898,-82.022029
23.613320,-0.025929,0.006106,0.027520,0.009982,-0.005805,0.005905,-2.640375,5.006213,-82.213520
23.650525,-0.025662,0.005913,0.027740,0.004044,-0.005333,0.005915,-2.618801,4.978664,-82.404154
23.687730,-0.025610,0.005794,0.027960,-0.001512,-0.001188,0.005922,-2.597288,4.951256,-82.593939
23.724936,-0.025745,0.005818,0.028180,-0.005901,0.003152,0.005925,-2.575839,4.923973,-82.782881
23.762141,-0.026013,0.005943,0.028401,-0.008541,0.004437,0.005923,-2.554441,4.896788,-82.970984
23.799346,-0.026344,0.006060,0.028621,-0.009136,0.002069,0.005922,-2.533070,4.869668,-83.158259
23.836551,-0.026662,0.006076,0.028842,-0.007702,-0.001754,0.005923,-2.511701,4.842572,-83.344715
23.873756,-0.026898,0.005984,0.029062,-0.004559,-0.003977,0.005926,-2.490314,4.815462,-83.530362
23.910961,-0.026995,0.005861,0.029283,-0.000268,-0.003112,0.005932,-2.468900,4.788303,-83.715207
23.953377,-0.026902,0.005799,0.029534,0.005100,-0.000031,0.005937,-2.444455,4.757253,-83.924966
23.995792,-0.026590,0.005840,0.029786,0.009955,0.002121,0.005940,-2.419976,4.726102,-84.133692
24.038208,-0.026098,0.005914,0.030038,0.013387,0.001816,0.005943,-2.395469,4.694874,-84.341381
24.080623,-0.025502,0.005944,0.030290,0.014806,0.000001,0.005948,-2.370944,4.663608,-84.548029
24.127443,-0.024829,0.005912,0.030569,0.013868,-0.001382,0.005954,-2.343876,4.629116,-84.774916
24.174263,-0.024251,0.005862,0.030848,0.010680,-0.001274,0.005960,-2.316841,4.594710,-85.000511
24.221082,-0.023853,0.005836,0.031127,0.006117,-0.000501,0.005964,-2.289866,4.560440,-85.224807
24.267902,-0.023671,0.005832,0.031406,0.001327,0.000203,0.005966,-2.262963,4.526336,-85.447802
24.319747,-0.023704,0.005846,0.031716,-0.002929,0.000433,0.005966,-2.233254,4.488759,-85.693214
24.371591,-0.023904,0.005856,0.032025,-0.004975,-0.000007,0.005965,-2.203613,4.451344,-85.937046
24.423436,-0.024148,0.005845,0.032334,-0.004342,-0.000524,0.005964,-2.174006,4.414016,-86.179256
24.475280,-0.024306,0.005821,0.032643,-0.001366,-0.000531,0.005963,-2.144396,4.376691,-86.419804
24.519205,-0.024289,0.005807,0.032905,0.002132,-0.000203,0.005963,-2.119287,4.345018,-86.622295
24.563130,-0.024118,0.005805,0.033167,0.005655,0.000062,0.005963,-2.094157,4.313291,-86.823620
24.607056,-0.023812,0.005806,0.033429,0.008492,0.000099,0.005963,-2.069015,4.281525,-87.023827
24.682444,-0.023087,0.005806,0.033879,0.010732,-0.000140,0.005964,-2.025865,4.226983,-87.364845
24.735160,-0.022549,0.005796,0.034193,0.009579,-0.000303,0.005965,-1.995722,4.188899,-87.601385
24.787876,-0.022115,0.005784,0.034507,0.006560,-0.000205,0.005965,-1.965637,4.150937,-87.836340
24.840592,-0.021859,0.005780,0.034822,0.002709,-0.000010,0.005963,-1.935628,4.113147,-88.069702
24.893308,-0.021797,0.005782,0.035136,-0.000716,0.000021,0.005960,-1.905702,4.075543,-88.301471
24.952946,-0.021892,0.005782,0.035491,-0.002770,-0.000149,0.005955,-1.871934,4.033197,-88.561761
25.012584,-0.022461,0.005462,0.035847,-0.015124,-0.007375,0.005953,-1.838365,3.991577,-88.819961
25.018815,-0.022594,0.005371,0.035884,-0.024742,-0.017263,0.005954,-1.834878,3.987310,-88.846812
25.025046,-0.022780,0.005234,0.035921,-0.034093,-0.025879,0.005955,-1.831400,3.983080,-88.873637
25.031277,-0.023021,0.005051,0.035958,-0.043137,-0.033000,0.005957,-1.827932,3.978889,-88.900435
25.043739,-0.023663,0.004593,0.036032,-0.060089,-0.042177,0.005963,-1.821026,3.970620,-88.953949
25.056201,-0.024503,0.004070,0.036107,-0.075345,-0.044645,0.005970,-1.814162,3.962492,-89.007358
25.068663,-0.025519,0.003555,0.036181,-0.088662,-0.040957,0.005977,-1.807341,3.954492,-89.060663
25.085418,-0.027129,0.002968,0.036281,-0.103220,-0.028070,0.005985,-1.798239,3.943914,-89.132171
25.102174,-0.028951,0.002625,0.036381,-0.113523,-0.010017,0.005987,-1.789213,3.933502,-89.203500
25.118929,-0.030908,0.002589,0.036482,-0.119277,0.008256,0.005981,-1.780254,3.923207,-89.274657
25.135685,-0.032922,0.002833,0.036582,-0.120407,0.022338,0.005966,-1.771346,3.912987,-89.345650
25.156401,-0.035379,0.003372,0.036705,-0.115611,0.030178,0.005938,-1.760370,3.900390,-89.433211
25.177117,-0.037671,0.003965,0.036828,-0.104460,0.026326,0.005906,-1.749393,3.887767,-89.520548
25.197834,-0.039675,0.004399,0.036950,-0.087795,0.013706,0.005880,-1.738369,3.875049,-89.607675
25.218550,-0.041288,0.004544,0.037072,-0.066734,-0.002027,0.005865,-1.727262,3.862177,-89.694603
25.242890,-0.042575,0.004323,0.037214,-0.038143,-0.016470,0.005865,-1.714075,3.846789,-89.796494
25.267230,-0.043133,0.003841,0.037357,-0.007645,-0.020236,0.005879,-1.700728,3.831062,-89.898131
25.291570,-0.042950,0.003393,0.037500,0.022283,-0.012411,0.005895,-1.687236,3.814968,-89.999515
25.315910,-0.042069,0.003223,0.037644,0.049344,0.001380,0.005901,-1.673627,3.798514,-90.100632
25.340250,-0.040584,0.003388,0.037788,0.071609,0.012741,0.005895,-1.659925,3.781741,-90.201462
25.367998,-0.038328,0.003805,0.037951,0.089309,0.015886,0.005883,-1.644218,3.762324,-90.316034
25.395746,-0.035709,0.004171,0.038114,0.097591,0.008361,0.005876,-1.628445,3.742732,-90.430184
25.423494,-0.032994,0.004269,0.038277,0.096123,-0.003364,0.005879,-1.612644,3.723127,-90.543890
25.451242,-0.030448,0.004083,0.038440,0.085560,-0.011081,0.005891,-1.596865,3.703668,-90.657131
25.478991,-0.028305,0.003781,0.038604,0.067431,-0.010249,0.005903,-1.581170,3.684493,-90.769885
25.506739,-0.026746,0.003585,0.038768,0.043947,-0.002437,0.005908,-1.565619,3.665714,-90.882150
25.534487,-0.025883,0.003621,0.038932,0.017749,0.006487,0.005906,-1.550253,3.647406,-90.993931
25.562235,-0.025754,0.003852,0.039096,-0.008383,0.010697,0.005895,-1.535085,3.629602,-91.105233
25.592848,-0.026410,0.004160,0.039276,-0.034048,0.007813,0.005880,-1.518561,3.610535,-91.227478
25.623462,-0.027757,0.004314,0.039456,-0.053578,0.000049,0.005865,-1.502215,3.592002,-91.349158
25.654075,-0.029579,0.004246,0.039635,-0.064955,-0.006600,0.005853,-1.485995,3.573892,-91.470290
25.684689,-0.031617,0.004046,0.039814,-0.067244,-0.007675,0.005846,-1.469853,3.556057,-91.590899
25.710122,-0.033277,0.003892,0.039963,-0.062275,-0.003821,0.005839,-1.456469,3.541332,-91.690717
25.735555,-0.034745,0.003848,0.040111,-0.051829,0.002026,0.005830,-1.443084,3.526589,-91.790204
25.760988,-0.035893,0.003939,0.040259,-0.037069,0.006688,0.005818,-1.429673,3.511748,-91.889371
25.786421,-0.036627,0.004113,0.040407,-0.019477,0.007720,0.005804,-1.416214,3.496749,-91.988227
25.814438,-0.036899,0.004288,0.040570,0.001183,0.004420,0.005792,-1.401310,3.480003,-92.096771
25.842455,-0.036599,0.004352,0.040732,0.021034,-0.001126,0.005785,-1.386311,3.463013,-92.204947
25.870472,-0.035778,0.004281,0.040894,0.038039,-0.005286,0.005786,-1.371221,3.445799,-92.312752
25.898489,-0.034536,0.004138,0.041056,0.050548,-0.005587,0.005790,-1.356063,3.428413,-92.420178
25.932019,-0.032706,0.004021,0.041250,0.058186,-0.001585,0.005794,-1.337884,3.407492,-92.548230
25.965549,-0.030758,0.004048,0.041444,0.057240,0.003342,0.005793,-1.319724,3.386592,-92.675703
25.993110,-0.029264,0.004167,0.041604,0.050349,0.005427,0.005790,-1.304851,3.369543,-92.780035
26.020671,-0.028017,0.004305,0.041764,0.038985,0.004492,0.005785,-1.290053,3.352707,-92.883951
26.048233,-0.027126,0.004395,0.041923,0.024554,0.001369,0.005780,-1.275350,3.336156,-92.987443
26.075794,-0.026655,0.004400,0.042082,0.008704,-0.001841,0.005776,-1.260752,3.319935,-93.090506
26.107102,-0.026654,0.004323,0.042263,-0.008857,-0.003148,0.005771,-1.244303,3.301935,-93.207059
26.138411,-0.027178,0.004238,0.042444,-0.023664,-0.000936,0.005764,-1.227997,3.284371,-93.323060
26.169720,-0.028100,0.004246,0.042624,-0.033819,0.002900,0.005753,-1.211819,3.267175,-93.438519
26.201028,-0.029250,0.004361,0.042804,-0.038221,0.004882,0.005738,-1.195741,3.250250,-93.553449
26.232337,-0.030442,0.004499,0.042983,-0.036657,0.003131,0.005721,-1.179721,3.233492,-93.667865
26.263645,-0.031499,0.004555,0.043162,-0.029737,-0.000833,0.005708,-1.163716,3.216795,-93.781783
26.294954,-0.032271,0.004496,0.043341,-0.018750,-0.003446,0.005699,-1.147691,3.200069,-93.895214
26.326262,-0.032656,0.004395,0.043519,-0.005449,-0.002381,0.005693,-1.131630,3.183246,-94.008168
26.357571,-0.032613,0.004360,0.043697,0.008203,0.001326,0.005686,-1.115531,3.166289,-94.120649
26.388879,-0.032160,0.004436,0.043875,0.020312,0.004246,0.005678,-1.099399,3.149198,-94.232642
26.420188,-0.031372,0.004569,0.044053,0.029310,0.003725,0.005670,-1.083244,3.132010,-94.344121
26.458026,-0.030136,0.004674,0.044267,0.034690,-0.000169,0.005663,-1.063706,3.111201,-94.478144
26.495865,-0.028823,0.004642,0.044481,0.033564,-0.003503,0.005660,-1.044189,3.090489,-94.611372
26.533703,-0.027665,0.004544,0.044695,0.026580,-0.003104,0.005658,-1.024741,3.070016,-94.743793
26.571541,-0.026847,0.004498,0.044909,0.015457,0.000506,0.005653,-1.005408,3.049895,-94.875395
26.609380,-0.026482,0.004562,0.045123,0.002621,0.003953,0.005642,-0.986224,3.030206,-95.006202
26.647218,-0.026587,0.004691,0.045336,-0.009297,0.004369,0.005628,-0.967194,3.010973,-95.136242
26.685056,-0.027089,0.004790,0.045549,-0.017989,0.001841,0.005613,-0.948301,2.992167,-95.265534
26.728351,-0.027950,0.004799,0.045792,-0.022109,-0.000940,0.005597,-0.926810,2.971064,-95.412572
26.762295,-0.028676,0.004753,0.045981,-0.020447,-0.001471,0.005586,-0.910027,2.954735,-95.527193
26.796239,-0.029291,0.004720,0.046171,-0.015003,-0.000114,0.005574,-0.893278,2.938501,-95.641247
26.830183,-0.029679,0.004740,0.046360,-0.006870,0.001823,0.005563,-0.876545,2.922287,-95.754740
26.864127,-0.029769,0.004807,0.046548,0.002463,0.002637,0.005551,-0.859814,2.906046,-95.867680
26.901895,-0.029494,0.004893,0.046758,0.012313,0.001338,0.005539,-0.841194,2.887921,-95.992695
26.939663,-0.028877,0.004921,0.046967,0.019602,-0.001181,0.005530,-0.822569,2.869764,-96.117028
26.977431,-0.028051,0.004874,0.047176,0.022868,-0.002216,0.005524,-0.803960,2.851649,-96.240673
27.015199,-0.027184,0.004819,0.047384,0.021684,-0.000073,0.005518,-0.785401,2.833674,-96.363622
27.052967,-0.026439,0.004852,0.047592,0.016669,0.003521,0.005510,-0.766930,2.815936,-96.485865
27.090735,-0.025936,0.004984,0.047800,0.009206,0.004632,0.005497,-0.748571,2.798513,-96.607397
27.128503,-0.025738,0.005111,0.048008,0.001071,0.001390,0.005484,-0.730331,2.781450,-96.728217
27.166271,-0.025837,0.005109,0.048215,-0.005969,-0.003241,0.005472,-0.712198,2.764755,-96.848328
27.216934,-0.026308,0.004942,0.048491,-0.011341,-0.003098,0.005458,-0.688020,2.742871,-97.008344
27.253334,-0.026783,0.004279,0.048690,-0.013789,-0.036429,0.005461,-0.670819,2.727380,-97.122539
27.258341,-0.026842,0.004342,0.048717,-0.010767,0.033752,0.005458,-0.668488,2.725245,-97.138195
27.263347,-0.026888,0.004688,0.048745,-0.007808,0.097282,0.005447,-0.666182,2.723097,-97.153839
27.268354,-0.026919,0.005319,0.048772,-0.004850,0.154507,0.005429,-0.663902,2.720936,-97.169469
27.275888,-0.026939,0.006751,0.048813,-0.000417,0.226671,0.005390,-0.660516,2.717659,-97.192970
27.283423,-0.026926,0.008653,0.048853,0.003959,0.279047,0.005338,-0.657176,2.714353,-97.216443
27.290957,-0.026880,0.010874,0.048893,0.008245,0.309575,0.005279,-0.653875,2.711022,-97.239890
27.298492,-0.026802,0.013247,0.048933,0.012409,0.318025,0.005217,-0.650598,2.707669,-97.263310
27.312559,-0.026575,0.017545,0.049005,0.019755,0.279845,0.005107,-0.644505,2.701365,-97.306968
27.326627,-0.026249,0.020919,0.049077,0.026393,0.186600,0.005024,-0.638380,2.695025,-97.350541
27.340694,-0.025836,0.022758,0.049147,0.032164,0.066853,0.004983,-0.632163,2.688674,-97.394032
27.354761,-0.025349,0.022881,0.049217,0.036926,-0.049061,0.004987,-0.625825,2.682327,-97.437440
27.368829,-0.024802,0.021520,0.049287,0.040559,-0.136669,0.005028,-0.619371,2.675993,-97.480766
27.383073,-0.024205,0.019161,0.049359,0.042994,-0.182661,0.005091,-0.612752,2.669594,-97.524552
27.397318,-0.023583,0.016472,0.049432,0.044121,-0.182178,0.005159,-0.606099,2.663207,-97.568247
27.408828,-0.023075,0.014505,0.049492,0.044062,-0.151961,0.005207,-0.600736,2.658053,-97.603485
27.420338,-0.022572,0.013000,0.049552,0.043152,-0.103252,0.005243,-0.595412,2.652905,-97.638660
27.431848,-0.022085,0.012116,0.049612,0.041428,-0.045309,0.005264,-0.590146,2.647763,-97.673770
27.443358,-0.021622,0.011905,0.049673,0.038943,0.012415,0.005270,-0.584949,2.642631,-97.708815
27.458890,-0.021050,0.012563,0.049755,0.034518,0.076242,0.005259,-0.578045,2.635730,-97.756001
27.474422,-0.020554,0.014008,0.049836,0.029060,0.111699,0.005231,-0.571255,2.628872,-97.803067
27.489954,-0.020149,0.015773,0.049917,0.022819,0.113839,0.005198,-0.564550,2.622074,-97.850015
27.505486,-0.019846,0.017367,0.049998,0.016068,0.086640,0.005167,-0.557893,2.615354,-97.896846
27.517738,-0.019682,0.018217,0.050061,0.010591,0.052337,0.005150,-0.552650,2.610120,-97.933704
27.529989,-0.019586,0.018617,0.050124,0.005122,0.014361,0.005141,-0.547403,2.604947,-97.970491
27.542240,-0.019555,0.018578,0.050187,-0.000224,-0.021101,0.005139,-0.542150,2.599838,-98.007206
27.566743,-0.019683,0.017476,0.050313,-0.010151,-0.070217,0.005150,-0.531635,2.589798,-98.080425
27.583750,-0.019906,0.016246,0.050401,-0.016062,-0.075371,0.005164,-0.524348,2.582961,-98.131080
27.600758,-0.020220,0.015098,0.050489,-0.020888,-0.057140,0.005176,-0.517102,2.576212,-98.181597
27.617765,-0.020607,0.014367,0.050577,-0.024460,-0.024143,0.005179,-0.509924,2.569532,-98.231975
27.634772,-0.021044,0.014219,0.050665,-0.026670,0.011624,0.005171,-0.502830,2.562902,-98.282217
27.651780,-0.021506,0.014619,0.050753,-0.027470,0.038953,0.005151,-0.495820,2.556308,-98.332322
27.668787,-0.021970,0.015372,0.050840,-0.026870,0.050694,0.005123,-0.488880,2.549738,-98.382292
27.685794,-0.022413,0.016198,0.050927,-0.024943,0.045372,0.005094,-0.481987,2.543182,-98.432130
27.702802,-0.022813,0.016836,0.051013,-0.021817,0.026868,0.005069,-0.475115,2.536634,-98.481839
27.719809,-0.023151,0.017115,0.051099,-0.017673,0.002543,0.005052,-0.468244,2.530084,-98.531419
27.736816,-0.023411,0.016995,0.051185,-0.012736,-0.019460,0.005045,-0.461364,2.523525,-98.580872
27.757087,-0.023605,0.016478,0.051288,-0.006179,-0.034210,0.005047,-0.453155,2.515684,-98.639651
27.777358,-0.023663,0.015812,0.051390,0.000677,-0.033202,0.005055,-0.444952,2.507805,-98.698235
27.797630,-0.023583,0.015280,0.051492,0.007375,-0.019512,0.005062,-0.436776,2.499877,-98.756610
27.817901,-0.023372,0.015064,0.051595,0.013487,-0.000578,0.005063,-0.428646,2.491899,-98.814770
27.840961,-0.022993,0.015256,0.051712,0.019254,0.017004,0.005057,-0.419466,2.482767,-98.880666
27.864021,-0.022497,0.015740,0.051828,0.023357,0.022535,0.005046,-0.410354,2.473598,-98.946280
27.887081,-0.021928,0.016201,0.051945,0.025544,0.014643,0.005038,-0.401295,2.464420,-99.011613
27.910142,-0.021331,0.016388,0.052061,0.025738,-0.000591,0.005036,-0.392274,2.455268,-99.076682
27.933202,-0.020753,0.016235,0.052177,0.024030,-0.013710,0.005040,-0.383289,2.446175,-99.141504
27.959418,-0.020169,0.015798,0.052309,0.020087,-0.017415,0.005049,-0.373132,2.435940,-99.214909
27.985634,-0.019712,0.015408,0.052442,0.014538,-0.007963,0.005055,-0.363069,2.425839,-99.288006
28.011850,-0.019412,0.015324,0.052574,0.008061,0.006797,0.005052,-0.353130,2.415888,-99.360790
28.038066,-0.019286,0.015580,0.052706,0.001408,0.015477,0.005040,-0.343325,2.406098,-99.433261
28.064282,-0.019330,0.015959,0.052838,-0.004685,0.011823,0.005023,-0.333641,2.396471,-99.505419
28.088600,-0.019502,0.016166,0.052960,-0.009280,0.000627,0.005008,-0.324743,2.387684,-99.572076
28.112918,-0.019770,0.016111,0.053082,-0.012471,-0.010491,0.004997,-0.315908,2.379020,-99.638469
28.137235,-0.020096,0.015850,0.053203,-0.014038,-0.015370,0.004989,-0.307133,2.370457,-99.704600
28.161553,-0.020440,0.015545,0.053325,-0.013925,-0.012060,0.004981,-0.298423,2.361969,-99.770472
28.189480,-0.020805,0.015353,0.053464,-0.011881,-0.002342,0.004970,-0.288513,2.352277,-99.845799
28.217406,-0.021089,0.015393,0.053602,-0.008154,0.006725,0.004955,-0.278704,2.342612,-99.920788
28.245333,-0.021251,0.015586,0.053740,-0.003297,0.009898,0.004939,-0.268986,2.332948,-99.995442
28.273260,-0.021272,0.015780,0.053878,0.002033,0.006407,0.004925,-0.259345,2.323272,-100.069761
28.301186,-0.021146,0.015852,0.054015,0.007159,-0.000419,0.004916,-0.249768,2.313581,-100.143749
28.329113,-0.020889,0.015775,0.054153,0.011463,-0.005910,0.004912,-0.240253,2.303882,-100.217405
28.357039,-0.020528,0.015617,0.054290,0.014460,-0.007117,0.004911,-0.230806,2.294190,-100.290730
28.402450,-0.019830,0.015405,0.054513,0.016007,-0.002126,0.004909,-0.215625,2.278505,-100.409250
28.438168,-0.019283,0.015402,0.054688,0.014141,0.004594,0.004904,-0.203865,2.266291,-100.501851
28.473885,-0.018837,0.015551,0.054863,0.010093,0.006898,0.004895,-0.192283,2.254246,-100.593904
28.509603,-0.018557,0.015716,0.055038,0.004794,0.002508,0.004884,-0.180879,2.242416,-100.685407
28.545321,-0.018471,0.015727,0.055212,-0.000607,-0.005004,0.004872,-0.169641,2.230826,-100.776363
28.581039,-0.018565,0.015544,0.055386,-0.005000,-0.009106,0.004861,-0.158563,2.219473,-100.866773
28.584268,-0.018581,0.015523,0.055401,-0.005319,-0.009169,0.004859,-0.157570,2.218457,-100.874920
