time,xhat_0,xhat_1,xhat_2,xhat_3,xhat_4,xhat_5,xhat_6,xhat_7,xhat_8,xhat_9,input_0
0.0,0.005786677796693293,0.015366388144641944,-0.0677165009762926,0.0,0.042749891817726336,-0.4886334994140012,0.9991010286534335,-0.04239124406021618,-0.00022774232355143224,-0.0002551550747821902,0.9053029203601192
0.0,-0.04093525594336616,-0.01127345646906415,0.04173819064089776,0.0,0.042749891817726336,-0.4886334994140012,0.9989404152491657,-0.04594614581829709,-0.0026443230084513044,7.760215987257028e-05,-0.5579984986374419
0.05,0.00807417984749774,0.019750221026429718,-0.02421024251449397,0.0,0.40331058413192095,8.710489932712377,0.9991823508631917,-0.04040566264915759,-0.0014177261267824346,-4.692566027057142e-05,0.32366709101689006
0.1,-0.012656510637588693,-0.02299095400590347,-0.027308409780866422,0.0,0.8141713650356931,13.683234747144038,0.9990775297003731,-0.042940680303798086,2.565375567310135e-05,0.00043239418584783095,0.3650865181838842
0.15000000000000002,-0.00962057471599103,-0.005131182473850672,0.01094175353982893,0.0,1.246414704260624,18.82682101783049,0.9992656125373859,-0.03829213498509597,0.0013632462055902298,-0.0002992630100374827,-0.1462804396507175
0.2,-0.03902701501256742,0.041085319351930924,-0.05071221055449248,0.0,1.6919999594758204,24.005042238219175,0.998993971478084,-0.04484180896990924,0.00044705739044132554,0.00023928736069724955,0.6779719295973528
0.25,-0.01934472767401606,0.004193174645327655,-0.011781146026338236,0.0,2.1363198502490746,29.031994224681014,0.9992069596312305,-0.0397743775317806,0.0018140216249658476,-0.00040005251674133524,0.15750207286455095
0.30000000000000004,0.015762061379851082,0.042919193932968856,-0.04688985925781986,0.0,2.573645739480543,33.933904095314915,0.9992206940881312,-0.03946521263001252,0.0007034519410402389,-8.156879312667629e-05,0.6268685549279339
0.35000000000000003,-0.054962892264626334,-0.055908909266161516,0.05679796609301367,-0.018259371388938118,2.656743873410693,38.78202914435251,0.9990921182833006,-0.042432368495970124,0.003777703488648406,0.00040279568177899796,-0.7593241865629204
0.4,-0.2843187914163554,-0.04455621964282634,-0.06671470830474441,-0.0826059300495095,2.1058169365933157,43.734458572359365,0.9982715688872569,-0.05871655392383761,0.0023685729366156516,0.0007942977575768812,0.891882855778761
0.45,-0.5769920416806169,0.032725434459863624,0.04728971706283919,-0.15280787770155754,1.462933818492953,48.69524244823052,0.9966914269626884,-0.08093733232104554,0.007109915163047621,0.0021901511835817613,-0.6321660225339981
0.5,-0.7255743398468096,0.01912485921119396,0.04017402312640295,-0.2175046954745948,0.9955637183999335,53.64618793183358,0.9946076852453403,-0.10350698300810904,0.0059469847173954215,0.002547605196398469,-0.5369728566421319
0.55,-0.7314995855320765,0.023656473089519285,-0.0026446142743099463,-0.24919006609737904,1.0573476574145912,58.53920719981445,0.9921634510400038,-0.12463063469542064,0.008436127734343133,0.0027790402401520644,0.03533618481748545
0.6000000000000001,-0.6828142803985416,0.0525825473352548,0.023966274592829007,-0.21852689340760295,2.014412139645315,63.3242757871877,0.9903396595058771,-0.13819547752994477,0.01029213093697677,0.004841574209894378,-0.3199439945853504
0.65,-0.5396507844206682,-0.016310207146389304,-0.013741346851706054,-0.10761002219446522,4.109842494536294,67.95182800175292,0.9886543047033817,-0.14947885147846798,0.013541142603273925,0.005947790274448857,0.18303510415694504
0.7000000000000001,-0.21706858237482987,0.036691034757517005,0.006390941365773117,0.09367287045031308,7.297260724106247,72.37407507321075,0.989741582507083,-0.142560182514647,0.007255077938685279,0.005963058097083414,-0.08465671459430738
0.75,0.10792301039675936,0.022088276842880734,0.021508170631328316,0.3530035908757234,11.118533173670057,76.66532303680805,0.9920085655053422,-0.12542723996498098,0.010758832573568676,0.008441620724390054,-0.28103053777337994
0.8,0.3792079553185398,0.029814856940253626,0.029857382949112977,0.6106820237242866,14.725117654926175,80.95967454632492,0.994375302343629,-0.10521110524559736,0.0076857698843686515,0.00945041603849672,-0.37721455181382296
0.8500000000000001,0.5151867771173153,-0.06525915091463616,0.09049914447749499,0.784885976974824,17.100358429804622,85.42774063239206,0.9958460131569361,-0.0895630660707243,0.012039345928636766,0.011145825454279343,-1.0553917214236592
0.9,0.4345580590851289,-0.06444513083192796,-0.043384735090999195,0.7916924665927827,17.515805269320136,90.24399173589154,0.99665262131798,-0.0807958125504533,0.004387882068095245,0.011676283024471117,0.42537572245618765
0.9500000000000001,0.14604846630773102,-0.029339770734645686,0.07447658167042127,0.6761244286401713,16.046927384940005,95.34678615753624,0.9962565120801304,-0.08488823758793053,0.008010875085689925,0.014239913535880859,-0.5359156760054072
1.0,-0.15717091274825232,0.04374071848123472,-0.0021490119039573943,0.435714353264866,13.826254526565021,100.53899853080581,0.9942256533955038,-0.10570037707059245,0.009627387753028497,0.015814354949570997,0.01026297507950736
1.05,-0.3356174934218103,0.08130599390530675,0.101946682884627,0.2915217102587171,12.645966382166062,105.76125546624927,0.9925719866779408,-0.11964424652509126,0.013183948878074026,0.017671701322435614,-0.3275509702241971
1.1,-0.33615286737821015,0.008371344278296958,-0.0036936121983842385,0.34757365849996813,13.928569097918402,110.32693995645175,0.9913075325737193,-0.12962081222677027,0.011278734689914555,0.019509255343845466,0.00909618082955985
1.1500000000000001,-0.11987595739161562,0.03898821959080215,0.07432762424221451,0.6738196270051975,17.67889035727737,114.67013275245597,0.9918983869527965,-0.12402301713591053,0.015404401171303784,0.02277247473375559,-0.1586176198884629
1.2000000000000002,0.2365233546175576,-0.03214546313056792,0.01527289113406495,1.0812503020638982,22.079628073482123,118.52322085431041,0.9935842855063824,-0.10946878723474578,0.015256097761814039,0.02396046112259514,-0.03054985958195818
1.25,0.4036925469411541,0.0571183147018957,0.0787234065223726,1.3348967010120893,24.6276491927045,122.69626179044705,0.9949232217608349,-0.09658537710898021,0.011830220002551567,0.025672818786564237,-0.15324871684811237
1.3,0.2550459061999075,0.04395863034097047,0.11965212177530654,1.2547560480663782,24.16109456890807,127.44635971245613,0.9943512437295695,-0.10112754076520024,0.014255811300072141,0.0289066849780087,-0.23031008981172063
1.35,-0.06127864545282174,-0.0004818221772236557,0.07130340298591292,0.9651221799180485,22.071482267418844,132.80286270178368,0.9935296950618777,-0.10846500719107788,0.013007826962541649,0.031062576889308302,-0.13660300084134194
1.4000000000000001,-0.13404182849659485,0.018806502792538933,0.06837871639488273,0.8062384321962992,21.225829618392815,137.40167443294692,0.991739726071215,-0.12262457101463539,0.01730236319329227,0.03340895903190597,-0.13075924953170692
1.4500000000000002,-0.06249762578067174,0.04416360889304166,0.09534613142382169,1.002942899720261,23.350499523212257,141.42778341869598,0.9918888544721483,-0.12052475342596028,0.018651618849955875,0.03581063110051565,-0.18219559788535583
1.5,0.1272039870186294,0.047394378748614865,0.10025676928698062,1.387266348365809,27.157253896329788,145.020930816786,0.993139216456243,-0.10923920776594216,0.016466321354638568,0.03834256752481183,-0.19152075326960977
1.55,0.24641387728424202,0.05554100694834305,0.11623084431381779,1.5646889441846557,29.58288929556079,148.9400697610687,0.993447190025931,-0.10499782773808458,0.01833127652041001,0.04125652798040032,-0.22200683516659936
1.6,0.13673941282496255,0.07867732023283022,0.007456044672352849,1.4150709595883006,29.176376657878883,153.63858676495414,0.9930736460602277,-0.10670151319983037,0.021554075279875892,0.044214730807068586,-0.014240601202679273
1.6500000000000001,0.010788694824764716,0.06853571787400288,0.16025549863980748,1.2419000479432043,27.821492331401565,157.82756015051734,0.992434938398237,-0.11170021957962963,0.019738687428618607,0.046971674559733514,-0.3060711066786841
1.7000000000000002,-0.014455508031515754,0.014786298759659682,0.03038209563270859,1.295639276900662,28.34747630444119,161.09141436294044,0.9920606351149475,-0.11324105400199333,0.02266593616656479,0.049783684893124285,-0.05802604617390671
1.75,0.12424554027034232,0.0025551899634476023,0.10937210490771093,1.6562429679285802,30.864655133299106,162.8916131438087,0.9918941242943717,-0.11350487022941692,0.020894841031696147,0.053161040647872713,-0.20888634780678272
1.8,0.15343645825189056,-0.04054427967885095,0.05615853032883011,1.8256745753638988,32.60903559978899,163.40029580104007,0.9923273080081605,-0.10731946733267153,0.025845072710181268,0.05568732287796425,-0.10725524378092324
1.85,0.16488654872723366,0.007291201451080677,0.09421662452027156,1.7050286358943956,32.07146856398483,163.6775486079623,0.9920319495414074,-0.10778685183071895,0.027143101354208908,0.05931153100681533,-0.1799409832526889
1.9000000000000001,0.12312466980911559,0.039527474034283444,0.027149172212032474,1.5048853745859827,30.821998974005496,163.22043038558516,0.9911566339214961,-0.11426349154619196,0.027187034270767817,0.06175149148516704,-0.05185123581080193
1.9500000000000002,0.04729662286971824,0.05845802574696139,0.08652797903142895,1.551778088508895,30.80152833762431,162.06247579914262,0.9911086176326576,-0.11353322874907795,0.025774272679374845,0.06441739587985156,-0.1652567556386715
2.0,0.1203261383153049,0.036281889408035645,0.05024672186754607,1.7003977707537636,31.73494638757181,159.96025522298257,0.9910487465307395,-0.11138802313540361,0.028048938281211012,0.0680319583955489,-0.09600272438995337
2.0500000000000003,0.19077642513299847,-0.04307749781047527,0.055795027055155044,1.7480044903192242,32.035199737150684,158.42105111414406,0.9909289155030927,-0.1103852845416454,0.029232682552209052,0.07085494793820929,-0.10661198756691738
2.1,0.23632992164597474,0.01056633032442968,0.0984134035493564,1.6137671716391393,31.325496944777555,157.132366275616,0.9910885387168122,-0.10796330169049961,0.02717673864042989,0.07313589261866996,-0.1880639472272589
2.15,0.11763391947747001,-0.004104745513480567,0.11412177405487828,1.468191691376256,30.509586012101938,155.88670806271256,0.9900914837592067,-0.11283374015224885,0.03264855871522689,0.07695110450516952,-0.21810607619078118
2.2,0.14900886986313527,-0.008182698557775536,0.07121057464449117,1.4621013975950747,30.374842356237185,154.50245115455849,0.9898142783821111,-0.11290171931235195,0.034951988272845375,0.0793678436332402,-0.13611324363917315
2.25,0.14233672499407293,-0.009155363703282831,0.14021523050887535,1.5503097630556915,30.700568694698283,153.0291792552084,0.9896389878463009,-0.11160233585163601,0.03686084238684917,0.08246739152864874,-0.26805123579435053
2.3000000000000003,0.14396154598544203,-0.004065538198534262,0.08369555623370417,1.5517669118856352,30.781045307841175,151.62864802319842,0.9899358132900274,-0.10791687137083275,0.03485931848433795,0.08465141672854926,-0.16003064408973242
2.35,0.17769278003601022,-0.04233310794123879,0.014526458031201325,1.4839953852156762,30.379568404237396,150.35615907289548,0.9897935078116316,-0.10620116475954695,0.038709765906998476,0.0867852436828194,-0.027781232490754964
2.4000000000000004,0.08172892035573567,0.032602655154798495,0.08921183417976569,1.4104447227649484,29.872775483718804,149.1244673823082,0.9890413388597872,-0.11004133741958985,0.03923541472815196,0.09027024048077859,-0.17065551310445493
2.45,0.07622976159742598,-0.0287475760502899,0.1153752872200014,1.3689118830879428,29.661146695584275,147.840419746845,0.9886685009378702,-0.11134836792066324,0.03850590047339939,0.09302382406352626,-0.22076714943971132
2.5,0.1358721075242877,-0.018824607351666,0.1307474145044867,1.3887984166713698,29.71762792670293,146.50935357114457,0.9885465859302344,-0.11126358513908895,0.03710856765319393,0.09496850148550798,-0.2502643592994918
2.5500000000000003,0.09310401016424129,0.03194716466971123,0.07930811014115953,1.3974505016194243,29.734038259886024,145.2020866391209,0.9883474848614983,-0.10966977531457593,0.040530295749802894,0.09746324782621672,-0.15186263563985894
2.6,0.07556185981686495,0.008395248420004844,0.04772967395468042,1.3681177126953135,29.52379455779075,143.9626976202824,0.9882621094417222,-0.10696687320952367,0.04237010450709545,0.10050306125503364,-0.09143560859788719
2.6500000000000004,0.0761202559309228,-0.0010270995564274736,0.09987214792759992,1.3109166991201007,29.18971675021682,142.7664736498585,0.9880361092888159,-0.10732266677875044,0.0417968564456978,0.10256468558024205,-0.19142333560224561
2.7,0.11268798893996354,0.007426005757498761,0.0751938484467012,1.2568336491278447,28.93715298816202,141.56587452704792,0.9876545123735206,-0.10801697745224317,0.0418007940564461,0.1054684331283782,-0.14420852405367157
2.75,0.10374692820864867,0.01467189920870798,0.09993533385213997,1.254111600956437,28.83867229276927,140.3423720533391,0.9871037642757948,-0.10826082765168075,0.046985458468738056,0.10815784040563806,-0.1917898344472003
2.8000000000000003,0.07497570222098937,0.029054039139413238,0.05553997628732834,1.255042067963114,28.7996339613304,139.1185751789815,0.986614709620219,-0.11088092503952986,0.045839339581362604,0.11043364600579707,-0.10667312818133892
2.85,0.13105430914867994,0.10600194014024547,0.07667701085715714,1.248184621283071,28.687592876785633,137.92493416550258,0.9858684159607373,-0.11181794034699583,0.051297332300131754,0.11370487380280696,-0.14740356509272867
2.9000000000000004,0.11869535586230207,-0.03756265437556831,0.08516131016523829,1.225371120829084,28.49541215486063,136.76331127702898,0.9860583762479225,-0.10982915043786418,0.04834844858408315,0.11527733456720765,-0.1638837250197538
2.95,0.09334935983744552,-0.04042300026158868,0.08916304436557251,1.2407507601077878,28.313459703592592,135.61166785193222,0.9852562495792128,-0.1135353305949077,0.0493996903717382,0.11806575271002781,-0.1717885399265371
3.0,0.08702285436949098,0.047152176520051506,0.07161888794461677,1.2482428940155914,28.168660483543842,134.46383095247134,0.9850661397740063,-0.11173795799437153,0.05174740221284975,0.1203392511951417,-0.13817399044466105
3.0500000000000003,0.12194802253058738,-0.06639806316303432,0.15502551464354639,1.2228726707453343,28.046969122367855,133.32295715282947,0.9852081170371746,-0.10869062890245691,0.05063671072654115,0.1224223706666793,-0.29955339193029223
3.1,0.04547754372694261,-0.01999101665432214,0.07092198601218776,1.152617285441552,27.91886228876423,132.1959462228578,0.9840735177825998,-0.11572824639519999,0.05113122429587591,0.12486745968135925,-0.13728316063301782
3.1500000000000004,0.053313654070490234,0.040185062024000046,0.016634850183285144,1.1184968651709415,27.7669857989792,131.08543788416196,0.9842681026542854,-0.11044861717980144,0.05316319336376052,0.12724417445121075,-0.03226452531394387
3.2,0.12344290506915323,0.016484725779779108,0.12856322292972197,1.1103715727913939,27.602328155399135,129.98906854560832,0.983962968194965,-0.10873855147460802,0.0559349039649126,0.12986181564491717,-0.24992533447892598
3.25,0.11721545285814511,0.029027215816204474,0.11041284968799175,1.0899102688642202,27.445891911948905,128.9022933160892,0.9836372846000698,-0.11002276264841547,0.05483703799572667,0.1317026321212556,-0.21519445968374015
3.3000000000000003,0.06142117741455981,0.036352697912744016,0.08187378086831337,1.0808478432706872,27.307098207943735,127.82226613967774,0.9832585850938188,-0.11070543044062707,0.055565447961824735,0.13363885476559167,-0.1600369789403066
3.35,0.08634691010795996,-0.012555899696491084,0.05048323719208045,1.061348084796595,27.180607160206147,126.75026840659544,0.9828545430079194,-0.10900029353954906,0.058083815445515066,0.13690198566959258,-0.09900316171489176
3.4000000000000004,0.06518558786667568,0.016499260939004744,0.1391769985228793,1.0304704819596593,27.05313616045762,125.68889458815009,0.9824373984800036,-0.10963703245583248,0.06036548631311704,0.13839251151815393,-0.27395307626241894
3.45,0.02809802771033285,0.01909446886968337,0.06257219561914891,0.9813508563399883,26.917034385973928,124.6404504376659,0.9819983639301323,-0.11048622129534404,0.05964804616266056,0.14111739344034413,-0.12367891048226515
3.5,0.09893173597943057,0.0017120520848375904,0.012770115269302926,0.964887566891482,26.773090643150976,123.60346003260263,0.9816305948767082,-0.11205958810673855,0.05870877426682795,0.14281912945902783,-0.025359179360939735
3.5500000000000003,0.13901751771999266,0.02902919913416056,0.07932278263970158,0.959867141449425,26.630574566308436,122.57585269635214,0.9811322362967886,-0.10985519957056668,0.06291724395677502,0.14612594033729034,-0.1583460310535134
3.6,0.04755365172840951,0.013118554685481882,0.09584567511928864,0.9387597862975513,26.49665667047642,121.55638350287279,0.9808509008083729,-0.11023210443797547,0.0628321146299525,0.14775831247583673,-0.19244916761419703
3.6500000000000004,0.0745292896348282,0.06833148731488707,0.05875287026180743,0.9138887527713856,26.37092959175458,120.54421848026348,0.9804789732910109,-0.11036972388563943,0.06492164341703802,0.14921356238507227,-0.11874044666285194
3.7,0.03731310987266076,0.02571961180666764,0.05332145820878938,0.8914957521119032,26.248400651845618,119.54095335326154,0.9805400742660131,-0.10841166376421985,0.06174344269144226,0.15157777278639503,-0.10854599654993255
3.75,0.05147737624562579,0.09575374983157313,0.04695807824832008,0.8636586913448987,26.123850852367017,118.54738185245591,0.9798094848510629,-0.11068759706524658,0.06451346680924432,0.15349150416902216,-0.09636255309215283
3.8000000000000003,0.006097617701390341,-0.023669554239470897,0.08753536070698327,0.837835901836605,25.995633661143792,117.56347493808757,0.9793706087147513,-0.10963244061050653,0.0673175192753983,0.15582775859931783,-0.1812343175884852
3.85,0.10161993427359096,0.03810112341530659,0.06226388622248513,0.8103679725761634,25.866271697577936,116.58907883585236,0.9792658552828514,-0.10920255798188543,0.06507898019909394,0.15772733543556888,-0.13018205408736017
3.9000000000000004,0.06291385372520836,-0.0013519207357723072,0.097333983056211,0.7936182149532893,25.7390053340402,115.6226977815244,0.9782647004031602,-0.11085292011955843,0.070445719871697,0.160459361203516,-0.20571546201165064
3.95,0.1005761428103793,0.00047248388613228137,0.0679814811304941,0.7709291480711254,25.616439440093902,114.6634828091939,0.9783236470380159,-0.10819659177880943,0.06969828798706337,0.16222973779599595,-0.14539169355055376
4.0,0.09637667305129204,0.05297362838202547,0.10219638467241401,0.7525516391762876,25.498213931114996,113.71236812726994,0.9780258858607861,-0.10919991673980912,0.0695767496641476,0.1634007976615044,-0.2214174049588112
4.05,0.06961381998342654,0.06038358717560276,0.024441863171592033,0.7241866577102525,25.38181719430437,112.7685961756225,0.9773319018728553,-0.10987987377622138,0.07222499602532709,0.16592864993620182,-0.053709564730499135
4.1000000000000005,-0.0001804027102982643,-0.013993280234921975,0.11331514702311808,0.7089923430341285,25.264731340902223,111.8329978540683,0.976244856007289,-0.11319589758877131,0.075237484219125,0.1687364538466919,-0.25286091243760583
4.15,0.13998278582298906,0.0028125825758410043,0.03729974727734714,0.6740722863935239,25.147175297968317,110.90578362434745,0.9766063088356223,-0.10844352959857877,0.07510604929758848,0.1698210816994508,-0.08463138523316338
4.2,-7.087925677802878e-05,0.047066495399370085,0.1464193028471189,0.6605310954650921,25.029010924568425,109.98628565166885,0.9757174150378947,-0.11187335011706952,0.07595675277902159,0.17230917338499088,-0.33824526961862533
4.25,0.10039539027732419,0.02815905533612797,0.08144219478548673,0.6262122766384756,24.912821497647805,109.07386275351928,0.975550735505096,-0.10997914882506003,0.07754488233598408,0.1737588573359062,-0.19181485298535358
4.3,0.0580798599182594,0.07172911978564897,0.054275887567288024,0.6116028797318991,24.79881538130003,108.16823371982322,0.9753143830803676,-0.10879338461645911,0.07803812786376572,0.17560154959389113,-0.13050863198061236
4.3500000000000005,0.04857806020870175,0.0269156463549497,0.017311746401182715,0.5965826689292666,24.68754223481096,107.2696721016793,0.975022160286214,-0.10797829395229348,0.07904768899761375,0.17726798315006864,-0.04255714645020286
4.4,0.07218394107342646,0.0722955469033709,0.06964624306836766,0.5818356618396766,24.577959849889655,106.37781101186457,0.9742496308358077,-0.11019926371187758,0.08005215895065579,0.17968147077812843,-0.17527933494076464
4.45,0.06154366007094257,0.023127700439401135,0.07329793282398342,0.5532293034410669,24.469277548183776,105.49276098107877,0.9739153757005589,-0.11111890093866618,0.0801505347374269,0.18087930398342042,-0.1891123749731886
4.5,-0.01569710518533717,-0.041259611702536995,0.10157530438632925,0.5277749354122893,24.360724390185712,104.61494293303625,0.9733607913659468,-0.11208483186321261,0.08043076006418352,0.1831301535333571,-0.2690199080239206
4.55,0.05098763451221353,0.05630289714510738,0.04159623692530144,0.5007829131491686,24.252500976656297,103.74402366120219,0.9733291287087467,-0.1081463651738789,0.08281031793808723,0.18460016833617252,-0.11323222282772244
4.6000000000000005,0.029706389990612408,0.015818718958858922,0.07031192869053858,0.48696895722144146,24.144895677336958,102.8795018017616,0.9724877605263588,-0.11120105461815007,0.08374451072181906,0.1867852724445959,-0.19696501503676608
4.65,0.05347643788293522,0.024009352474880997,0.05259645732707028,0.46463782668043097,24.038991677200794,102.02134327209055,0.9716121051692348,-0.11176250448542656,0.08695752841272886,0.18951899095368335,-0.1517903336777087
4.7,0.03330591649207444,0.021292436266427434,-0.0009001492864922217,0.44787886423781914,23.93517433151735,101.16941279420008,0.971441460058771,-0.11075739203187365,0.08843212277875391,0.19029989345773318,0.0026789625805206958
4.75,0.06354721505124915,0.04508270335325008,0.11732014630106398,0.4551307335873654,23.838945813606635,100.321666552684,0.9712264470978157,-0.11055014035768737,0.08757851521141041,0.19190585868600823,-0.3603999613217903
4.800000000000001,0.06805897347030673,0.02665932683233633,0.03422218798453961,0.4516026416561928,23.74848707453606,99.47861461335624,0.9705604064185561,-0.11467649161614522,0.0867218043908625,0.1932385272311196,-0.10859709534608046
4.8500000000000005,0.025906403149611037,-0.00013608584549086936,0.06620055852462649,0.46487891891258504,23.656018669200805,98.6425008291795,0.9701039139834492,-0.1136757613215618,0.08883606731541412,0.19515217269066493,-0.21713855112034072
4.9,-0.003048024139522123,0.051474263304712296,0.08165839433989648,0.4471838410465787,23.558027707909506,97.81432194721894,0.9695553630249737,-0.11294907456790317,0.09159650187379006,0.19701519085656902,-0.2769746200818955
4.95,0.08660036912543995,-0.01775976012522317,0.05184473757945873,0.40945436389722656,23.454699070356085,96.99365152955176,0.9693373263434658,-0.11083843023729748,0.09235953764730881,0.19892135618230672,-0.18190430640386607
5.0,0.012727319144571526,0.04062488313444506,0.07444197618139246,0.3700099038104155,23.349628432836614,96.17936254269718,0.9692908771226633,-0.10978364446049053,0.0918979260404692,0.1999437874133901,-0.27022421501165894
5.050000000000001,0.007359928280894733,0.1243807200397451,0.07638790147189788,0.32927403830681423,23.247223438367335,95.3703146459021,0.9682247407345868,-0.11475538699429018,0.09184822979946397,0.20232635831235052,-0.28687954827695983
5.1000000000000005,0.044789857010275026,0.03683990532928839,0.10912593583600123,0.3023193012998554,23.150069685620394,94.56585828728018,0.9686913546703926,-0.10989721092409362,0.09189883449815608,0.20276653233663963,-0.42393868640844257
5.15,-0.007965995057424784,0.04852909593319826,0.02335245826770021,0.2838879943210791,23.05810256825217,93.76551237723365,0.9677854457363969,-0.11206957379537648,0.09540416533601725,0.2042786990527016,-0.09381678329757812
5.2,0.0306439413196523,0.04415648891659439,0.11465729042177138,0.29186386603408254,22.96921703925556,92.96970463994262,0.9672869943011524,-0.11148253713208292,0.0963807915165694,0.20649033293855623,-0.47613639997695045
5.25,0.05335508723621239,-0.01459771667674389,0.031050438859428285,0.27514490908011896,22.881366299804196,92.17904689640194,0.9657432084550299,-0.11732812480560528,0.10071872939155628,0.20839842610330667,-0.13320684382483808
5.300000000000001,0.06792136549750274,0.045775229399048024,0.04032697926246934,0.2731744945405634,22.79755040170508,91.39141453023963,0.9659526124105581,-0.11597553856341149,0.09703584909782127,0.20992681825343223,-0.17859467948776622
5.3500000000000005,-0.018874858030791163,0.02531715726451818,0.07088345614360861,0.253395176387542,22.711829880795204,90.60965799844104,0.9658170295114542,-0.11512221369104689,0.09711590015409913,0.21098067057861639,-0.3237990489921686
5.4,0.061077458599568805,0.04107283340708354,0.011293202549160164,0.22002545795288111,22.625100313669858,89.8334221411214,0.9652819169855339,-0.1165064078566243,0.09834614436121884,0.21209694377421176,-0.05316286673676521
5.45,0.02535304059938087,0.0007541706140419893,0.07603783674611687,0.20047575879819363,22.538857084224016,89.06214071762052,0.9645018166762134,-0.11641537500120482,0.101232527116232,0.2143261102742131,-0.36851043954182244
5.5,-0.012727234320311653,0.02818077989617596,0.03733253620394894,0.1667269824672604,22.454745404698947,88.29536372016422,0.9645583262132875,-0.11361667641671168,0.10318186861464455,0.21464386355503318,-0.1860695141415606
5.550000000000001,0.05514672186247696,0.011826528838174423,0.09342255461924243,0.15159375540639883,22.373270140807385,87.533123585786,0.9636899901288571,-0.11473107006264481,0.10442631575278272,0.2173327611429621,-0.47832017868504906
5.6000000000000005,-0.06361016767382827,-0.01236963923340495,0.06704828250842844,0.12767124409106134,22.29421504352601,86.77515951626279,0.9638439393380779,-0.11301415062463986,0.10490049936260673,0.21732130036727326,-0.35223452547170997
5.65,0.08502585139143953,-0.010569566445941633,0.05100644488958975,0.11817579734368963,22.21650437525752,86.02150861710183,0.9623921464547814,-0.117485193968339,0.10786530927409209,0.21991739516369516,-0.2746214288358623
5.7,0.09609557376405843,-0.02434859501057348,0.049923367467113046,0.10985783189685677,22.13924310638356,85.27243828444031,0.9626169612818417,-0.11387220780801799,0.10800815957816298,0.22076218789905833,-0.27514275186909337
5.75,0.0057658703489161245,0.06061584482862292,0.03643950987986395,0.09677976071465808,22.06185778426151,84.52815032255134,0.9621313512360572,-0.11501800123002622,0.10920154210190722,0.2216960657393221,-0.20532804204495386
5.800000000000001,-0.0030908109136356804,0.02075234621076794,0.03420964198030814,0.08138188378220525,21.984340395399574,83.78910744664192,0.96144981839649,-0.11555450170382547,0.11018313923440179,0.22387737641349442,-0.1968428882454129
5.8500000000000005,0.010856445518772267,0.020394109531112974,0.11624790030879459,0.06209976703233194,21.90685747148754,83.05434686225642,0.9611591530955662,-0.11654919797866962,0.10938879450573133,0.2249965744355359,-0.6822489118057687
5.9,-0.017659477290206838,0.02209160730704139,-0.014490040920431373,0.023080134781077316,21.829855621946216,82.32394878466901,0.9600352390637575,-0.11673657026640524,0.11647178676420857,0.22613985895056915,0.0866387826634169
5.95,0.07315703479627664,-0.012570870711116906,-0.047571475536389726,0.022232254733630726,21.75385187005662,81.59759474008635,0.9598973899251865,-0.11661119202951634,0.11521101678367503,0.22743186302702084,0.2894590129767325
6.0,0.018142650320037916,0.11159908556943932,0.07154379096614435,0.02029639103384991,21.679260842658667,80.87515145970774,0.9599427972991772,-0.11561280367073491,0.11325111654559504,0.22873060604562542,-0.4425249972476529
6.050000000000001,0.04279510184527408,0.05056477818201459,0.07729587220033464,-0.013663555467966094,21.60609429415562,80.15682107415556,0.9589297212712444,-0.11690570530894863,0.11752087180240989,0.2301644855742787,-0.48550110418002995
6.1000000000000005,0.0578354937320989,0.022409465285978283,0.033762656310988313,-0.03727352207600322,21.534066145337658,79.44242528780529,0.958977968957651,-0.1173616990715341,0.11648770544707275,0.230256598438736,-0.21513040643619671
6.15,-0.011295068120506561,0.02569478335921351,0.04988656321610452,-0.045240485690952556,21.46288912244683,78.73190210857256,0.9582424488001615,-0.11763042203424084,0.1184195039627808,0.23218810092406758,-0.3221539093623392
6.2,0.011309258691249179,0.07459929045324307,0.041978046475057214,-0.06063995161093277,21.392202729456056,78.02528715507351,0.9572692209262503,-0.12031446625482721,0.1198445236513291,0.23408835517353652,-0.27448592231127267
6.25,0.0525724789563509,0.09797987673520489,0.025444875832411694,-0.07507929424059312,21.32183987356364,77.32258788881823,0.9571448507518449,-0.11935536729622145,0.12089406278333835,0.2345477703167335,-0.16832169323900603
6.300000000000001,-0.0073615652671516554,-0.0007025849766647031,0.07636254864730162,-0.08806657241681577,21.251793318527785,76.62375223609145,0.9559571864774631,-0.12526827279101072,0.12011787344809965,0.23669688196585126,-0.510630315876798
6.3500000000000005,0.0518572081624947,0.04720411129386372,0.03900275227495112,-0.11425879622245555,21.182153227274554,75.92887097255975,0.9558169533934604,-0.12171160073502733,0.12342459123256173,0.23741652876587188,-0.2634340348676218
6.4,0.05338161910127537,0.07833242537912065,-0.007556174711888984,-0.12899777762173475,21.113333331757374,75.23803436099907,0.955541605191031,-0.12074798100129863,0.1245269975488794,0.23843907547740356,0.051512462056589076
6.45,-0.06473783494086671,0.06261428594810942,0.04281837014301904,-0.13541062484425104,21.045324816149872,74.55048970142506,0.9555266258961671,-0.11976079791016267,0.12355400567638948,0.2395007853196438,-0.29442915606698067
6.5,0.000990410074386397,0.11647372268422386,0.04311699312202488,-0.1570079034037231,20.978031019736697,73.86641099776145,0.9539511188078202,-0.12354704722325516,0.12816729046158354,0.24142604603368462,-0.29885722035122414
6.550000000000001,-0.03809938766567665,0.0769531762897209,0.037583727555185395,-0.17446651566263396,20.911583701135363,73.18574629641985,0.9533572364745405,-0.12423131882142165,0.12956415761061327,0.24267197643767877,-0.2624352684307949
6.6000000000000005,6.196583906013797e-06,0.06995859448470634,-0.02029902066132149,-0.18888353253859835,20.84593983162863,72.50845358148452,0.9534920767235499,-0.12264821047579846,0.130121815822915,0.24264910702379217,0.1427132671790958
6.65,-0.04178856826531488,0.045308509549483726,0.09769716673940691,-0.19128004813840033,20.78112858842922,71.8344969268517,0.9526074698323062,-0.12440978955278816,0.13116800919482435,0.24465519828319438,-0.6912172280914977
6.7,-0.024505648153205516,-0.02018150891185394,0.05276008275871126,-0.22223559108190852,20.716685698508297,71.16399592925734,0.9521615693876334,-0.12562008131157446,0.13204038464210247,0.24530242105637243,-0.37546809371677775
6.75,-0.007764421541132112,0.1036979999396454,0.02616366590007315,-0.23590702929088445,20.653003557918524,70.49698478037189,0.9514380552205859,-0.1270431205580974,0.13414420592982937,0.24623363826330807,-0.1872007516018066
6.800000000000001,-0.004406987843059033,0.04276975979385224,0.08413494484009479,-0.24590805090106682,20.589938866709943,69.83333545574729,0.9514115054829224,-0.1258952593672928,0.13354841621604951,0.24724755090747838,-0.6049891668128988
6.8500000000000005,-0.021476468060286025,0.09469736687226524,0.014240293497619988,-0.2697689470398204,20.527200172445884,69.17281545006503,0.950819497615601,-0.12841637019284136,0.13374266652100114,0.24812178052795636,-0.10286956114324057
6.9,-0.02682938216102803,0.027680775276878178,0.09304729855488161,-0.27612729558113747,20.46519976992898,68.5154384879928,0.9497939605588147,-0.12887096769906567,0.13665069472278774,0.25022049037216426,-0.6750176478583625
6.95,-0.024428959745378245,0.1308590112659491,-0.004174104542977973,-0.30195088411327087,20.403484998212754,67.86115299358033,0.9498913295727097,-0.12500709756292344,0.1405310134504461,0.24966121408836026,0.030400186704166332
7.0,0.010661057346066892,0.011159387786878593,0.04763526737991576,-0.3038042508820569,20.34271851400475,67.20994599784605,0.9490255920364831,-0.1284488655760232,0.14008948437534893,0.2514483067341762,-0.34818644904454904
7.050000000000001,-0.0021303378138246565,0.04086266453830308,0.02264909949504713,-0.32174705011131965,20.28244614538915,66.56191098628723,0.9486757032619623,-0.12926550680666266,0.14010878824745274,0.25233780185748733,-0.1661051023851811
7.1000000000000005,-0.010523617653724157,0.08126873394329917,0.035206162141631664,-0.3331156349968663,20.222919461386958,65.91683454226263,0.9478598287116838,-0.13160085230545493,0.1404783041027448,0.25398583988788,-0.2589927789528289
7.15,-0.04288678254936194,0.07105201392221805,0.024034618457422014,-0.3474259374090107,20.163980391504623,65.27464114355394,0.9475653097941736,-0.12835957671613896,0.1450647086473508,0.25416536554964525,-0.1773127519988221
7.2,-0.03471888132331071,0.028965923436558128,-0.001813608444611016,-0.35951776759202636,20.105799451841815,64.63548275538609,0.9468759156151944,-0.13145727530261764,0.14468874511779453,0.25536278553097136,0.01341480877933056
7.25,-0.016517695868748336,0.06091743339337277,0.03508354292377363,-0.3685382035511414,20.04820468355474,63.99893168113737,0.9466955403324662,-0.12752059389461665,0.14752962033195624,0.25640020119355017,-0.2601328341834283
7.300000000000001,-0.01733064299752286,0.06599198170956225,0.01620930304301406,-0.3847175861730034,19.9910017914661,63.365180902508214,0.9453010395960832,-0.13551648388153267,0.1472866885505525,0.257580780553913,-0.12045527874761362
7.3500000000000005,-0.03599483470650339,-0.016186535915271458,0.019315658446574124,-0.39707439793445515,19.934445375922717,62.73438851019687,0.9449677873284235,-0.1314266835337962,0.15150443068572608,0.2584749799294409,-0.14383541205478903
7.4,-0.036225637628316106,0.02634226678345255,0.06318237287175171,-0.41035765374084515,19.8783349850004,62.10614324263199,0.9449296781753841,-0.13357811733960392,0.14942672507659494,0.2587207832862598,-0.4713879289319878
7.45,-0.06503963688259373,0.042119233480889924,0.03734031936080463,-0.4306697232680933,19.82260887804978,61.48079983119973,0.943705747462925,-0.1354625152242152,0.15255288979123463,0.2603785417251478,-0.27907638576485977
7.5,-0.012367638057750027,0.06915175374430645,0.0223530606978144,-0.4402673389462371,19.76673848195853,60.85858807078704,0.9428784875203399,-0.13795792635798845,0.15388261373706702,0.2612812842815358,-0.16733469052911257
7.550000000000001,-0.0627394062669741,-0.060029807008241544,0.07156177957347126,-0.44528486897655195,19.710610776882174,60.23904860170023,0.9431482457812171,-0.1373432280948323,0.1521325846782291,0.2616560736069872,-0.5365132181533429
7.6000000000000005,-0.025920929916872556,0.056420636517185284,0.07886256708145911,-0.4570423172452979,19.654438481116276,59.622259478991836,0.94193290795523,-0.1415135857240143,0.15362153775176363,0.26293863372528564,-0.5920669624941627
7.65,-0.014156278562899721,0.08476065093068402,0.004187188293167644,-0.4671825447803414,19.59894931779139,59.00793306705885,0.9420199114443405,-0.1379795986849062,0.15656926662236065,0.26276640108371013,-0.03147583683151593
7.7,-0.04459992073343221,0.07632004513943957,0.008182205129599315,-0.4672645701232378,19.544808389207656,58.39591903284031,0.9412011250197302,-0.14103486357771264,0.1563991844516119,0.264175897121749,-0.061579734537052636
7.75,0.0049785641876450085,0.02327805402333655,-0.0007274482168893107,-0.47371031972980615,19.49191692784595,57.78608557100628,0.9404524643337288,-0.1404872187300204,0.16037441474999806,0.2647499778955902,0.005480791246269585
7.800000000000001,-0.08244987870004829,0.03454736359706122,0.009711370518604143,-0.48381774118838106,19.440365903340165,57.17838459545484,0.9397985733081505,-0.13908182949747988,0.1628514079569559,0.26629739998361973,-0.07324189031463407
7.8500000000000005,-0.010042197230973209,0.009379900703052217,0.024264021904887932,-0.4988882145770776,19.389955084228394,56.5728327447011,0.9389155523342442,-0.14325293053935498,0.1632111605090273,0.26697996284752223,-0.18316672268051873
7.9,0.041646893934349755,0.010328851774071737,0.04899242923622985,-0.5172446616142863,19.340457311929544,55.969594287588116,0.9382520163083852,-0.14394518965338834,0.1652517461105226,0.26768413601915786,-0.3701578606033232
7.95,-0.010198405421796682,0.019339990217310706,0.007849693551765548,-0.5379444687766451,19.291529042726246,55.36873382289728,0.9373273852425937,-0.14576572215211298,0.16772829634377967,0.2683969927651362,-0.05935492745180883
8.0,-0.04455408008615926,-0.0037565617460228115,0.04445409174921922,-0.5512733134481808,19.24306338441213,54.7702295216483,0.9368317124712704,-0.14613027992046435,0.1680016999882253,0.2697549120953689,-0.33638451343044073
8.05,-0.0354488701091705,0.043324556207950025,0.0754238358592954,-0.5679278252410973,19.194543585050074,54.174124794485834,0.9368290128701453,-0.14532743077644306,0.16872208354500523,0.2697483957930047,-0.571122351199804
8.1,-0.03630952298351768,0.09917182875563209,0.058739570739376544,-0.5858787523503585,19.145901476158375,53.580477845436555,0.936397553035705,-0.14605554754269806,0.1696346761316259,0.27028036620232904,-0.44506715295525723
8.15,-0.043326711602899796,0.02789062370153524,0.03864271760475327,-0.5976455226278405,19.097345222994672,52.98917510259979,0.9353288828105261,-0.15117453644941026,0.16975550096361633,0.2710889344888695,-0.2929654102679975
8.200000000000001,-0.04169502366613363,0.078510004064067,0.05945243123620708,-0.6050131956165556,19.04897091074142,52.40023069992321,0.9347445710532495,-0.14668206470934744,0.17630115776019034,0.27139428982846364,-0.45097598770519715
8.25,-0.10112994240951377,0.05161780709879497,0.005693905872617228,-0.6147121598021048,19.00073355619548,51.813459883026916,0.9345961243572141,-0.1495117259691585,0.17413164253185637,0.27176184280239934,-0.04321274669359613
8.3,-0.08748623589385326,0.025328598863847362,0.005731852807538684,-0.6183100702463113,18.95308187873329,51.22881853167689,0.9333919572457647,-0.15160552819257822,0.17627029032522856,0.27335691452573435,-0.04352095196710956
8.35,-0.034847782206387345,0.07940834100635336,0.015417530488135368,-0.6238922866954145,18.905972666631783,50.646222931634036,0.9322486122387301,-0.1546000753940026,0.1789909421924357,0.27381304621985153,-0.1171130080786923
8.4,-0.04939988560739975,0.04174011576283314,0.024449230714378902,-0.632711609672871,18.85962187037594,50.06578674229888,0.9310131158545927,-0.15814045521413944,0.1798881357152789,0.27540231146500743,-0.1857927421066191
8.450000000000001,-0.06123976707434425,-0.01933389147979895,0.03125141253233974,-0.6433810512444836,18.81396974249911,49.48717456029345,0.9314263077655291,-0.15536087876049817,0.1801755401591888,0.2753993559930452,-0.23757121410658905
8.5,-0.02807836934800407,0.06810329523224229,0.03689842219593298,-0.6555440887097516,18.76903354959054,48.910447385932265,0.9303182277622829,-0.15732408432023592,0.18345386944355146,0.2758655566978828,-0.2805956309545244
8.55,-0.009192297837517287,0.0752829329097766,0.02449773443347043,-0.6683634873469355,18.724780532949634,48.33559011411131,0.9293279212315239,-0.15973235827388083,0.18575481887762912,0.2762794523729526,-0.18635334040287369
8.6,-0.024744194521235635,0.06183230841543123,0.12484590482637029,-0.6798330488214046,18.681192016771693,47.76260549493501,0.9290149600724948,-0.15921573078406423,0.18698633694895261,0.27679896102913726,-0.9499784032099312
8.65,-0.028215269275036467,0.06547696824383889,-0.01954798565051899,-0.7011173044675408,18.63775943166003,47.19151161833434,0.9282285741989622,-0.162884888836212,0.18756910321784984,0.27690803265241015,0.1487854236679115
8.700000000000001,-0.06092059381097237,0.10043701676788067,0.03112349431359948,-0.7053656846523297,18.59531373582707,46.62231156552142,0.9277875379191497,-0.16300988559865356,0.1884478012924593,0.2777147599013672,-0.23695022853206776
8.75,-0.06572263782047034,0.03089305262415696,0.08740835866764331,-0.7162068815139906,18.552962872593202,46.054994692958566,0.9271151307158529,-0.16462743763117196,0.1888785100747164,0.27871176797666236,-0.6656167698174513
8.8,-0.07666093569466786,-0.02440891102535049,0.039047414707878585,-0.7318499127128638,18.51067951390023,45.48957914601901,0.9257122518839487,-0.1671235242693706,0.19261301179788567,0.27933274429232485,-0.2974121953967484
8.85,-0.032892411757320224,0.0786187692557831,-0.036772772051655696,-0.7406811501058993,18.46890053555746,44.92612638234638,0.9248118729770541,-0.16900723451411992,0.19550173031508186,0.2791749052589995,0.2801439673502834
8.9,-0.09052503834265828,0.1079985854705406,0.07855855691272312,-0.7425215048691659,18.42762550052282,44.36441508712791,0.9232991636684477,-0.1693021426250471,0.20160539576614434,0.2796617658345339,-0.5985915262740672
8.950000000000001,-0.057020740977892254,-0.004084801381511197,0.02627925963805692,-0.7567699161856112,18.38614189988769,43.80452404872922,0.9241698124710264,-0.16844070454800378,0.1981292052784318,0.2797904658568211,-0.20027491141999468
9.0,-0.005830658800970195,0.014870164592104142,0.002488916754519954,-0.764838672794521,18.345219087968697,43.246479080035655,0.9224348735505858,-0.17367229155436184,0.20010440880908165,0.2809093533137326,-0.018971198179261316
9.05,-0.08549486210292409,0.10785589344558186,0.06836170313524073,-0.770454660268925,18.304790521181435,42.69021914277281,0.9211525988685163,-0.17882673706140048,0.20040919721390332,0.28166476773254734,-0.5211505947841256
9.1,-0.036306444364424234,0.08503888575996613,0.04193530665632629,-0.781753657164331,18.264551758193925,42.13564942627922,0.9194992071748704,-0.18077816176181846,0.2054430649255181,0.28219427936939456,-0.3197360011414747
9.15,-0.11333126609676186,0.04171033520570781,-0.06991088444533658,-0.7903688421251364,18.224911259490653,41.582786081601355,0.9200642562769386,-0.17687381816801584,0.20659208548100463,0.2819878135395942,0.5331060027159847
9.200000000000001,-0.07779482759416759,0.044086377056862545,0.0669897919003096,-0.7900822637008155,18.186124242469997,41.03144416355057,0.9191047042659555,-0.18017399208693574,0.20714327887288844,0.2826226055881517,-0.5108936411701933
9.25,-0.13635535763570877,0.11401858144415217,0.04544984713150123,-0.8035980391363672,18.14727923994107,40.481675631356914,0.9177134474898984,-0.1853951098117343,0.2078417664691641,0.28325338773804254,-0.34665997418827593
9.3,-0.055216153899818224,0.08214154120945726,0.021133373652814882,-0.8144203047173137,18.109026130814,39.93347902607595,0.917931456453816,-0.18042764697115685,0.2127928795837483,0.28207604623484794,-0.16120781394017147
9.35,-0.0015612307330711006,0.08454582087206536,-0.023381569698216045,-0.8227637565997803,18.07135432334121,39.38682538318405,0.9166913120505966,-0.18608333202421953,0.21106383964351585,0.28372889797949036,0.17837489440854204
9.4,-0.03558815971382817,0.09338056103497233,0.018684418831806947,-0.8283807363727885,18.034262108076042,38.8416908171489,0.9155449629002649,-0.1882944917625413,0.2139442328796722,0.2838141478104419,-0.1425540368144071
9.450000000000001,-0.0514941769026891,0.08317650288972989,0.07939141391884652,-0.8374943266547937,17.997452689604835,38.29806729945566,0.9143664952552766,-0.1872950442205344,0.2200773628601984,0.2835849663178763,-0.6057739408897628
9.5,-0.04412396117047945,0.09998288728862775,0.0817468724117126,-0.8504174738634562,17.96086227920872,37.75596241355659,0.9141653500197735,-0.19029447882626804,0.21852761750132219,0.28343500937721144,-0.6237962779250129
9.55,-0.09270152935860788,0.08735962903389102,0.0010953968319844139,-0.8622394979116053,17.924671159099617,37.21537471632706,0.9117572034425181,-0.19633254212592946,0.22158719978136363,0.2846953595795036,-0.008359404410795798
9.600000000000001,-0.07855446623309083,0.10408385911676601,0.03509924734322584,-0.867540496803355,17.889111444594956,36.676279183620245,0.91113176623835,-0.19442800182172484,0.22551542682651696,0.28492007462137475,-0.2678746939965618
9.65,-0.043420987428233394,0.08155630647903613,0.06706266566239004,-0.8752151311883387,17.853778521185255,36.1386515706787,0.9108702740976632,-0.19681641427890006,0.22558759669243894,0.284057879760752,-0.5118499754235997
9.700000000000001,-0.07874850692588457,0.08848648039912452,0.01699431065702757,-0.884755668281856,17.81868025846459,35.60249943956921,0.9097724519250343,-0.19933787971321518,0.2274583396251166,0.28432586791344905,-0.12971539506477464
9.75,-0.1331481955074361,0.10304887913483952,-0.009960152258987706,-0.8905129452510914,17.784121627873702,35.0678585715204,0.9079902127576315,-0.20312598426118997,0.23030575056102218,0.28504888933794886,0.07602882483384932
9.8,-0.031524632877633095,0.113037490994168,0.06339695446158886,-0.8948150093051087,17.749969723753267,34.534639444095234,0.9065285855488383,-0.2072265867698365,0.2318076299370012,0.28553158848284427,-0.48395322407296487
9.850000000000001,-0.023664271306303344,0.016316760812013012,0.02241515324461072,-0.9037999759652624,17.715928934069424,34.00281792828427,0.9073542710859847,-0.2038154488187223,0.2333038433190766,0.28414222892310825,-0.1711188578250626
9.9,-0.1250733258942186,0.04417189688397637,-0.039319714765017375,-0.9096987799099656,17.682376779614515,33.472377568216764,0.9041590473155933,-0.21143105628899875,0.23717817400130725,0.2855518155629252,0.3001831215723133
9.950000000000001,-0.09834376979839876,0.08849948329950412,0.06123075095307839,-0.9119968860527676,17.649364965941565,32.943273686907744,0.903544861003293,-0.21117384531311595,0.23945615899903638,0.2857849525913503,-0.4674809603004446
10.0,-0.12357695023098574,0.08141689888427203,0.053334948430581314,-0.9210408349951502,17.61639756837404,32.41549256341471,0.9027655287647572,-0.2154849145554217,0.2382971305967725,0.2859984776576189,-0.4072146782031963
10.05,-0.08266376315341374,0.09750989536640607,0.034974476858941506,-0.9290817756840973,17.583848573438846,31.889032729445695,0.901316129837969,-0.21928773271186278,0.24036172411302073,0.2859516846556635,-0.2670415441941062
10.100000000000001,-0.07598065191431393,0.11315896245884684,0.06506967268398511,-0.935173955052697,17.551780592076422,31.36386303199096,0.8997874781477306,-0.22003443067046494,0.24636577280645008,0.28508112788739987,-0.4968453390127159
10.15,-0.07691538187286245,0.17803951688156205,0.04998798101843459,-0.9425116044417173,17.520040584514522,30.839963004261172,0.8996134067545183,-0.22094188878824134,0.24594919314022834,0.28528826572413546,-0.38170003217440185
10.200000000000001,-0.13226991238335523,0.14816332522617162,0.042491723464853,-0.9487843004961651,17.488745506841987,30.317316894890787,0.8970578585646523,-0.22679367686119953,0.2497028131174972,0.28548262932162144,-0.3244696088609412
10.25,-0.03833945262547536,0.1301159142919766,0.016501498003248495,-0.9543145650660957,17.457881009611395,29.79590430551951,0.895762385227347,-0.23049751311094047,0.2510544446452267,0.2853985134603238,-0.126010074292338
10.3,-0.09777720038935199,0.08951246998291389,0.06039962433019205,-0.9586935938070232,17.427467664624587,29.275705147838817,0.8945938022538595,-0.232442730167304,0.2534688978179374,0.28535210530205013,-0.4612406220686923
10.350000000000001,-0.03842695931852956,0.13787480938121666,0.040493348569456605,-0.964833247163327,17.397347344941462,28.7567098734684,0.8930358912522098,-0.2336055302692213,0.25833227438653383,0.284920671719845,-0.3092343083483089
10.4,-0.15543644247138272,0.23688262392382614,0.07899672896386524,-0.9700964529024079,17.367649135914657,28.238910275478705,0.891612669801988,-0.23647128244568694,0.2606597344105015,0.28489416014392127,-0.6032857377860847
10.450000000000001,-0.0972528683797152,0.19544126079288257,-0.02362416876742073,-0.9769054260950683,17.338254485207205,27.7223224686117,0.8888472741946883,-0.24327488846663348,0.26318501647078724,0.2854846736752972,0.180417975776397
10.5,-0.09005835041261906,0.11965537190558655,0.04939031236503871,-0.9783889886463428,17.309505004319114,27.206864692066,0.888429304731964,-0.24273083285349176,0.2656737496000045,0.28494310317886845,-0.3772017997764755
10.55,-0.0899919758006516,0.07205059065320926,0.03504596591842722,-0.9835672288552411,17.280916580050462,26.69255656446803,0.8862023047598767,-0.24773249731599872,0.26821329626391677,0.2851941663483067,-0.2676567289996218
10.600000000000001,-0.12841165295226795,0.11377942225741226,0.05816700343497462,-0.9880041185229006,17.25273288488112,26.179420133196754,0.8854648328518246,-0.2512583459196385,0.26836817424946574,0.2842530500072531,-0.4442469383632227
10.65,-0.11952272680053974,0.12777988160276008,0.006791333013742837,-0.9929434495884147,17.224863284506572,25.667391771523203,0.8836705644715676,-0.2532874765749668,0.2728603431687517,0.28375873699785537,-0.05186924274226702
10.700000000000001,-0.0967605571154472,0.11689455271451894,-0.029015587975867545,-0.9957240864325673,17.197462452427605,25.15648793685267,0.8818626559996624,-0.25741317179065054,0.27530406598918816,0.28330970013700396,0.22161182257208095
10.75,-0.0601071844989383,0.1928554905265512,0.03162736441286465,-0.9969935067129031,17.17053087945238,24.646714384421863,0.8801775056120065,-0.25981061390469934,0.27825329090253453,0.28348035138083055,-0.2415632099551375
10.8,-0.1101085452248962,0.14407840986510398,0.03780005137661463,-1.0006428231261344,17.143831307433967,24.138043208483584,0.8785636570846488,-0.264825448277991,0.27905396847835384,0.283058766108543,-0.2887127865649505
10.850000000000001,-0.07105432323971045,0.14254869850350257,0.07423045024652435,-1.0045576359256183,17.11746660396182,23.630456424003036,0.8759937147635644,-0.26883673458949436,0.2828880977247755,0.2834363173547924,-0.5669714468344149
10.9,-0.17125622843753274,0.1444724688877491,-0.028449345035240683,-1.0090962267097203,17.091418126868888,23.12394292019686,0.8747358062607266,-0.27169177131892525,0.28550636696411635,0.28196979459852217,0.21729837636086696
10.950000000000001,-0.15463319550142682,0.13182688235157242,-0.04990968601477669,-1.009267826130022,17.065982681303087,22.618475823571714,0.8725912170081773,-0.2724040186655104,0.2915883543481263,0.2817034792536644,0.38121838387645146
11.0,-0.16654390675510344,0.1640145488221595,0.010257861526464695,-1.009110716540346,17.040938615704334,22.114020772152674,0.8704153054772986,-0.2781636055690455,0.2928652419128512,0.28148206800259334,-0.07835204115476675
11.05,-0.12679531480159156,0.11506063169429279,0.02769587834601908,-1.0112650488423471,17.01613320712806,21.610571510782265,0.8679311717913206,-0.2797586363378929,0.2993969427633362,0.28069922887545506,-0.21154990039070817
11.100000000000001,-0.1509464842405761,0.13711374234877022,0.027362677223143884,-1.013957382865139,16.991670639219784,21.108125496162113,0.867017397026874,-0.28430319371330987,0.2978720342555599,0.28057936222325863,-0.20900669750498976
11.15,-0.14312218998199674,0.19801106356573522,0.0635303480086292,-1.01620820063471,16.96761273848794,20.606669299823682,0.8641828997841026,-0.2899038559246403,0.3013589988994041,0.27986858312985796,-0.485273453727456
11.200000000000001,-0.18205727726349294,0.18649790837882124,0.04323342542201505,-1.0189353547732847,16.943908585508723,20.10618960932445,0.8617816106692415,-0.2908777420823676,0.30835583931993993,0.2786382440202473,-0.3302390287374677
11.25,-0.09999091090229141,0.12854603823950667,0.004834444270822573,-1.0206191215782914,16.920652884001512,19.606672032150378,0.8600283584205639,-0.295292113102581,0.3093674027342934,0.2782904971020031,-0.03692823444654648
11.3,-0.14847948974363076,0.13980786926617175,0.07672080509026333,-1.0204838398282943,16.897897481479095,19.108092713520172,0.858284268355485,-0.30225735175413443,0.30798178782090757,0.2777333728141162,-0.5860412262466363
11.350000000000001,-0.1643231079358496,0.14080433572677487,0.04930181755818941,-1.0223083815809082,16.875413733850706,18.61043917871579,0.855087217852839,-0.30629137004750934,0.3133344820076027,0.27718756985863974,-0.376600409150308
11.4,-0.16497596002710976,0.20535448507286802,0.03576309233757776,-1.0228696606076497,16.853399008534144,18.113703213102806,0.8530638824574207,-0.3103823802142936,0.3155410340586956,0.27636686907867747,-0.27318420375854524
11.450000000000001,-0.11364454647563976,0.2172122246453716,0.038524194917587705,-1.0224893098916026,16.83183580221921,17.617862973999053,0.8493189122824737,-0.31502695408310344,0.32078359871111334,0.27661035092415726,-0.2942771809487124
11.5,-0.16837501354148676,0.24470624322394946,-0.006458278439730444,-1.02182898063219,16.810683666918642,17.122901503018127,0.8466431028554171,-0.3200581455652617,0.32371955413385367,0.27561547510264434,0.049333521882687144
11.55,-0.13811011429508602,0.2379019713226215,0.03670247774182005,-1.019776523113178,16.790012277859677,16.628798807215507,0.8428547813315169,-0.3251452087623163,0.328355104143707,0.275788571895729,-0.2803644428375808
11.600000000000001,-0.24838994975012132,0.21250216965541974,0.0020894904642592485,-1.0188904793932947,16.769659783287164,16.135542642333423,0.8410369941082809,-0.32936767688973134,0.33015305023497654,0.27417635088043274,-0.015961363954106692
11.65,-0.17043736028226575,0.21186558123960303,0.016156495561479623,-1.0165444892296756,16.749791206636328,15.643120783944491,0.8379507741853814,-0.3348910406094523,0.3328192760051019,0.2737111990421247,-0.12341805629128678
11.700000000000001,-0.14454327901776348,0.18560241528243313,0.0010912312473237498,-1.014318366855233,16.730305024769258,15.151512124523423,0.8347495788476703,-0.3371235854594526,0.3396398160114091,0.2723703804020111,-0.008335854784289417
11.75,-0.13078548858813566,0.17547621909836827,-0.035258281845889916,-1.0115522443790828,16.71124207044657,14.660702844353626,0.8327942379284966,-0.3433837996373673,0.3393172733172651,0.27093377686851006,0.2693371063720846
11.8,-0.17617261556339017,0.26740367305269336,-0.011895548921360456,-1.0076116596634144,16.692641705118373,14.17067154599819,0.8301317590211972,-0.3435381129551401,0.3468135159911616,0.2694127182176868,0.09087012497357143
11.850000000000001,-0.1481809834389947,0.262369136441933,0.06401539901740978,-1.0041189295477246,16.674396680030398,13.681400139665662,0.8260742536127254,-0.3526036747379512,0.3476153524652812,0.26913851974384867,-0.4890154602272036
11.9,-0.17781801004715142,0.20471383479895974,0.030672269669113985,-1.002097692049545,16.65643877535671,13.19288559266084,0.8251728132227525,-0.3539030724310895,0.3506890841060869,0.2661946842645762,-0.23430710022117857
11.950000000000001,-0.14838066418974613,0.17047095418152725,0.01914838840083806,-0.9989817967829974,16.63893524345272,12.705116575570575,0.8205316147863521,-0.36131132665624477,0.353827537447844,0.2664358611553643,-0.14627600135944002
12.0,-0.18031941311335364,0.2452113336122732,0.05669844894156524,-0.9950042132797418,16.621868599790485,12.218065745770366,0.8169261423732701,-0.36689138194719023,0.35686806296906737,0.2658337401322758,-0.43312501379653645
12.05,-0.15902319088011457,0.17532718864596245,0.0017519713506830951,-0.9915342152653942,16.60514580507354,11.731717357483165,0.8136248718458187,-0.37142185289099455,0.3604847413390798,0.2647850569246539,-0.013383516765246479
12.100000000000001,-0.1725048492549481,0.21514170293696663,-0.027042007046998853,-0.9861453774776491,16.588925732002142,11.246045772418011,0.8092567721342819,-0.37780590902504174,0.36430682708009243,0.2639066266758005,0.20657761436695682
12.15,-0.18590408001025016,0.23052039040519498,0.08005533140333473,-0.9798411677504519,16.573134845348054,10.761016080739237,0.8054921018612583,-0.38366045253265474,0.36750312223972775,0.26254254159206775,-0.6115551363582842
12.200000000000001,-0.20750526330058144,0.18472011762110718,0.017379317923015454,-0.9754932312762565,16.557575504689854,10.276615207789094,0.8042849492140244,-0.3858317100348143,0.37021968367395325,0.2592238372907926,-0.13276360796473907
12.25,-0.17774783371992386,0.18076295695959185,0.019677433636589907,-0.9695314412744293,16.54248688958389,9.792829190032474,0.7991855726168744,-0.39200593192188765,0.3749693317526492,0.25890494414758236,-0.15031962238193575
12.3,-0.16899063428498132,0.2388140627899486,0.03447965868383239,-0.96312092220628,16.52778069564031,9.309623230766048,0.7958638127764766,-0.3996565198837974,0.3751227160313936,0.257212763183501,-0.26339712139647947
12.350000000000001,-0.2361187711423911,0.26615720443291074,0.03244896741728617,-0.9566446287391492,16.513423050003464,8.826974512390333,0.7908127023774021,-0.40196372831936406,0.3836591886897847,0.256604867077854,-0.2478847118713958
12.4,-0.19532651840095863,0.2604536723465532,0.041150136645528496,-0.9498054695668767,16.4994259185088,8.344861084978984,0.7881343763795637,-0.40835549780942915,0.384075409671746,0.25411822418529895,-0.3143553746142681
12.450000000000001,-0.20029291601976623,0.24411234808442583,0.03766707631021314,-0.9427390886953617,16.485770065442335,7.863255930629898,0.7839525733470454,-0.4119624889104316,0.3896400935113248,0.25275653898911093,-0.28774793910830687
12.5,-0.21545581065566158,0.19535772219415606,-0.017644907818427903,-0.9352249278820861,16.472459194745536,7.382131379998899,0.7783223614547263,-0.41764086575405646,0.3948331190381042,0.2527789884907028,0.13479393847967253
12.55,-0.20707531565060305,0.22874838841585104,0.005746417194777488,-0.9263643793665565,16.45954019838884,6.90145327970822,0.7746829813628334,-0.42455188023781304,0.39613297186861895,0.2504009743828194,-0.04389840504852785
12.600000000000001,-0.21281034620661032,0.2574101927064623,0.06231053225752184,-0.9175986313496317,16.446894858253632,6.421190898712565,0.7734451536014624,-0.42720556077091965,0.3986417052277586,0.24568840849726564,-0.47600732013285924
12.65,-0.19080962345958863,0.25390083096393196,-0.020872351965035528,-0.9097402129465773,16.434453289632405,5.941324235556712,0.7655768583184669,-0.43564422204660563,0.40336282673933216,0.24779954763778161,0.15944984700113216
12.700000000000001,-0.2661203561392963,0.32938505112508826,0.017359726858120768,-0.8998937918455365,16.422402062207592,5.461822081869403,0.7619254923806033,-0.44021746860872346,0.4068794929218186,0.24520848809122964,-0.1326160593674696
12.75,-0.1954217905063101,0.22818732349206505,0.0632091949586337,-0.8905617031581251,16.410538617948486,4.982647465944361,0.7567944045045353,-0.44798730867494546,0.4086193518476536,0.24413075568721043,-0.48287416868371635
12.8,-0.20896886974939743,0.26314561547428017,0.11139314925290106,-0.8820144869803657,16.39882822369123,4.503785559018951,0.7507742019846951,-0.4540815578383041,0.4132422962444051,0.2436777401816475,-0.8509668666828962
12.850000000000001,-0.21525107908932162,0.27617136519299995,0.040599471427185785,-0.8739895192050635,16.38727400809383,4.025219362996596,0.7473828731028442,-0.4590193786335218,0.41595640155508834,0.24020891539819147,-0.3101522775474688
12.9,-0.16603987452563357,0.24829557735711483,-0.006805192273849889,-0.8643331722087237,16.37600564747714,3.5469147715899805,0.7429731059852966,-0.4653307161567668,0.4184563984810305,0.23738688033224734,0.05198707664777634
12.950000000000001,-0.278246901779795,0.2982751780422713,-0.013419181492972446,-0.8532873224553144,16.36496927899881,3.068826150533301,0.7361161450155577,-0.47208644857239734,0.42269131133450993,0.23790641320495803,0.10251358003154017
13.0,-0.2354246914910635,0.27705981807308255,0.009282991498650976,-0.8421067358095017,16.3540380731888,2.5909145414608474,0.7330249137760391,-0.47587166894539634,0.42597060367670797,0.23402921886391603,-0.07091591015544012
13.05,-0.2570095766476224,0.2570891989170674,0.04491650480008827,-0.831387298404132,16.343142021019265,2.1131586040887753,0.7271221598993113,-0.4813472131792614,0.4300514020942567,0.23378198498747296,-0.34313262759885915
13.100000000000001,-0.21523934605711773,0.32421508411494776,0.04821918149435077,-0.8213358853243407,16.33224420990464,1.635541510029464,0.7226484717124182,-0.48612341083904653,0.4337116334545576,0.23099228292758447,-0.3683631766935071
13.15,-0.2495875351902473,0.2063544858106288,-0.00248020763492688,-0.811263698507814,16.3213672926134,1.1580428495379043,0.7165450659333614,-0.4933241905222665,0.4361007927252765,0.23024011404724978,0.018947185649505684
13.200000000000001,-0.17850546186798416,0.3070049646162961,0.05941289024742176,-0.8002953485852478,16.31053730118306,0.680632234163979,0.7120647397194558,-0.49656560152859447,0.44116680934641334,0.2275044090955472,-0.45387642732169475
