# Time (s), ω1 (rad/s), ω2 (rad/s), ω3 (rad/s), α1 (rad/s²), α2 (rad/s²), α3 (rad/s²)
0.000000,0.000000,0.000000,0.000000,0.000000,0.000000,0.000000
0.000010,0.000000,0.000000,-0.000000,0.000000,0.000000,0.000000
0.000020,0.000000,-0.000000,0.000000,0.000000,0.000000,0.000000
0.001125,0.000000,0.000000,-0.000000,0.000000,0.000000,0.000000
0.001535,-0.000000,0.000000,0.000000,0.000000,0.000000,0.000000
0.001945,0.000000,-0.000000,-0.000000,0.000000,0.000000,0.000000
0.002765,0.000000,-0.000000,-0.000000,0.000000,0.000000,0.000000
0.003585,0.000000,0.000000,-0.000000,0.000000,0.000000,-0.000000
0.004406,-0.000000,0.000000,0.000000,0.000000,0.000000,0.000000
0.012608,0.000000,-0.000000,-0.000000,0.000000,-0.000000,-0.000000
0.014248,-0.000000,0.000000,0.000000,0.000000,0.000000,0.000000
0.015889,0.000000,-0.000000,0.000000,-0.000000,-0.000000,-0.000000
0.016996,0.000000,-0.000000,0.000000,-0.000000,0.000000,0.000000
0.018103,0.000000,-0.000000,-0.000000,0.000000,0.000000,-0.000000
0.019210,0.000000,-0.000000,0.000000,0.000000,0.000000,-0.000000
0.021424,0.000000,-0.000000,0.000000,-0.000000,-0.000000,0.000000
0.023638,0.000000,-0.000000,-0.000000,0.000000,0.000000,0.000000
0.025851,0.000000,-0.000000,-0.000000,-0.000000,0.000000,-0.000000
0.047991,-0.000000,-0.000000,0.000000,0.000000,0.000000,0.000000
0.048434,-0.000000,-0.000000,0.000000,0.000000,0.000000,0.000000
0.048877,0.000000,0.000000,0.000000,0.000000,0.000000,-0.000000
0.049319,-0.000000,0.000000,0.000000,-0.000000,0.000000,0.000000
0.049762,0.000000,0.000000,-0.000000,0.000000,0.000000,-0.000000
0.050205,-0.000000,0.000000,0.000000,0.000000,0.000000,0.000000
0.051090,0.000000,0.000000,-0.000000,0.000000,-0.000000,-0.000000
0.051976,-0.000000,0.000000,0.000000,-0.000000,-0.000000,0.000000
0.052862,0.000000,-0.000000,0.000000,-0.000000,0.000000,0.000000
0.061717,0.000000,-0.000000,-0.000000,0.000000,0.000000,0.000000
0.070573,0.000000,0.000000,0.000000,0.000000,0.000000,0.000000
0.079429,0.000000,-0.000000,-0.000000,0.000000,0.000000,0.000000
0.088285,0.000000,-0.000000,-0.000000,-0.000000,0.000000,0.000000
0.105996,-0.000000,0.000000,-0.000000,0.000000,0.000000,-0.000000
0.123708,-0.000000,0.000000,0.000000,-0.000000,0.000000,0.000000
0.141419,-0.000000,0.000000,0.000000,0.000000,0.000000,-0.000000
0.159131,0.000000,0.000000,0.000000,0.000000,0.000000,-0.000000
0.175910,0.000000,0.000000,0.000000,0.000000,0.000000,0.000000
0.187736,-0.000000,0.000000,0.000000,-0.000000,0.000000,0.000000
0.199562,0.000000,-0.000000,-0.000000,0.000000,-0.000000,-0.000000
0.211388,-0.000000,0.000000,0.000000,0.000000,0.000000,0.000000
0.227815,-0.000000,-0.000000,0.000000,-0.000000,0.000000,0.000000
0.244243,0.000000,0.000000,-0.000000,-0.000000,0.000000,-0.000000
0.260670,-0.000000,0.000000,-0.000000,-0.000000,0.000000,0.000000
0.307638,-0.000000,0.000000,0.000000,-0.000000,0.000000,-0.000000
0.307947,-0.000678,0.000035,0.000053,-2.187151,0.113855,0.170027
0.308257,-0.001356,0.000070,0.000105,-2.188857,0.113671,0.170054
0.320113,-0.027654,0.001364,0.002108,-2.247454,0.104558,0.167717
0.331969,-0.054559,0.002524,0.004048,-2.291257,0.091204,0.159620
0.343825,-0.081885,0.003503,0.005869,-2.318322,0.073887,0.147424
0.355681,-0.109420,0.004256,0.007534,-2.326725,0.053198,0.133244
0.367537,-0.136932,0.004749,0.009032,-2.314382,0.030087,0.119433
0.379393,-0.164163,0.004963,0.010384,-2.279253,0.005873,0.108343
0.386415,-0.180054,0.004954,0.011129,-2.246877,-0.008393,0.103939
0.393437,-0.195686,0.004847,0.011851,-2.205466,-0.022085,0.101574
0.400459,-0.210994,0.004648,0.012564,-2.154685,-0.034793,0.101472
0.410040,-0.231232,0.004243,0.013554,-2.069784,-0.049802,0.105107
0.419622,-0.250568,0.003711,0.014599,-1.966258,-0.061318,0.112948
0.429203,-0.268820,0.003089,0.015736,-1.843633,-0.068593,0.124352
0.445093,-0.296248,0.001967,0.017888,-1.597185,-0.070205,0.148334
0.460982,-0.319316,0.000924,0.020431,-1.297610,-0.058851,0.172089
0.476872,-0.337216,0.000140,0.023302,-0.946750,-0.037776,0.188618
0.492761,-0.349160,-0.000272,0.026348,-0.548785,-0.012898,0.193022
0.503743,-0.353559,-0.000368,0.028455,-0.249085,-0.005628,0.189758
0.514724,-0.354577,-0.000344,0.030504,0.066435,0.011508,0.182672
0.525705,-0.352064,0.000012,0.032422,0.392988,0.057081,0.165714
0.536687,-0.345915,0.000821,0.034094,0.728401,0.088447,0.136892
0.540563,-0.342860,0.001176,0.034604,0.848061,0.095364,0.125639
0.544440,-0.339339,0.001554,0.035069,0.968032,0.099938,0.114331
0.548317,-0.335354,0.001946,0.035491,1.088088,0.102200,0.103372
0.560470,-0.319854,0.003169,0.036565,1.462473,0.094930,0.074411
0.572623,-0.299853,0.004186,0.037365,1.827586,0.068986,0.059276
0.584776,-0.275512,0.004810,0.038079,2.175264,0.031027,0.060749
0.596929,-0.247096,0.004941,0.038901,2.496876,-0.010546,0.076968
0.610222,-0.211788,0.004535,0.040096,2.808435,-0.050439,0.104736
0.623515,-0.172679,0.003682,0.041678,3.066880,-0.076271,0.133757
0.636808,-0.130548,0.002602,0.043608,3.261297,-0.083509,0.155792
0.650101,-0.086314,0.001546,0.045761,3.381727,-0.072245,0.166549
0.666029,-0.032012,0.000613,0.048425,3.416881,-0.040725,0.165621
0.681958,0.021835,0.000257,0.051004,3.322873,-0.001077,0.156988
0.697886,0.073120,0.000504,0.053445,3.094064,0.033384,0.149992
0.713815,0.119691,0.001194,0.055822,2.731121,0.052484,0.150036
0.734706,0.170162,0.002320,0.059012,2.065292,0.049479,0.158493
0.755598,0.204766,0.003179,0.062393,1.220142,0.026263,0.163643
0.776490,0.220338,0.003570,0.065799,0.255277,0.006659,0.156318
0.797382,0.215177,0.003719,0.068938,-0.749910,0.012796,0.140740
0.818274,0.189391,0.004258,0.071784,-1.702207,0.030736,0.127930
0.827570,0.171773,0.004609,0.072939,-2.082891,0.040190,0.122116
0.836866,0.150791,0.005005,0.074043,-2.425018,0.044814,0.114925
0.846162,0.126839,0.005428,0.075071,-2.720491,0.045263,0.106182
0.855458,0.100385,0.005829,0.076010,-2.961910,0.040610,0.095401
0.869827,0.055840,0.006321,0.077242,-3.214246,0.026029,0.075572
0.884197,0.008816,0.006565,0.078181,-3.303707,0.006757,0.054869
0.898566,-0.038260,0.006542,0.078841,-3.219763,-0.011003,0.037747
0.912936,-0.082879,0.006297,0.079301,-2.961292,-0.023012,0.027605
0.930718,-0.131038,0.005831,0.079754,-2.413939,-0.027456,0.026055
0.948500,-0.167501,0.005344,0.080273,-1.654759,-0.024339,0.033973
0.966282,-0.189038,0.004928,0.080997,-0.747697,-0.020244,0.047311
0.984063,-0.193732,0.004551,0.081986,0.224044,-0.023007,0.064006
1.001845,-0.181263,0.004114,0.083301,1.165908,-0.027374,0.082671
1.015171,-0.161456,0.003736,0.084483,1.793959,-0.032712,0.096911
1.025134,-0.141537,0.003422,0.085508,2.194411,-0.027788,0.106319
1.035098,-0.117991,0.003167,0.086601,2.519764,-0.023972,0.113674
1.045061,-0.091629,0.002960,0.087764,2.757536,-0.016177,0.118649
1.055025,-0.063372,0.002835,0.088961,2.898475,-0.009369,0.121659
1.067882,-0.025732,0.002773,0.090541,2.928423,-0.000109,0.123577
1.080739,0.011178,0.002820,0.092135,2.784337,0.006643,0.124431
1.093596,0.045158,0.002947,0.093737,2.473433,0.013353,0.124711
1.106453,0.074166,0.003152,0.095340,2.013926,0.017590,0.124659
1.119310,0.096466,0.003409,0.096939,1.434276,0.022702,0.124112
1.132167,0.110740,0.003726,0.098528,0.771469,0.025804,0.122770
1.145024,0.116192,0.004078,0.100088,0.069015,0.029579,0.119909
1.159579,0.111440,0.004519,0.101796,-0.713922,0.029727,0.113931
1.174135,0.095795,0.004937,0.103383,-1.415814,0.030280,0.104511
1.188691,0.070914,0.005338,0.104822,-1.972183,0.022114,0.092055
1.203247,0.039324,0.005503,0.106041,-2.330890,0.028616,0.077922
1.217803,0.004169,0.005806,0.107083,-2.458235,0.011569,0.064752
1.221021,-0.003738,0.005857,0.107287,-2.453582,0.007683,0.062104
1.224239,-0.011611,0.005872,0.107483,-2.437018,0.003389,0.059620
1.227457,-0.019412,0.005877,0.107671,-2.408636,-0.000665,0.057346
1.230676,-0.027102,0.005868,0.107852,-2.368590,-0.004457,0.055315
1.237317,-0.042440,0.005817,0.108209,-2.250432,-0.011008,0.051984
1.243959,-0.056841,0.005729,0.108547,-2.086385,-0.015686,0.049902
1.250600,-0.070011,0.005616,0.108876,-1.880089,-0.018471,0.049077
1.258586,-0.083836,0.005465,0.109270,-1.582988,-0.019763,0.049619
1.266571,-0.095109,0.005308,0.109674,-1.241141,-0.019626,0.051608
1.274556,-0.103518,0.005154,0.110099,-0.865582,-0.018970,0.054779
1.286698,-0.110398,0.004926,0.110801,-0.254578,-0.018352,0.061350
1.298841,-0.109772,0.004699,0.111593,0.359058,-0.018917,0.069292
1.310983,-0.101915,0.004465,0.112486,0.929703,-0.019695,0.077949
1.323126,-0.087608,0.004231,0.113485,1.413469,-0.018984,0.086599
1.332309,-0.073267,0.004069,0.114308,1.698555,-0.016364,0.092516
1.341492,-0.056680,0.003937,0.115181,1.900005,-0.012034,0.097488
1.350676,-0.038661,0.003851,0.116094,2.009030,-0.006476,0.101234
1.359859,-0.020081,0.003817,0.117036,2.021259,-0.000656,0.103797
1.371997,0.003671,0.003848,0.118308,1.892273,0.006117,0.105690
1.376426,0.011860,0.003879,0.118777,1.805253,0.008331,0.106021
1.380856,0.019619,0.003920,0.119246,1.698671,0.010239,0.106169
1.385285,0.026866,0.003969,0.119717,1.573880,0.011921,0.106136
1.390558,0.034717,0.004037,0.120276,1.403843,0.013647,0.105858
1.395831,0.041617,0.004112,0.120832,1.213226,0.015137,0.105312
1.401104,0.047466,0.004196,0.121385,1.005357,0.016440,0.104493
1.411380,0.055585,0.004376,0.122448,0.563339,0.018584,0.102152
1.421656,0.059009,0.004576,0.123482,0.099008,0.020057,0.098844
1.431932,0.057678,0.004785,0.124476,-0.357948,0.020563,0.094513
1.442208,0.051814,0.004993,0.125421,-0.777694,0.019672,0.089214
1.444676,0.049782,0.005041,0.125639,-0.869799,0.019223,0.087817
1.447144,0.047526,0.005087,0.125854,-0.957824,0.018663,0.086378
1.449613,0.045059,0.005133,0.126066,-1.041449,0.018022,0.084904
1.462968,0.028546,0.005346,0.127145,-1.406529,0.013461,0.076546
1.476324,0.008299,0.005488,0.128113,-1.597199,0.007577,0.068420
1.489679,-0.013235,0.005549,0.128981,-1.596188,0.001200,0.061780
1.503035,-0.033504,0.005526,0.129776,-1.408125,-0.004774,0.057711
1.507763,-0.039909,0.005499,0.130047,-1.301087,-0.006643,0.057025
1.512492,-0.045765,0.005464,0.130316,-1.175700,-0.008235,0.056750
1.517220,-0.050989,0.005422,0.130585,-1.034152,-0.009635,0.056878
1.532571,-0.062912,0.005245,0.131474,-0.491226,-0.013123,0.059813
1.547922,-0.065950,0.005029,0.132433,0.104244,-0.013856,0.065634
1.563273,-0.060066,0.004813,0.133494,0.654646,-0.011431,0.072817
1.578624,-0.046656,0.004649,0.134666,1.069492,-0.007242,0.079899
1.584033,-0.040600,0.004612,0.135105,1.169452,-0.005695,0.082135
1.593321,-0.029339,0.004567,0.135883,1.277094,-0.003387,0.085538
1.599014,-0.022049,0.004551,0.136374,1.301923,-0.001905,0.087271
1.604707,-0.014704,0.004545,0.136874,1.295022,-0.000300,0.088651
1.610400,-0.007485,0.004549,0.137381,1.256972,0.001468,0.089660
1.618521,0.002200,0.004572,0.138111,1.152629,0.004151,0.090452
1.625146,0.009359,0.004607,0.138710,1.027205,0.006578,0.090560
1.631772,0.015594,0.004657,0.139308,0.870730,0.008967,0.090200
1.637032,0.019771,0.004709,0.139780,0.727554,0.010725,0.089544
1.642292,0.023168,0.004769,0.140248,0.571527,0.012197,0.088515
1.647552,0.025724,0.004836,0.140710,0.406301,0.013289,0.087117
1.652812,0.027403,0.004907,0.141163,0.235653,0.013965,0.085374
1.658073,0.028185,0.004981,0.141606,0.063425,0.014228,0.083368
1.663333,0.028071,0.005055,0.142039,-0.106559,0.014112,0.081137
1.668593,0.027084,0.005128,0.142459,-0.270575,0.013674,0.078710
1.673853,0.025264,0.005199,0.142866,-0.425075,0.012975,0.076118
1.679113,0.022669,0.005265,0.143259,-0.566765,0.012071,0.073399
1.688148,0.016603,0.005366,0.143900,-0.773268,0.010143,0.068532
1.697182,0.008915,0.005448,0.144498,-0.921816,0.007892,0.063643
1.706216,0.000184,0.005509,0.145052,-1.002817,0.005445,0.059017
1.715250,-0.008963,0.005545,0.145567,-1.012536,0.002825,0.054913
1.716830,-0.010558,0.005549,0.145653,-1.006729,0.002342,0.054264
1.718409,-0.012142,0.005553,0.145739,-0.998789,0.001850,0.053628
1.719989,-0.013712,0.005555,0.145823,-0.988762,0.001353,0.053002
1.721568,-0.015264,0.005557,0.145906,-0.976683,0.000853,0.052387
1.724727,-0.018300,0.005558,0.146070,-0.946593,-0.000141,0.051196
1.727886,-0.021225,0.005556,0.146230,-0.908865,-0.001120,0.050065
1.731044,-0.024020,0.005551,0.146386,-0.863892,-0.002076,0.049002
1.737924,-0.029562,0.005530,0.146716,-0.743034,-0.004046,0.046943
1.744804,-0.034193,0.005496,0.147033,-0.595521,-0.005738,0.045256
1.751684,-0.037739,0.005452,0.147340,-0.428226,-0.007003,0.043913
1.758564,-0.040087,0.005401,0.147638,-0.248572,-0.007775,0.042864
1.768250,-0.041278,0.005324,0.148047,0.010409,-0.008105,0.041767
1.777936,-0.040015,0.005250,0.148447,0.257365,-0.007944,0.040918
1.787622,-0.036501,0.005185,0.148839,0.472698,-0.007381,0.040114
1.797308,-0.031116,0.005129,0.149223,0.640031,-0.006230,0.039155
1.805825,-0.025238,0.005091,0.149552,0.737807,-0.004479,0.038113
1.814342,-0.018729,0.005068,0.149871,0.784585,-0.002032,0.036844
1.822859,-0.012034,0.005065,0.150178,0.779358,0.000846,0.035280
1.831376,-0.005588,0.005086,0.150470,0.724553,0.003692,0.033356
1.839529,-0.000078,0.005124,0.150733,0.631977,0.005796,0.031126
1.847683,0.004517,0.005176,0.150975,0.507532,0.007268,0.028505
1.853983,0.007334,0.005223,0.151147,0.394222,0.008174,0.026214
1.860283,0.009415,0.005276,0.151304,0.271052,0.008811,0.023695
1.866582,0.010712,0.005331,0.151445,0.142649,0.009181,0.020961
1.876719,0.011128,0.005426,0.151633,-0.065115,0.009307,0.016154
1.886855,0.009531,0.005521,0.151771,-0.257137,0.008849,0.010957
1.896991,0.006147,0.005607,0.151855,-0.415693,0.007816,0.005543
1.898052,0.005691,0.005615,0.151861,-0.429394,0.007628,0.004971
1.899112,0.005222,0.005623,0.151865,-0.442558,0.007442,0.004400
1.899481,0.005057,0.005625,0.151867,-0.447071,0.007382,0.004202
1.899850,0.004890,0.005628,0.151868,-0.451518,0.007322,0.004004
1.899997,0.004823,0.005629,0.151869,-0.453286,0.007299,0.003924
1.900018,0.004814,0.005629,0.151869,-0.453527,0.007294,0.003901
1.900055,0.004797,0.005629,0.151869,-0.453973,0.007288,0.003858
1.900093,0.004780,0.005630,0.151869,-0.454418,0.007282,0.003815
1.900467,0.004609,0.005632,0.151871,-0.458834,0.007223,0.003386
1.900842,0.004436,0.005635,0.151872,-0.463181,0.007164,0.002961
1.901217,0.004262,0.005638,0.151873,-0.467458,0.007105,0.002541
1.904965,0.002435,0.005663,0.151875,-0.506357,0.006522,-0.001446
1.908713,0.000475,0.005687,0.151863,-0.537987,0.005950,-0.005061
1.912460,-0.001588,0.005708,0.151837,-0.562131,0.005382,-0.008331
1.916208,-0.003729,0.005727,0.151800,-0.578669,0.004805,-0.011281
1.920384,-0.006164,0.005746,0.151747,-0.588124,0.004148,-0.014218
1.924559,-0.008620,0.005762,0.151682,-0.588254,0.003459,-0.016808
1.928734,-0.011057,0.005775,0.151608,-0.579313,0.002734,-0.019073
1.929984,-0.011779,0.005778,0.151583,-0.574914,0.002507,-0.019691
1.931235,-0.012494,0.005781,0.151558,-0.569745,0.002277,-0.020282
1.932485,-0.013203,0.005784,0.151533,-0.563821,0.002046,-0.020847
1.934864,-0.014529,0.005788,0.151482,-0.550520,0.001602,-0.021851
1.937244,-0.015820,0.005791,0.151429,-0.534647,0.001157,-0.022764
1.939624,-0.017070,0.005793,0.151374,-0.516322,0.000714,-0.023590
1.945332,-0.019866,0.005795,0.151234,-0.463311,-0.000292,-0.025235
1.951041,-0.022327,0.005790,0.151087,-0.399014,-0.001206,-0.026437
1.956750,-0.024396,0.005781,0.150934,-0.325672,-0.001986,-0.027238
1.967283,-0.027035,0.005756,0.150644,-0.175825,-0.002889,-0.027830
1.977816,-0.028059,0.005724,0.150352,-0.019198,-0.003261,-0.027493
1.988350,-0.027480,0.005691,0.150068,0.129373,-0.003129,-0.026512
2.015002,-0.020159,0.005587,0.149405,0.398761,0.003770,-0.022663
2.021665,-0.017399,0.005589,0.149257,0.425870,0.006806,-0.021817
2.028328,-0.014520,0.005640,0.149114,0.435562,0.007156,-0.021116
2.040245,-0.009412,0.005751,0.148868,0.411887,0.001745,-0.020126
2.052163,-0.004859,0.005782,0.148632,0.341940,-0.004115,-0.019528
2.064080,-0.001352,0.005758,0.148399,0.236796,-0.003633,-0.019525
2.075998,0.000775,0.005759,0.148163,0.110787,0.003346,-0.020116
2.089455,0.001297,0.005852,0.147885,-0.036942,0.012333,-0.021369
2.102912,-0.000126,0.006019,0.147587,-0.168903,0.013632,-0.023056
2.105112,-0.000520,0.006069,0.147536,-0.188737,0.029836,-0.023352
2.107312,-0.000963,0.006238,0.147485,-0.213279,0.118671,-0.023667
2.109512,-0.001457,0.006571,0.147432,-0.236685,0.196298,-0.024022
2.111712,-0.001969,0.006636,0.147379,-0.231553,-0.097287,-0.024368
2.114936,-0.002693,0.005661,0.147300,-0.218309,-0.522277,-0.024590
2.118160,-0.003371,0.003516,0.147222,-0.203505,-0.847753,-0.024312
2.121383,-0.003999,0.000525,0.147145,-0.187294,-1.059705,-0.023511
2.126288,-0.004850,-0.004965,0.147035,-0.160231,-1.159893,-0.021448
2.131193,-0.005565,-0.010441,0.146935,-0.130821,-1.013918,-0.018977
2.136098,-0.006133,-0.014746,0.146846,-0.099722,-0.688731,-0.016967
2.141003,-0.006546,-0.017224,0.146764,-0.067578,-0.278307,-0.016067
2.145908,-0.006801,-0.017696,0.146683,-0.035043,0.121140,-0.016536
2.150813,-0.006896,-0.016405,0.146597,-0.002769,0.431078,-0.018202
2.155718,-0.006834,-0.013898,0.146502,0.028608,0.604045,-0.020573
2.161601,-0.006562,-0.010255,0.146373,0.064216,0.619732,-0.023512
2.167484,-0.006088,-0.006989,0.146229,0.096721,0.458439,-0.025730
2.173366,-0.005434,-0.004938,0.146074,0.125300,0.195779,-0.026819
2.179249,-0.004624,-0.004467,0.145916,0.149281,-0.077197,-0.026911
2.185132,-0.003687,-0.005436,0.145757,0.168162,-0.282200,-0.026502
2.191015,-0.002654,-0.007332,0.145601,0.181617,-0.373507,-0.026147
2.196898,-0.001560,-0.009469,0.145446,0.189489,-0.345119,-0.026199
2.202781,-0.000435,-0.011210,0.145290,0.191782,-0.225507,-0.026693
2.208664,0.000686,-0.012139,0.145132,0.188651,-0.063633,-0.027407
2.214547,0.001774,-0.012136,0.144970,0.180384,0.088268,-0.028019
2.221809,0.003027,-0.011156,0.144768,0.163742,0.205344,-0.028329
2.229071,0.004137,-0.009673,0.144566,0.140913,0.220410,-0.028079
2.236333,0.005063,-0.008345,0.144365,0.113081,0.149553,-0.027502
2.243596,0.005774,-0.007638,0.144166,0.081594,0.036809,-0.026950
2.252490,0.006319,-0.007849,0.143927,0.040162,-0.088592,-0.026671
2.261384,0.006489,-0.008938,0.143690,-0.001861,-0.135138,-0.026709
2.270279,0.006291,-0.010071,0.143454,-0.041799,-0.084814,-0.026494
2.279173,0.005756,-0.010498,0.143222,-0.077283,0.014216,-0.025627
2.288068,0.004932,-0.010046,0.142999,-0.106394,0.087455,-0.024283
2.298228,0.003720,-0.009044,0.142758,-0.130092,0.089636,-0.022827
2.308388,0.002323,-0.008371,0.142531,-0.142472,0.021453,-0.021923
2.318548,0.000860,-0.008472,0.142315,-0.143270,-0.051933,-0.021456
2.328708,-0.000555,-0.009134,0.142102,-0.133123,-0.074749,-0.021069
2.338868,-0.001817,-0.009776,0.141890,-0.113466,-0.039247,-0.020659
2.349028,-0.002839,-0.009939,0.141678,-0.086383,0.017810,-0.020437
2.359188,-0.003559,-0.009596,0.141466,-0.054412,0.050488,-0.020601
2.369348,-0.003940,-0.009097,0.141253,-0.020317,0.039198,-0.021101
2.382015,-0.003935,-0.008755,0.140982,0.021102,-0.011667,-0.021845
2.394681,-0.003441,-0.009002,0.140702,0.056908,-0.049633,-0.022511
2.407347,-0.002559,-0.009450,0.140412,0.083486,-0.050151,-0.023183
2.420014,-0.001406,-0.009802,0.140113,0.098425,-0.013980,-0.023911
2.432680,-0.000137,-0.009770,0.139806,0.100810,0.025177,-0.024565
2.445346,0.001096,-0.009469,0.139494,0.091170,0.040175,-0.024980
2.458013,0.002145,-0.009139,0.139178,0.071397,0.023203,-0.025057
2.473290,0.003010,-0.009063,0.138798,0.038441,-0.008445,-0.024819
2.488568,0.003330,-0.009214,0.138420,0.001281,-0.023775,-0.024242
2.503845,0.003094,-0.009437,0.138053,-0.033839,-0.016178,-0.023493
2.519123,0.002375,-0.009510,0.137700,-0.061538,0.002734,-0.022611
2.537469,0.001075,-0.009384,0.137293,-0.080059,0.014884,-0.021595
2.555815,-0.000405,-0.009216,0.136903,-0.079974,0.006721,-0.020864
2.574162,-0.001739,-0.009209,0.136524,-0.062783,-0.008075,-0.020508
2.592508,-0.002655,-0.009344,0.136149,-0.033628,-0.012318,-0.020530
2.610854,-0.002996,-0.009467,0.135770,0.000180,-0.003024,-0.020893
2.629201,-0.002741,-0.009464,0.135382,0.030937,0.008037,-0.021495
2.647547,-0.001998,-0.009375,0.134982,0.052230,0.009410,-0.022155
2.670534,-0.000703,-0.009298,0.134466,0.060457,-0.000206,-0.022811
2.689558,0.000366,-0.009351,0.134030,0.050699,-0.006865,-0.023058
2.708581,0.001154,-0.009438,0.133591,0.029437,-0.004034,-0.022984
2.727604,0.001487,-0.009455,0.133158,0.002388,0.003817,-0.022591
2.746627,0.001312,-0.009394,0.132733,-0.023936,0.007993,-0.021965
2.768606,0.000577,-0.009333,0.132259,-0.045957,0.005203,-0.021152
2.790585,-0.000503,-0.009327,0.131801,-0.053936,0.001055,-0.020441
2.812563,-0.001613,-0.009349,0.131356,-0.046899,-0.000736,-0.019987
2.834542,-0.002456,-0.009372,0.130919,-0.028111,-0.000762,-0.019865
2.861012,-0.002835,-0.009378,0.130390,0.001558,-0.000839,-0.020144
2.887482,-0.002461,-0.009380,0.129850,0.027247,-0.002107,-0.020706
2.908757,-0.001760,-0.009397,0.129405,0.037029,-0.002643,-0.021147
2.930032,-0.000956,-0.009418,0.128952,0.034839,-0.000686,-0.021419
2.951307,-0.000307,-0.009417,0.128496,0.022467,0.002797,-0.021431
2.972583,0.000003,-0.009383,0.128042,0.004375,0.004109,-0.021172
2.993858,-0.000096,-0.009346,0.127595,-0.013914,0.001501,-0.020717
3.018274,-0.000642,-0.009348,0.127097,-0.029001,-0.001841,-0.020105
3.042691,-0.001447,-0.009373,0.126613,-0.033552,-0.001416,-0.019575
3.067108,-0.002231,-0.009381,0.126139,-0.027114,0.000808,-0.019260
3.091524,-0.002754,-0.009359,0.125670,-0.013035,0.000502,-0.019216
3.115941,-0.002890,-0.009350,0.125199,0.003124,-0.002359,-0.019395
3.145285,-0.002568,-0.009390,0.124625,0.017733,-0.002443,-0.019741
3.174630,-0.001952,-0.009410,0.124042,0.021160,0.001917,-0.020023
3.203975,-0.001392,-0.009388,0.123453,0.012763,0.007020,-0.020059
3.233319,-0.001192,-0.009318,0.122867,-0.002466,0.004750,-0.019786
3.262664,-0.001458,-0.009321,0.122293,-0.016772,0.000458,-0.019302
3.292009,-0.002079,-0.009327,0.121733,-0.023472,-0.003325,-0.018799
3.321353,-0.002768,-0.009383,0.121187,-0.020072,0.001552,-0.018459
3.350698,-0.003249,-0.009301,0.120647,-0.008999,0.000647,-0.018411
3.380043,-0.003339,-0.009328,0.120105,0.003954,0.000727,-0.018546
3.409387,-0.003091,-0.009257,0.119558,0.012693,-0.008566,-0.018785
3.438732,-0.002655,-0.009427,0.119005,0.013670,-0.000027,-0.018906
3.468077,-0.002319,-0.009290,0.118449,0.007125,0.000492,-0.018889
3.497421,-0.002211,-0.009397,0.117897,-0.003269,0.013940,-0.018648
3.526766,-0.002742,-0.009457,0.117357,-0.033115,-0.032635,-0.018055
3.531644,-0.002954,-0.009631,0.117269,-0.049791,-0.069493,-0.017840
3.536521,-0.003233,-0.009987,0.117183,-0.065549,-0.092904,-0.017532
3.541399,-0.003585,-0.010449,0.117098,-0.080216,-0.101397,-0.017140
3.546277,-0.004008,-0.010933,0.117016,-0.093643,-0.095736,-0.016685
3.555538,-0.004968,-0.011644,0.116866,-0.115186,-0.061066,-0.015781
3.564800,-0.006099,-0.011961,0.116723,-0.131126,-0.012491,-0.014953
3.574062,-0.007347,-0.011883,0.116587,-0.141153,0.029973,-0.014329
3.588173,-0.009374,-0.011247,0.116388,-0.144919,0.060712,-0.013869
3.602284,-0.011374,-0.010512,0.116192,-0.135248,0.042077,-0.013856
3.616396,-0.013152,-0.010244,0.115999,-0.113776,-0.002203,-0.013760
3.630507,-0.014563,-0.010489,0.115811,-0.083213,-0.032499,-0.013515
3.644618,-0.015501,-0.010927,0.115626,-0.046975,-0.033465,-0.013435
3.658730,-0.015908,-0.011234,0.115436,-0.008825,-0.013558,-0.013871
3.672841,-0.015783,-0.011265,0.115232,0.027548,0.008932,-0.014921
3.686952,-0.015175,-0.011080,0.115009,0.058883,0.019203,-0.016335
3.701063,-0.014174,-0.010858,0.114767,0.082616,0.014333,-0.017726
3.715175,-0.012902,-0.010747,0.114509,0.097060,0.001943,-0.018832
3.732331,-0.011182,-0.010818,0.114178,0.101021,-0.010173,-0.019703
3.749488,-0.009511,-0.011001,0.113835,0.090570,-0.008336,-0.020165
3.766645,-0.008122,-0.011070,0.113486,0.068321,0.005370,-0.020348
3.783801,-0.007192,-0.010927,0.113138,0.038247,0.015887,-0.020228
3.800958,-0.006817,-0.010690,0.112796,0.004946,0.011161,-0.019714
3.820434,-0.007079,-0.010574,0.112422,-0.031024,-0.004557,-0.018652
3.839910,-0.007982,-0.010678,0.112070,-0.059486,-0.012424,-0.017288
3.859386,-0.009333,-0.010828,0.111745,-0.076380,-0.004673,-0.015977
3.878862,-0.010883,-0.010826,0.111443,-0.079955,0.008680,-0.015048
3.898338,-0.012374,-0.010664,0.111155,-0.070822,0.012518,-0.014625
3.924268,-0.013903,-0.010457,0.110778,-0.043478,-0.000034,-0.014659
3.950198,-0.014596,-0.010544,0.110396,-0.007752,-0.013545,-0.014971
3.976127,-0.014359,-0.010780,0.110000,0.025478,-0.005800,-0.015624
4.002057,-0.013378,-0.010776,0.109580,0.047221,0.013662,-0.016782
4.027987,-0.012028,-0.010476,0.109132,0.052665,0.015143,-0.017978
4.053917,-0.010743,-0.010275,0.108660,0.041980,-0.006492,-0.018440
4.079846,-0.009893,-0.010457,0.108184,0.019707,-0.020356,-0.017969
4.105776,-0.009699,-0.010739,0.107722,-0.006892,-0.002963,-0.017079
4.127051,-0.010058,-0.010664,0.107363,-0.026321,0.023512,-0.016519
4.148326,-0.010788,-0.010230,0.107019,-0.039901,0.026344,-0.016226
4.169601,-0.011732,-0.009840,0.106683,-0.045722,-0.005920,-0.015875
4.190876,-0.012708,-0.010032,0.106353,-0.043590,-0.041190,-0.015021
4.212151,-0.013553,-0.010749,0.106040,-0.034766,-0.031842,-0.013906
4.231137,-0.014100,-0.011165,0.105776,-0.022992,0.023276,-0.013609
4.250122,-0.014408,-0.010686,0.105513,-0.009453,0.073887,-0.014665
4.269108,-0.014466,-0.009471,0.105226,0.003905,0.055949,-0.016467
4.283884,-0.014345,-0.008955,0.104981,0.012905,-0.012150,-0.017008
4.298660,-0.014101,-0.009437,0.104733,0.019902,-0.069774,-0.016277
4.313437,-0.013768,-0.010515,0.104498,0.024471,-0.066660,-0.015139
4.316054,-0.013704,-0.010681,0.104459,0.025011,-0.057573,-0.015023
4.318671,-0.013638,-0.010819,0.104419,0.025468,-0.047259,-0.014950
4.321287,-0.013570,-0.010929,0.104380,0.025843,-0.036269,-0.014918
4.323904,-0.013502,-0.011009,0.104341,0.026135,-0.024997,-0.014924
4.329138,-0.013365,-0.011083,0.104263,0.026473,-0.002850,-0.015041
4.334372,-0.013226,-0.011048,0.104184,0.026485,0.016798,-0.015271
4.339606,-0.013088,-0.010921,0.104103,0.026180,0.032137,-0.015579
4.344839,-0.012952,-0.010726,0.104021,0.025566,0.042046,-0.015925
4.357774,-0.012637,-0.010138,0.103810,0.022830,0.044365,-0.016723
4.370708,-0.012367,-0.009680,0.103592,0.018569,0.021918,-0.017139
4.383642,-0.012157,-0.009585,0.103371,0.013108,-0.006259,-0.017026
4.396577,-0.012021,-0.009839,0.103153,0.006830,-0.021293,-0.016525
4.412831,-0.011966,-0.010263,0.102889,-0.001557,-0.012719,-0.015852
4.429085,-0.012050,-0.010405,0.102633,-0.009690,0.008292,-0.015507
4.445339,-0.012267,-0.010156,0.102380,-0.016753,0.015922,-0.015512
4.461593,-0.012593,-0.009828,0.102128,-0.022125,0.004044,-0.015511
4.481394,-0.013078,-0.009740,0.101824,-0.025927,-0.012283,-0.015160
4.501194,-0.013611,-0.009966,0.101530,-0.026413,-0.013159,-0.014548
4.520994,-0.014124,-0.010159,0.101246,-0.023753,0.001526,-0.014142
4.540795,-0.014554,-0.010075,0.100965,-0.018567,0.015238,-0.014206
4.560595,-0.014857,-0.009797,0.100680,-0.011794,0.013616,-0.014558
4.580396,-0.015016,-0.009608,0.100390,-0.004486,-0.000452,-0.014802
4.600196,-0.015039,-0.009671,0.100097,0.002354,-0.011518,-0.014769
4.622210,-0.014925,-0.009928,0.099774,0.008375,-0.006973,-0.014612
4.644224,-0.014698,-0.010021,0.099450,0.011898,0.009852,-0.014757
4.666237,-0.014411,-0.009745,0.099120,0.012498,0.016591,-0.015290
4.688251,-0.014137,-0.009398,0.098779,0.010272,0.000856,-0.015682
4.710265,-0.013952,-0.009445,0.098436,0.005841,-0.018457,-0.015419
4.732279,-0.013897,-0.009865,0.098102,0.000202,-0.011948,-0.014735
4.750599,-0.013950,-0.010069,0.097835,-0.004620,0.014903,-0.014439
4.768920,-0.014075,-0.009749,0.097569,-0.008993,0.033942,-0.014762
4.787240,-0.014261,-0.009086,0.097297,-0.012558,0.019582,-0.015335
4.805561,-0.014506,-0.008770,0.097017,-0.015063,-0.022229,-0.015285
4.823881,-0.014806,-0.009286,0.096743,-0.016305,-0.049644,-0.014196
4.842202,-0.015128,-0.010252,0.096492,-0.016144,-0.023278,-0.012824
4.845343,-0.015180,-0.010341,0.096452,-0.015966,-0.012080,-0.012744
4.848484,-0.015231,-0.010371,0.096412,-0.015749,-0.000808,-0.012748
4.851625,-0.015280,-0.010357,0.096372,-0.015495,0.009752,-0.012812
4.854767,-0.015328,-0.010310,0.096331,-0.015208,0.019158,-0.012918
4.861049,-0.015421,-0.010144,0.096249,-0.014543,0.033596,-0.013208
4.867331,-0.015510,-0.009913,0.096165,-0.013766,0.041645,-0.013559
4.873614,-0.015593,-0.009652,0.096079,-0.012890,0.043454,-0.013920
4.890570,-0.015788,-0.009014,0.095837,-0.010135,0.025285,-0.014670
4.907526,-0.015935,-0.008774,0.095588,-0.007033,-0.007599,-0.014766
4.924483,-0.016026,-0.008985,0.095341,-0.003910,-0.030534,-0.014290
4.941439,-0.016064,-0.009413,0.095103,-0.001041,-0.029316,-0.013678
4.960708,-0.016055,-0.009749,0.094841,0.001639,-0.005835,-0.013379
4.979978,-0.016007,-0.009706,0.094581,0.003487,0.024555,-0.013691
4.999247,-0.015934,-0.009300,0.094313,0.004365,0.037429,-0.014399
5.018517,-0.015855,-0.008808,0.094033,0.004247,0.022968,-0.015005
5.040812,-0.015776,-0.008602,0.093701,0.002965,-0.010445,-0.015007
5.063108,-0.015729,-0.008877,0.093373,0.000665,-0.034268,-0.014340
5.085403,-0.015736,-0.009360,0.093058,-0.002263,-0.027289,-0.013559
5.107699,-0.015812,-0.009607,0.092757,-0.005345,0.003461,-0.013259
5.125271,-0.015922,-0.009415,0.092519,-0.007523,0.021871,-0.013529
5.142843,-0.016066,-0.009063,0.092277,-0.009303,0.024010,-0.013915
5.160416,-0.016233,-0.008754,0.092030,-0.010606,0.012115,-0.014144
5.183229,-0.016478,-0.008668,0.091712,-0.011428,-0.002912,-0.013970
5.206043,-0.016729,-0.008764,0.091398,-0.011341,-0.012992,-0.013579
5.228856,-0.016967,-0.008914,0.091091,-0.010402,-0.011970,-0.013216
5.264321,-0.017284,-0.009022,0.090623,-0.007681,0.001982,-0.013004
5.292449,-0.017469,-0.008893,0.090255,-0.004872,0.016884,-0.013243
5.320577,-0.017580,-0.008613,0.089880,-0.002171,0.017712,-0.013639
5.348704,-0.017623,-0.008376,0.089496,-0.000114,0.002765,-0.013851
5.376832,-0.017617,-0.008396,0.089110,0.000879,-0.013436,-0.013635
5.382458,-0.017612,-0.008461,0.089034,0.000916,-0.014583,-0.013508
5.388083,-0.017606,-0.008628,0.088959,0.001157,-0.041042,-0.013239
5.393709,-0.017597,-0.009057,0.088887,0.001717,-0.099842,-0.012599
5.400250,-0.017596,-0.008623,0.088801,-0.000497,0.134582,-0.013293
5.401558,-0.017598,-0.008384,0.088783,-0.000987,0.182531,-0.013663
5.402867,-0.017600,-0.008085,0.088764,-0.001475,0.227892,-0.014117
5.405483,-0.017605,-0.007380,0.088726,-0.002448,0.313067,-0.015176
5.408100,-0.017612,-0.006471,0.088684,-0.003410,0.386797,-0.016508
5.410716,-0.017622,-0.005386,0.088639,-0.004361,0.448389,-0.018058
5.418649,-0.017668,-0.001339,0.088475,-0.007162,0.558901,-0.023554
5.426582,-0.017735,0.003169,0.088268,-0.009817,0.556543,-0.029127
5.434515,-0.017824,0.007292,0.088021,-0.012293,0.457826,-0.033497
5.442448,-0.017931,0.010383,0.087747,-0.014565,0.294170,-0.035825
5.452107,-0.018086,0.012205,0.087400,-0.017017,0.061697,-0.035388
5.461766,-0.018262,0.011786,0.087072,-0.019086,-0.144397,-0.031612
5.469657,-0.018419,0.010142,0.086838,-0.020466,-0.253537,-0.026932
5.477548,-0.018584,0.007868,0.086646,-0.021548,-0.297270,-0.021811
5.485439,-0.018756,0.005500,0.086493,-0.022317,-0.280284,-0.017113
5.493330,-0.018933,0.003478,0.086374,-0.022763,-0.217244,-0.013480
5.501221,-0.019113,0.002094,0.086278,-0.022883,-0.127554,-0.011260
5.511270,-0.019341,0.001429,0.086171,-0.022573,-0.005173,-0.010547
5.521320,-0.019565,0.001914,0.086062,-0.021767,0.094038,-0.011800
5.531369,-0.019778,0.003198,0.085933,-0.020509,0.148023,-0.014194
5.541418,-0.019977,0.004786,0.085778,-0.018854,0.151226,-0.016760
5.551468,-0.020158,0.006193,0.085600,-0.016867,0.113014,-0.018664
5.565833,-0.020378,0.007277,0.085322,-0.013587,0.021984,-0.019354
5.580199,-0.020548,0.007033,0.085049,-0.009977,-0.057514,-0.017664
5.592044,-0.020648,0.006127,0.084852,-0.006899,-0.082173,-0.015345
5.603888,-0.020711,0.005129,0.084683,-0.003843,-0.066959,-0.013272
5.615733,-0.020738,0.004495,0.084535,-0.000912,-0.026927,-0.012190
5.627578,-0.020731,0.004423,0.084393,0.001800,0.015624,-0.012250
5.639422,-0.020694,0.004822,0.084245,0.004208,0.042331,-0.013078
5.652583,-0.020624,0.005501,0.084068,0.006442,0.047510,-0.014210
5.665743,-0.020528,0.006087,0.083877,0.008140,0.031389,-0.014939
5.678904,-0.020414,0.006377,0.083681,0.009252,0.005542,-0.015001
5.692064,-0.020289,0.006333,0.083487,0.009759,-0.017210,-0.014468
5.708251,-0.020133,0.005999,0.083260,0.009567,-0.028849,-0.013478
5.724437,-0.019986,0.005624,0.083047,0.008540,-0.021332,-0.012648
5.740624,-0.019861,0.005433,0.082844,0.006789,-0.003133,-0.012313
5.756810,-0.019768,0.005508,0.082643,0.004463,0.014259,-0.012494
5.775694,-0.019711,0.005840,0.082402,0.001250,0.023633,-0.013069
5.794578,-0.019718,0.006224,0.082152,-0.002217,0.017874,-0.013608
5.813462,-0.019791,0.006445,0.081894,-0.005639,0.003459,-0.013780
5.832346,-0.019927,0.006430,0.081636,-0.008739,-0.008692,-0.013551
5.853849,-0.020148,0.006224,0.081349,-0.011577,-0.010103,-0.013076
5.875353,-0.020421,0.006072,0.081070,-0.013436,0.001506,-0.012831
5.896856,-0.020720,0.006185,0.080791,-0.014200,0.014949,-0.013097
5.918359,-0.021022,0.006522,0.080505,-0.013884,0.017165,-0.013662
5.939862,-0.021308,0.006824,0.080208,-0.012612,0.005951,-0.014005
5.961365,-0.021560,0.006868,0.079908,-0.010590,-0.007655,-0.013790
5.982868,-0.021764,0.006683,0.079617,-0.008072,-0.010192,-0.013208
6.004371,-0.021909,0.006524,0.079337,-0.005345,0.000901,-0.012797
6.025875,-0.021994,0.006624,0.079061,-0.002698,0.014722,-0.012916
6.047378,-0.022024,0.006963,0.078779,-0.000401,0.017605,-0.013384
6.068881,-0.022012,0.007286,0.078488,0.001334,0.006570,-0.013660
6.090384,-0.021972,0.007349,0.078197,0.002374,-0.007658,-0.013377
6.111887,-0.021918,0.007160,0.077916,0.002675,-0.011047,-0.012717
6.133390,-0.021864,0.006974,0.077647,0.002274,0.000023,-0.012245
6.157291,-0.021820,0.007026,0.077352,0.001118,0.014481,-0.012284
6.181192,-0.021809,0.007312,0.077049,-0.000604,0.018551,-0.012691
6.205093,-0.021844,0.007648,0.076740,-0.002683,0.012436,-0.013111
6.228994,-0.021932,0.007832,0.076425,-0.004859,0.001765,-0.013199
6.257391,-0.022100,0.007845,0.076055,-0.007164,-0.004813,-0.012971
6.285788,-0.022324,0.007784,0.075690,-0.008915,-0.003567,-0.012690
6.314186,-0.022586,0.007803,0.075328,-0.009936,0.002708,-0.012634
6.357631,-0.023003,0.008034,0.074769,-0.009978,0.008345,-0.012887
6.401076,-0.023387,0.008306,0.074201,-0.008494,0.005609,-0.013058
6.444521,-0.023692,0.008468,0.073634,-0.006242,0.004041,-0.012952
6.487967,-0.023907,0.008657,0.073074,-0.004017,0.004814,-0.012905
6.531412,-0.024047,0.008846,0.072516,-0.002433,0.003870,-0.012807
6.574857,-0.024145,0.009012,0.071963,-0.001830,0.003952,-0.012675
6.625505,-0.024264,0.009228,0.071322,-0.002313,0.004434,-0.012603
6.676152,-0.024429,0.009457,0.070683,-0.003730,0.004637,-0.012596
6.726800,-0.024669,0.009688,0.070044,-0.005496,0.004592,-0.012630
6.783012,-0.025023,0.009945,0.069332,-0.007327,0.004523,-0.012701
6.839223,-0.025455,0.010205,0.068617,-0.008285,0.004571,-0.012780
6.895435,-0.025915,0.010469,0.067897,-0.008019,0.004774,-0.012834
6.951647,-0.026340,0.010739,0.067175,-0.006768,0.004996,-0.012841
7.023885,-0.026776,0.011095,0.066250,-0.005069,0.004993,-0.012786
7.096123,-0.027124,0.011456,0.065330,-0.004207,0.005052,-0.012705
7.168360,-0.027460,0.011828,0.064413,-0.004516,0.005233,-0.012668
7.253576,-0.027933,0.012284,0.063331,-0.005923,0.005258,-0.012725
7.319948,-0.028370,0.012647,0.062483,-0.007186,0.005532,-0.012814
7.386320,-0.028869,0.013019,0.061629,-0.008110,0.005825,-0.012930
7.452692,-0.029406,0.013402,0.060766,-0.008483,0.006024,-0.013049
7.543103,-0.030156,0.013940,0.059580,-0.008188,0.006217,-0.013188
7.633513,-0.030874,0.014493,0.058384,-0.007348,0.006237,-0.013277
7.723923,-0.031535,0.015061,0.057181,-0.006732,0.006361,-0.013333
7.814333,-0.032170,0.015650,0.055973,-0.006980,0.006698,-0.013426
7.925138,-0.033018,0.016408,0.054474,-0.008311,0.007043,-0.013657
7.947298,-0.033206,0.016565,0.054170,-0.008686,0.007083,-0.013726
7.969459,-0.033403,0.016722,0.053865,-0.009050,0.007109,-0.013800
7.991620,-0.033607,0.016880,0.053559,-0.009388,0.007139,-0.013878
8.035942,-0.034035,0.017198,0.052940,-0.009948,0.007244,-0.014045
8.080264,-0.034484,0.017523,0.052314,-0.010301,0.007403,-0.014219
8.124585,-0.034944,0.017854,0.051680,-0.010424,0.007563,-0.014391
8.168907,-0.035406,0.018192,0.051038,-0.010351,0.007688,-0.014552
8.260369,-0.036337,0.018906,0.049694,-0.009884,0.007903,-0.014835
8.351831,-0.037227,0.019646,0.048325,-0.009549,0.008186,-0.015079
8.443293,-0.038111,0.020415,0.046931,-0.009919,0.008597,-0.015383
8.534755,-0.039054,0.021218,0.045504,-0.011027,0.008966,-0.015830
8.626217,-0.040112,0.022052,0.044030,-0.012371,0.009215,-0.016426
8.741339,-0.041596,0.023144,0.042091,-0.013500,0.009768,-0.017299
8.834698,-0.042874,0.024068,0.040441,-0.013611,0.010370,-0.018033
8.928058,-0.044150,0.025038,0.038724,-0.013353,0.010696,-0.018748
9.021417,-0.045402,0.026045,0.036942,-0.013335,0.010728,-0.019440
9.114776,-0.046665,0.027085,0.035095,-0.014006,0.011062,-0.020200
9.208136,-0.048012,0.028168,0.033167,-0.015370,0.012064,-0.021184
9.312394,-0.049691,0.029451,0.030883,-0.017187,0.013181,-0.022666
9.416652,-0.051574,0.030813,0.028422,-0.018564,0.012841,-0.024469
9.520910,-0.053591,0.032204,0.025774,-0.019102,0.011726,-0.026264
9.625168,-0.055628,0.033590,0.022962,-0.019195,0.013768,-0.027880
9.729426,-0.057638,0.035075,0.019989,-0.019760,0.019947,-0.029815
9.833684,-0.059708,0.036852,0.016748,-0.021410,0.021138,-0.032748
9.915066,-0.061493,0.038433,0.013929,-0.023287,0.010528,-0.035606
9.996447,-0.063481,0.039705,0.010904,-0.025157,-0.001717,-0.036998
10.077829,-0.065639,0.040193,0.007936,-0.026635,0.009894,-0.035731
10.090012,-0.065967,0.040284,0.007510,-0.026817,0.015428,-0.035855
10.102195,-0.066295,0.040487,0.007071,-0.026992,0.020857,-0.036586
10.114378,-0.066625,0.040777,0.006618,-0.027163,0.025427,-0.037770
10.126561,-0.066956,0.041117,0.006149,-0.027331,0.028764,-0.039188
10.138743,-0.067290,0.041484,0.005662,-0.027495,0.030806,-0.040695
10.159797,-0.067873,0.042138,0.004779,-0.027774,0.031439,-0.043243
10.180851,-0.068461,0.042771,0.003845,-0.028046,0.029248,-0.045459
10.201904,-0.069055,0.043344,0.002869,-0.028314,0.025351,-0.047152
10.222958,-0.069653,0.043831,0.001863,-0.028581,0.020861,-0.048236
10.244011,-0.070258,0.044227,0.000841,-0.028851,0.016788,-0.048753
10.294970,-0.071745,0.044910,-0.001655,-0.029529,0.012302,-0.048572
10.336838,-0.072994,0.045438,-0.003691,-0.030132,0.015971,-0.048765
10.378706,-0.074269,0.046185,-0.005756,-0.030793,0.022495,-0.050680
10.420574,-0.075573,0.047203,-0.007930,-0.031521,0.026141,-0.054264
10.462442,-0.076909,0.048325,-0.010272,-0.032326,0.023990,-0.058133
10.504310,-0.078281,0.049301,-0.012766,-0.033211,0.018177,-0.060684
10.546178,-0.079691,0.050011,-0.015342,-0.034177,0.014051,-0.061486
10.588046,-0.081144,0.050576,-0.017936,-0.035221,0.015678,-0.061743
10.629914,-0.082642,0.051260,-0.020552,-0.036340,0.022304,-0.063379
10.671782,-0.084188,0.052256,-0.023274,-0.037525,0.028802,-0.067458
10.713650,-0.085785,0.053518,-0.026202,-0.038771,0.029858,-0.073201
10.755518,-0.087435,0.054779,-0.029374,-0.040066,0.024439,-0.078452
10.797386,-0.089140,0.055761,-0.032732,-0.041406,0.016834,-0.081358
10.839254,-0.090903,0.056401,-0.036167,-0.042784,0.013341,-0.081956
10.881122,-0.092724,0.056921,-0.039612,-0.044201,0.017204,-0.082343
10.922990,-0.094605,0.057661,-0.043108,-0.045655,0.025862,-0.085173
10.964859,-0.096547,0.058816,-0.046791,-0.047146,0.032778,-0.091558
11.006727,-0.098553,0.060269,-0.050793,-0.048671,0.032489,-0.100008
11.014089,-0.098912,0.060515,-0.051535,-0.048943,0.031512,-0.101331
11.021451,-0.099274,0.060746,-0.052286,-0.049216,0.030422,-0.102514
11.028814,-0.099637,0.060965,-0.053045,-0.049489,0.029265,-0.103592
11.036176,-0.100002,0.061176,-0.053811,-0.049765,0.028070,-0.104587
11.050901,-0.100739,0.061571,-0.055364,-0.050318,0.025686,-0.106346
11.065626,-0.101484,0.061932,-0.056940,-0.050875,0.023427,-0.107830
11.080350,-0.102237,0.062263,-0.058536,-0.051438,0.021420,-0.109074
11.113468,-0.103962,0.062919,-0.062187,-0.052724,0.018202,-0.111263
11.146585,-0.105730,0.063502,-0.065908,-0.054043,0.017204,-0.113150
11.179702,-0.107542,0.064085,-0.069697,-0.055396,0.018304,-0.115419
11.212819,-0.109400,0.064723,-0.073573,-0.056786,0.020702,-0.118555
11.256687,-0.111932,0.065698,-0.078896,-0.058692,0.024105,-0.124325
11.300555,-0.114550,0.066805,-0.084497,-0.060681,0.025990,-0.131599
11.344423,-0.117257,0.067950,-0.090427,-0.062758,0.025414,-0.139324
11.388291,-0.120058,0.069029,-0.096689,-0.064930,0.022953,-0.146478
11.432159,-0.122955,0.069981,-0.103249,-0.067203,0.020052,-0.152616
11.488317,-0.126815,0.071028,-0.112023,-0.070270,0.017510,-0.159415
11.544475,-0.130851,0.071978,-0.121179,-0.073526,0.017137,-0.166340
11.600633,-0.135077,0.072937,-0.130752,-0.076984,0.017855,-0.174623
11.656791,-0.139502,0.073929,-0.140823,-0.080653,0.017681,-0.184409
11.712949,-0.144139,0.074877,-0.151460,-0.084536,0.015399,-0.194668
11.769108,-0.149000,0.075660,-0.162652,-0.088636,0.011382,-0.203972
11.825266,-0.154098,0.076194,-0.174323,-0.092956,0.007050,-0.211524
11.881424,-0.159445,0.076484,-0.186378,-0.097500,0.003605,-0.217623
11.937582,-0.165054,0.076591,-0.198762,-0.102273,0.001116,-0.223223
11.993740,-0.170937,0.076562,-0.211467,-0.107277,-0.001410,-0.228981
12.049898,-0.177107,0.076382,-0.224492,-0.112508,-0.005154,-0.234529
12.118396,-0.185040,0.075831,-0.240711,-0.119188,-0.011647,-0.239076
12.173292,-0.191735,0.075032,-0.253848,-0.124768,-0.018186,-0.239392
12.228187,-0.198742,0.073868,-0.266911,-0.130542,-0.025006,-0.236007
12.283083,-0.206070,0.072332,-0.279689,-0.136498,-0.031425,-0.228790
12.328320,-0.212359,0.070804,-0.289858,-0.141536,-0.036214,-0.220229
12.373557,-0.218877,0.069062,-0.299590,-0.146680,-0.040710,-0.209569
12.418794,-0.225630,0.067116,-0.308791,-0.151918,-0.045180,-0.196805
12.464031,-0.232623,0.064965,-0.317360,-0.157237,-0.049840,-0.181671
12.524777,-0.242393,0.061737,-0.327666,-0.164474,-0.056496,-0.156904
12.585523,-0.252606,0.058104,-0.336288,-0.171778,-0.063299,-0.126125
12.646269,-0.263263,0.054073,-0.342839,-0.179095,-0.069533,-0.088837
12.707015,-0.274364,0.049697,-0.346942,-0.186369,-0.074450,-0.045503
12.767762,-0.285904,0.045071,-0.348273,-0.193542,-0.077557,0.002479
12.834964,-0.299172,0.039804,-0.346247,-0.201285,-0.078759,0.058571
12.902166,-0.312951,0.034533,-0.340412,-0.208745,-0.077898,0.115197
12.969368,-0.327220,0.029378,-0.330791,-0.215843,-0.075470,0.170394
13.036570,-0.341951,0.024429,-0.317530,-0.222508,-0.071772,0.222848
13.103772,-0.357114,0.019766,-0.300876,-0.228685,-0.066798,0.271115
13.170974,-0.372676,0.015480,-0.281198,-0.234332,-0.060511,0.313184
13.255362,-0.392723,0.010757,-0.252959,-0.240634,-0.051013,0.353733
13.339751,-0.413264,0.006868,-0.221971,-0.246037,-0.041029,0.377586
13.424139,-0.434223,0.003788,-0.189635,-0.250539,-0.032376,0.385518
13.489647,-0.450732,0.001856,-0.164405,-0.253416,-0.027087,0.384004
13.555155,-0.467412,0.000246,-0.139455,-0.255746,-0.022099,0.378106
13.620663,-0.484226,-0.001041,-0.115046,-0.257509,-0.016400,0.366885
13.686171,-0.501137,-0.001948,-0.091599,-0.258663,-0.010537,0.346955
13.751678,-0.518100,-0.002487,-0.069722,-0.259136,-0.006676,0.318417
13.817186,-0.535070,-0.002844,-0.049818,-0.258821,-0.005961,0.289127
13.827583,-0.537760,-0.002907,-0.046834,-0.258689,-0.006022,0.285396
13.837980,-0.540449,-0.002970,-0.043887,-0.258533,-0.006058,0.281873
13.848376,-0.543136,-0.003033,-0.040974,-0.258353,-0.006037,0.278489
13.858773,-0.545821,-0.003095,-0.038095,-0.258147,-0.005945,0.275208
13.869170,-0.548503,-0.003156,-0.035250,-0.257915,-0.005777,0.271997
13.889963,-0.553861,-0.003270,-0.029661,-0.257370,-0.005197,0.265610
13.910757,-0.559206,-0.003370,-0.024207,-0.256710,-0.004310,0.258994
13.931550,-0.564536,-0.003448,-0.018895,-0.255930,-0.003177,0.251833
13.952344,-0.569848,-0.003501,-0.013740,-0.255021,-0.001897,0.243896
13.973137,-0.575140,-0.003527,-0.008758,-0.253975,-0.000600,0.235078
14.012652,-0.585131,-0.003509,0.000174,-0.251584,0.001497,0.216211
14.052167,-0.595015,-0.003428,0.008332,-0.248613,0.002578,0.195926
14.091681,-0.604769,-0.003327,0.015700,-0.244994,0.002486,0.176325
14.131196,-0.614366,-0.003242,0.022338,-0.240657,0.001630,0.159253
14.179121,-0.625751,-0.003179,0.029567,-0.234325,0.000626,0.142537
14.227046,-0.636802,-0.003140,0.036070,-0.226681,0.000742,0.128707
14.274971,-0.647451,-0.003069,0.041896,-0.217572,0.001957,0.114368
14.311010,-0.655151,-0.002978,0.045785,-0.209661,0.002970,0.102191
14.322896,-0.657626,-0.002939,0.046969,-0.206839,0.003257,0.097960
14.379191,-0.668859,-0.002737,0.051907,-0.191938,0.003967,0.077480
14.435487,-0.679178,-0.002534,0.055752,-0.174303,0.003321,0.058635
14.491782,-0.688420,-0.002378,0.058659,-0.153667,0.002068,0.044231
14.536690,-0.694906,-0.002295,0.060450,-0.134881,0.001429,0.036042
14.581598,-0.700499,-0.002223,0.061884,-0.113905,0.001712,0.029004
14.626506,-0.705100,-0.002129,0.062984,-0.090638,0.002741,0.020972
14.671414,-0.708603,-0.001993,0.063693,-0.064994,0.003721,0.010835
14.716323,-0.710900,-0.001830,0.063944,-0.036915,0.003838,-0.000417
14.761231,-0.711880,-0.001676,0.063728,-0.006367,0.002909,-0.010289
14.806139,-0.711434,-0.001566,0.063133,0.026644,0.001598,-0.016748
14.851047,-0.709451,-0.001500,0.062294,0.062075,0.000952,-0.019994
14.895955,-0.705825,-0.001442,0.061306,0.099830,0.001581,-0.022526
14.940863,-0.700455,-0.001346,0.060158,0.139764,0.003149,-0.027341
14.985771,-0.693246,-0.001185,0.058741,0.181670,0.004612,-0.035645
15.030679,-0.684117,-0.000976,0.056938,0.225274,0.005028,-0.045929
15.075588,-0.672998,-0.000762,0.054706,0.270234,0.004297,-0.055178
15.126079,-0.658055,-0.000559,0.051754,0.321884,0.003058,-0.061714
15.176571,-0.640487,-0.000400,0.048505,0.374014,0.003031,-0.064265
15.227063,-0.620292,-0.000216,0.045101,0.425796,0.005346,-0.067148
15.277555,-0.597511,0.000110,0.041471,0.476285,0.009335,-0.076283
15.328047,-0.572236,0.000638,0.037266,0.524436,0.012570,-0.092675
15.378539,-0.544613,0.001306,0.032195,0.569111,0.013593,-0.110623
15.429031,-0.514846,0.002014,0.026267,0.609103,0.013445,-0.123920
15.469751,-0.489459,0.002582,0.021043,0.637092,0.014210,-0.129823
15.510472,-0.463022,0.003201,0.015612,0.660561,0.016957,-0.133989
15.551193,-0.435732,0.003958,0.010039,0.678860,0.021571,-0.139529
15.591913,-0.407813,0.004922,0.004251,0.691364,0.026763,-0.147690
15.632634,-0.379513,0.006104,-0.001870,0.697489,0.030993,-0.156852
15.673355,-0.351102,0.007444,-0.008347,0.696708,0.033362,-0.163362
15.714075,-0.322871,0.008844,-0.015040,0.688574,0.033825,-0.163685
15.754796,-0.295127,0.010216,-0.021653,0.672734,0.032824,-0.156229
15.795517,-0.268189,0.011502,-0.027814,0.648954,0.030685,-0.141458
15.836237,-0.242382,0.012658,-0.033193,0.617131,0.027168,-0.120762
15.876958,-0.218035,0.013632,-0.037578,0.577315,0.021537,-0.095513
15.922319,-0.193023,0.014400,-0.041134,0.523822,0.012020,-0.063359
15.967680,-0.170645,0.014682,-0.043180,0.461250,-0.000870,-0.028321
16.013042,-0.151296,0.014327,-0.043688,0.390458,-0.015881,0.007712
16.058403,-0.135323,0.013282,-0.042703,0.312610,-0.030677,0.041821
16.103764,-0.123014,0.011631,-0.040275,0.229175,-0.042341,0.070688
16.149125,-0.114583,0.009556,-0.036569,0.141915,-0.048268,0.092210
16.194486,-0.110160,0.007354,-0.032000,0.052863,-0.047118,0.105803
16.239848,-0.109775,0.005358,-0.026999,-0.035711,-0.039074,0.111767
16.285209,-0.113352,0.003853,-0.021921,-0.121358,-0.025927,0.110617
16.330570,-0.120699,0.003007,-0.017065,-0.201510,-0.010755,0.102782
16.375931,-0.131509,0.002829,-0.012706,-0.273565,0.002825,0.088796
16.421293,-0.145356,0.003176,-0.009090,-0.334979,0.011634,0.069894
16.466654,-0.161703,0.003783,-0.006385,-0.383371,0.013873,0.048614
16.512015,-0.179910,0.004348,-0.004614,-0.416628,0.009746,0.028817
16.557376,-0.199249,0.004626,-0.003620,-0.433021,0.001510,0.014729
16.602737,-0.218926,0.004507,-0.003086,-0.431302,-0.007190,0.009146
16.648099,-0.238102,0.004055,-0.002636,-0.410810,-0.012653,0.011721
16.693460,-0.255922,0.003471,-0.001988,-0.371549,-0.012679,0.018581
16.738821,-0.271549,0.002999,-0.001070,-0.314253,-0.007626,0.024031
16.784182,-0.284195,0.002808,-0.000034,-0.240423,-0.000268,0.023688
16.829543,-0.293160,0.002919,0.000867,-0.152335,0.005645,0.017125
16.874905,-0.297861,0.003206,0.001447,-0.053014,0.007401,0.008101
16.920266,-0.297871,0.003477,0.001714,0.053839,0.004715,0.002071
16.965627,-0.292943,0.003582,0.001862,0.163951,-0.000333,0.002691
17.010988,-0.283034,0.003479,0.002164,0.272635,-0.004720,0.009740
17.056349,-0.268318,0.003243,0.002823,0.374972,-0.006288,0.019754
17.101711,-0.249194,0.002991,0.003916,0.466040,-0.004618,0.028708
17.147072,-0.226280,0.002839,0.005355,0.541161,-0.001381,0.033995
17.192433,-0.200397,0.002825,0.006979,0.596161,0.001029,0.035895
17.237794,-0.172541,0.002886,0.008658,0.627633,0.001138,0.036668
17.283156,-0.143836,0.002913,0.010351,0.633168,-0.000798,0.038200
17.328517,-0.115491,0.002836,0.012091,0.611568,-0.003183,0.040509
17.373878,-0.088739,0.002665,0.013916,0.562997,-0.004209,0.042201
17.419239,-0.064774,0.002490,0.015810,0.489072,-0.002931,0.041962
17.464600,-0.044680,0.002416,0.017697,0.392878,0.000314,0.039597
17.509962,-0.029373,0.002513,0.019474,0.278893,0.004234,0.035868
17.555323,-0.019534,0.002778,0.021059,0.152822,0.007351,0.031631
17.600684,-0.015565,0.003149,0.022406,0.021343,0.008740,0.027172
17.637915,-0.016764,0.003472,0.023326,-0.085460,0.008486,0.023157
17.675146,-0.021854,0.003770,0.024084,-0.186798,0.007426,0.018566
17.712378,-0.030554,0.004022,0.024668,-0.278584,0.006115,0.013364
17.749609,-0.042433,0.004226,0.025058,-0.356981,0.004940,0.007710
17.786840,-0.056930,0.004392,0.025241,-0.418585,0.004002,0.001852
17.839590,-0.080608,0.004569,0.025143,-0.471828,0.002756,-0.006140
17.892341,-0.105935,0.004671,0.024645,-0.480584,0.001131,-0.012628
17.935523,-0.126216,0.004677,0.024003,-0.453504,-0.000627,-0.015838
17.978706,-0.144679,0.004610,0.023270,-0.396863,-0.002307,-0.016720
18.021889,-0.160111,0.004486,0.022564,-0.313797,-0.003279,-0.015335
18.065072,-0.171470,0.004339,0.021970,-0.209188,-0.003292,-0.012165
18.108255,-0.177958,0.004207,0.021538,-0.089463,-0.002667,-0.007900
18.151437,-0.179085,0.004105,0.021300,0.037749,-0.002008,-0.003055
18.194620,-0.174705,0.004028,0.021279,0.164099,-0.001743,0.002217
18.237803,-0.165041,0.003954,0.021497,0.281072,-0.001850,0.007898
18.280986,-0.150674,0.003872,0.021964,0.380576,-0.001975,0.013736
18.337285,-0.126420,0.003762,0.022939,0.472538,-0.001632,0.020726
18.393584,-0.098435,0.003688,0.024264,0.511431,-0.000571,0.025918
18.449883,-0.069894,0.003689,0.025827,0.492006,0.000737,0.028840
18.494337,-0.049127,0.003744,0.027139,0.436582,0.001561,0.029714
18.538791,-0.031541,0.003836,0.028453,0.350188,0.002375,0.029466
18.583245,-0.018361,0.003964,0.029724,0.239649,0.003576,0.028037
18.627699,-0.010468,0.004149,0.030912,0.113916,0.005183,0.025317
18.672152,-0.008312,0.004406,0.031968,-0.016608,0.006503,0.021300
18.716606,-0.011863,0.004706,0.032823,-0.140910,0.006540,0.016141
18.761060,-0.020604,0.004980,0.033408,-0.248344,0.005019,0.010189
18.805514,-0.033569,0.005162,0.033696,-0.329608,0.002956,0.003988
18.849968,-0.049428,0.005255,0.033718,-0.377629,0.001781,-0.001870
18.894421,-0.066598,0.005314,0.033526,-0.388276,0.001682,-0.006963
18.938875,-0.083390,0.005378,0.033155,-0.360820,0.001163,-0.010830
18.983329,-0.098159,0.005399,0.032645,-0.298101,-0.001193,-0.012499
19.027783,-0.109463,0.005292,0.032097,-0.206354,-0.004431,-0.010884
19.072237,-0.116205,0.005059,0.031672,-0.094673,-0.005498,-0.006334
19.116690,-0.117741,0.004844,0.031498,0.025829,-0.002764,-0.001098
19.161144,-0.113945,0.004798,0.031581,0.143089,0.001047,0.002936
19.205598,-0.105227,0.004877,0.031840,0.245303,0.001103,0.006630
19.250052,-0.092495,0.004878,0.032252,0.322170,-0.003149,0.011816
19.294506,-0.077059,0.004680,0.032887,0.365987,-0.006065,0.017979
19.330707,-0.063582,0.004471,0.033609,0.374209,-0.003016,0.021723
19.366908,-0.050267,0.004425,0.034454,0.357302,0.003126,0.023186
19.403109,-0.038001,0.004630,0.035334,0.316731,0.006912,0.022957
19.439311,-0.027585,0.004921,0.036166,0.255682,0.004699,0.022443
19.475512,-0.019682,0.005041,0.036915,0.178847,-0.000917,0.022163
19.511713,-0.014760,0.004933,0.037620,0.092100,-0.002697,0.021239
19.543699,-0.013089,0.004839,0.038254,0.012485,0.002130,0.019040
19.575684,-0.013943,0.004955,0.038873,-0.064992,0.009530,0.015543
19.607670,-0.017179,0.005311,0.039392,-0.135742,0.013259,0.011283
19.639655,-0.022515,0.005727,0.039734,-0.195583,0.009688,0.006933
19.671641,-0.029545,0.005956,0.039883,-0.241010,0.000948,0.003198
19.703626,-0.037762,0.005885,0.039893,-0.269427,-0.006667,0.000617
19.735612,-0.046596,0.005623,0.039843,-0.279314,-0.007681,-0.000899
19.767597,-0.055443,0.005414,0.039785,-0.270330,-0.001826,-0.002189
19.799583,-0.063712,0.005440,0.039711,-0.243343,0.005677,-0.004089
19.831568,-0.070854,0.005675,0.039579,-0.200378,0.008273,-0.006336
19.863554,-0.076406,0.005908,0.039373,-0.144491,0.003379,-0.007412
19.895539,-0.080012,0.005919,0.039144,-0.079564,-0.005446,-0.005808
19.927525,-0.081455,0.005667,0.038998,-0.010050,-0.010956,-0.001736
19.959510,-0.080663,0.005317,0.039005,0.059332,-0.009156,0.003020
19.991496,-0.077714,0.005097,0.039161,0.123908,-0.002059,0.006590
20.023481,-0.072832,0.005116,0.039417,0.179367,0.004609,0.008509
20.055467,-0.066371,0.005298,0.039723,0.222057,0.006134,0.009779
20.087453,-0.058784,0.005461,0.040067,0.249239,0.002212,0.011612
20.119438,-0.050598,0.005467,0.040466,0.259290,-0.003303,0.014222
20.151424,-0.042370,0.005325,0.040943,0.251812,-0.005720,0.016770
20.183409,-0.034652,0.005166,0.041498,0.227664,-0.003129,0.018255
20.215395,-0.027947,0.005134,0.042097,0.188893,0.002434,0.018330
20.247380,-0.022677,0.005274,0.042693,0.138581,0.006887,0.017344
20.284971,-0.018723,0.005541,0.043336,0.069966,0.007506,0.015514
20.322562,-0.017435,0.005753,0.043874,-0.002051,0.003941,0.013402
20.360153,-0.018803,0.005832,0.044305,-0.070038,-0.000131,0.011011
20.397744,-0.022547,0.005814,0.044646,-0.127077,-0.001563,0.008270
20.435335,-0.028144,0.005793,0.044899,-0.167504,0.000166,0.005316
20.472926,-0.034891,0.005844,0.045054,-0.187498,0.002769,0.002393
20.510516,-0.041983,0.005951,0.045108,-0.185488,0.003466,-0.000107
20.548107,-0.048598,0.006034,0.045077,-0.162302,0.001515,-0.001633
20.585698,-0.053992,0.006032,0.045006,-0.121060,-0.001574,-0.001786
20.623289,-0.057570,0.005937,0.044952,-0.066800,-0.003474,-0.000586
20.660880,-0.058959,0.005810,0.044963,-0.005937,-0.002835,0.001464
20.698471,-0.058040,0.005731,0.045059,0.054483,-0.000617,0.003729
20.736062,-0.054960,0.005730,0.045243,0.107610,0.000861,0.005928
20.773653,-0.050110,0.005758,0.045511,0.147574,0.000273,0.008156
20.811244,-0.044068,0.005749,0.045860,0.170151,-0.001372,0.010434
20.848834,-0.037538,0.005694,0.046286,0.173232,-0.001846,0.012406
20.886425,-0.031256,0.005652,0.046772,0.157050,-0.000120,0.013573
20.924016,-0.025908,0.005688,0.047291,0.124116,0.002509,0.013708
20.961607,-0.022046,0.005802,0.047804,0.078893,0.003764,0.012967
20.999198,-0.020029,0.005928,0.048276,0.027221,0.002762,0.011652
21.036789,-0.019978,0.006001,0.048681,-0.024411,0.000863,0.009988
21.074380,-0.021773,0.006019,0.049012,-0.069676,0.000118,0.008083
21.111971,-0.025068,0.006035,0.049272,-0.103189,0.001066,0.006014
21.149562,-0.029346,0.006090,0.049461,-0.121177,0.002258,0.003946
21.187153,-0.033982,0.006166,0.049582,-0.121925,0.001945,0.002220
21.224743,-0.038330,0.006204,0.049648,-0.105965,0.000024,0.001252
21.267529,-0.042195,0.006168,0.049696,-0.070926,-0.001997,0.001298
21.310315,-0.044291,0.006094,0.049764,-0.024310,-0.002361,0.002331
21.345836,-0.044432,0.006044,0.049867,0.017171,-0.001360,0.003602
21.381358,-0.043123,0.006020,0.050022,0.055829,-0.000234,0.005059
21.416879,-0.040552,0.006018,0.050230,0.087131,0.000100,0.006591
21.452400,-0.037051,0.006018,0.050492,0.107567,-0.000335,0.008102
21.487921,-0.033048,0.006004,0.050803,0.115049,-0.000688,0.009428
21.523442,-0.029016,0.005988,0.051155,0.109136,-0.000199,0.010353
21.558963,-0.025417,0.005999,0.051531,0.091042,0.000986,0.010714
21.594484,-0.022639,0.006047,0.051911,0.063453,0.001943,0.010493
21.638516,-0.020724,0.006127,0.052359,0.021745,0.002039,0.009571
21.674053,-0.020555,0.006180,0.052681,-0.012560,0.001326,0.008473
21.709590,-0.021553,0.006214,0.052959,-0.042731,0.000722,0.007187
21.745127,-0.023500,0.006238,0.053189,-0.065076,0.000677,0.005845
21.780665,-0.026065,0.006263,0.053374,-0.077029,0.000928,0.004592
21.816202,-0.028853,0.006292,0.053519,-0.077458,0.000856,0.003591
21.851739,-0.031457,0.006310,0.053636,-0.066784,0.000198,0.003007
21.887276,-0.033511,0.006304,0.053740,-0.046879,-0.000651,0.002938
21.922814,-0.034736,0.006276,0.053849,-0.020778,-0.001054,0.003359
21.963138,-0.034934,0.006242,0.053999,0.011612,-0.000836,0.004253
22.003462,-0.033858,0.006223,0.054192,0.041428,-0.000397,0.005379
22.043787,-0.031715,0.006216,0.054433,0.063576,-0.000129,0.006560
22.084111,-0.028888,0.006216,0.054720,0.074494,-0.000037,0.007617
22.124435,-0.025866,0.006218,0.055044,0.072717,0.000085,0.008375
22.164760,-0.023154,0.006229,0.055389,0.059126,0.000472,0.008691
22.205084,-0.021180,0.006256,0.055738,0.036728,0.001003,0.008509
22.245409,-0.020219,0.006299,0.056071,0.010021,0.001227,0.007884
22.285733,-0.020342,0.006343,0.056372,-0.015888,0.000972,0.006963
22.326057,-0.021419,0.006374,0.056633,-0.036254,0.000536,0.005935
22.366382,-0.023151,0.006390,0.056852,-0.047571,0.000325,0.004983
22.414382,-0.025496,0.006404,0.057069,-0.047078,0.000326,0.004160
22.462382,-0.027460,0.006413,0.057259,-0.032478,0.000110,0.003859
22.500546,-0.028360,0.006411,0.057408,-0.014123,-0.000455,0.004042
22.538710,-0.028501,0.006393,0.057571,0.006403,-0.000800,0.004555
22.576875,-0.027877,0.006367,0.057758,0.025471,-0.000396,0.005260
22.615039,-0.026608,0.006360,0.057973,0.039921,0.000452,0.005973
22.653203,-0.024914,0.006381,0.058214,0.047498,0.000684,0.006572
22.691368,-0.023080,0.006399,0.058474,0.047204,-0.000189,0.007031
22.739258,-0.021030,0.006390,0.058818,0.036462,-0.000856,0.007325
22.787149,-0.019703,0.006391,0.059164,0.017791,0.000158,0.007133
22.835040,-0.019351,0.006430,0.059493,-0.002996,0.001314,0.006478
22.882930,-0.019930,0.006473,0.059786,-0.019841,0.001538,0.005655
22.930821,-0.021132,0.006512,0.060039,-0.028218,0.000376,0.004922
22.978712,-0.022489,0.006513,0.060261,-0.026332,-0.000922,0.004500
23.026602,-0.023525,0.006482,0.060472,-0.015517,-0.000538,0.004451
23.074493,-0.023895,0.006477,0.060689,0.000327,0.000924,0.004661
23.122384,-0.023481,0.006514,0.060922,0.016081,0.000731,0.005051
23.170274,-0.022409,0.006519,0.061178,0.027033,-0.001275,0.005626
23.218165,-0.020993,0.006461,0.061460,0.030264,-0.001394,0.006202
23.266056,-0.019622,0.006444,0.061763,0.025410,0.001576,0.006403
23.313946,-0.018644,0.006536,0.062069,0.014591,0.002828,0.006133
23.361837,-0.018259,0.006606,0.062358,0.001583,-0.000511,0.005740
23.409728,-0.018472,0.006535,0.062622,-0.009442,-0.002824,0.005494
23.457619,-0.019099,0.006467,0.062871,-0.015195,0.000772,0.005182
23.505509,-0.019839,0.006574,0.063107,-0.014277,0.004092,0.004630
23.553400,-0.020385,0.006694,0.063328,-0.007571,-0.000009,0.004335
23.601291,-0.020521,0.006588,0.063543,0.002206,-0.004981,0.004757
23.640949,-0.020273,0.006415,0.063736,0.010140,-0.000248,0.005286
23.680607,-0.019739,0.006488,0.063949,0.016111,0.008508,0.005278
23.720264,-0.019027,0.006819,0.064166,0.018957,0.006164,0.004884
23.727523,-0.018889,0.006856,0.064203,0.019087,0.002806,0.004896
23.734782,-0.018750,0.006865,0.064238,0.019089,-0.000957,0.004968
23.742041,-0.018612,0.006846,0.064275,0.018969,-0.004327,0.005083
23.749300,-0.018475,0.006804,0.064312,0.018730,-0.006847,0.005221
23.756559,-0.018340,0.006747,0.064350,0.018376,-0.008397,0.005366
23.771077,-0.018081,0.006617,0.064431,0.017341,-0.008491,0.005629
23.785595,-0.017839,0.006507,0.064515,0.015905,-0.005716,0.005800
23.800113,-0.017620,0.006449,0.064600,0.014123,-0.001725,0.005851
23.814631,-0.017430,0.006451,0.064685,0.012060,0.001946,0.005793
23.829149,-0.017271,0.006500,0.064768,0.009789,0.004220,0.005660
23.866445,-0.017020,0.006701,0.064972,0.003532,0.002623,0.005228
23.903742,-0.016992,0.006754,0.065164,-0.002297,-0.003862,0.005025
23.941038,-0.017160,0.006648,0.065351,-0.006544,-0.006962,0.005004
23.978335,-0.017448,0.006530,0.065537,-0.008429,-0.003559,0.004952
24.023746,-0.017860,0.006176,0.065763,-0.009344,-0.008505,0.005178
24.030716,-0.017933,0.006029,0.065800,-0.010421,-0.021049,0.005330
24.036078,-0.017946,0.006427,0.065824,-0.002010,0.075332,0.004699
24.040474,-0.017926,0.007051,0.065841,0.004612,0.142482,0.003756
24.044869,-0.017877,0.007920,0.065852,0.011156,0.198355,0.002504
24.048251,-0.017822,0.008716,0.065856,0.016136,0.233987,0.001404
24.051633,-0.017751,0.009605,0.065857,0.021052,0.262535,0.000224
24.058397,-0.017576,0.011507,0.065850,0.030748,0.305586,-0.002163
24.065161,-0.017337,0.013575,0.065828,0.040115,0.321000,-0.004474
24.071925,-0.017036,0.015651,0.065791,0.049092,0.310785,-0.006441
24.085932,-0.016234,0.019246,0.065692,0.066110,0.231799,-0.008490
24.094579,-0.015624,0.020838,0.065622,0.075472,0.152672,-0.008272
24.103226,-0.014937,0.021748,0.065560,0.083822,0.065662,-0.006880
24.111874,-0.014183,0.021947,0.065513,0.091072,-0.017963,-0.004520
24.124242,-0.013004,0.021121,0.065483,0.099419,-0.117117,-0.000051
24.136611,-0.011735,0.019354,0.065507,0.105231,-0.173250,0.004719
24.146790,-0.010648,0.017560,0.065571,0.108028,-0.179534,0.008188
24.156969,-0.009541,0.015838,0.065667,0.109020,-0.153795,0.010852
24.167148,-0.008434,0.014484,0.065786,0.108232,-0.105151,0.012587
24.177327,-0.007344,0.013683,0.065920,0.105711,-0.045428,0.013476
24.189307,-0.006105,0.013537,0.066086,0.100626,0.022821,0.013723
24.201287,-0.004941,0.014150,0.066251,0.093407,0.073243,0.013514
24.213268,-0.003875,0.015222,0.066410,0.084270,0.095929,0.013206
24.225248,-0.002928,0.016390,0.066564,0.073468,0.090113,0.012963
24.237228,-0.002120,0.017342,0.066716,0.061285,0.062761,0.012774
24.257723,-0.001097,0.017998,0.066969,0.038133,-0.005592,0.012318
24.273099,-0.000651,0.017574,0.067154,0.019713,-0.042826,0.011641
24.288475,-0.000490,0.016717,0.067326,0.001205,-0.052615,0.010651
24.303850,-0.000611,0.015919,0.067481,-0.016670,-0.036070,0.009443
24.319226,-0.000998,0.015534,0.067617,-0.033237,-0.006461,0.008104
24.334602,-0.001625,0.015648,0.067730,-0.047893,0.018748,0.006664
24.349978,-0.002460,0.016088,0.067821,-0.060128,0.027937,0.005134
24.365354,-0.003461,0.016547,0.067888,-0.069542,0.020195,0.003582
24.380729,-0.004583,0.016777,0.067932,-0.075851,0.003405,0.002147
24.402764,-0.006304,0.016643,0.067963,-0.079203,-0.018467,0.000527
24.419758,-0.007639,0.016279,0.067966,-0.077207,-0.020399,-0.000254
24.436751,-0.008908,0.015951,0.067957,-0.071445,-0.010609,-0.000725
24.453744,-0.010050,0.015850,0.067940,-0.062312,0.002894,-0.001042
24.470737,-0.011011,0.015982,0.067918,-0.050355,0.011235,-0.001251
24.487730,-0.011750,0.016204,0.067896,-0.036244,0.009873,-0.001246
24.510804,-0.012348,0.016402,0.067876,-0.014986,-0.000423,-0.000696
24.533878,-0.012449,0.016347,0.067882,0.006862,-0.010846,0.000537
24.556953,-0.012060,0.016103,0.067921,0.027379,-0.014920,0.002270
24.580027,-0.011232,0.015832,0.067998,0.044831,-0.011126,0.004146
24.608562,-0.009732,0.015644,0.068146,0.060191,-0.001044,0.006247
24.637097,-0.007908,0.015684,0.068346,0.067060,0.006303,0.007887
24.665632,-0.006010,0.015826,0.068589,0.064876,0.005222,0.009030
24.694167,-0.004288,0.015883,0.068857,0.054330,-0.001665,0.009645
24.716242,-0.003232,0.015812,0.069070,0.041697,-0.005814,0.009690
24.738318,-0.002490,0.015695,0.069278,0.026523,-0.006398,0.009334
24.756031,-0.002141,0.015604,0.069438,0.013301,-0.004587,0.008785
24.773745,-0.002023,0.015549,0.069586,-0.000024,-0.001738,0.008043
24.791458,-0.002133,0.015537,0.069720,-0.012746,0.000869,0.007155
24.819565,-0.002735,0.015581,0.069899,-0.030391,0.002546,0.005561
24.847672,-0.003761,0.015626,0.070035,-0.042878,0.000474,0.003946
24.875778,-0.005047,0.015602,0.070127,-0.048577,-0.002916,0.002552
24.903885,-0.006399,0.015509,0.070186,-0.047006,-0.004363,0.001564
24.931991,-0.007618,0.015407,0.070223,-0.038729,-0.003036,0.001075
24.960098,-0.008534,0.015347,0.070253,-0.025197,-0.000761,0.001099
24.988204,-0.009025,0.015328,0.070290,-0.008516,0.000225,0.001602
25.020176,-0.008991,0.015309,0.070356,0.011220,-0.000994,0.002667
25.052148,-0.008348,0.015250,0.070462,0.028295,-0.002969,0.004053
25.084120,-0.007238,0.015158,0.070615,0.039612,-0.003361,0.005461
25.116092,-0.005883,0.015080,0.070809,0.043368,-0.001951,0.006601
25.148064,-0.004531,0.015049,0.071033,0.039337,-0.000623,0.007285
25.185123,-0.003268,0.015029,0.071309,0.026614,-0.000682,0.007413
25.222182,-0.002580,0.014989,0.071576,0.008841,-0.001120,0.006851
25.259241,-0.002576,0.014948,0.071812,-0.009296,-0.001426,0.005769
25.296301,-0.003193,0.014902,0.072003,-0.023279,-0.001586,0.004463
25.333360,-0.004210,0.014849,0.072146,-0.029847,-0.001495,0.003275
25.370419,-0.005321,0.014800,0.072251,-0.027797,-0.001542,0.002491
25.407478,-0.006212,0.014754,0.072337,-0.018208,-0.002241,0.002275
25.444537,-0.006651,0.014690,0.072425,-0.004044,-0.003019,0.002642
25.491683,-0.006423,0.014597,0.072570,0.014530,-0.002500,0.003695
25.527446,-0.005721,0.014537,0.072718,0.024444,-0.001527,0.004639
25.563209,-0.004752,0.014494,0.072899,0.028302,-0.001319,0.005448
25.598972,-0.003757,0.014445,0.073105,0.025559,-0.001512,0.005935
25.634735,-0.002962,0.014382,0.073320,0.017304,-0.000938,0.005998
25.670498,-0.002529,0.014336,0.073530,0.005928,0.000228,0.005639
25.717144,-0.002585,0.014306,0.073776,-0.008787,-0.000325,0.004738
25.754139,-0.003061,0.014270,0.073937,-0.016509,-0.001793,0.003932
25.791134,-0.003735,0.014200,0.074070,-0.018736,-0.001762,0.003280
25.828129,-0.004391,0.014143,0.074183,-0.015258,-0.000682,0.002928
25.865124,-0.004833,0.014125,0.074290,-0.007372,-0.001252,0.002933
25.902119,-0.004939,0.014085,0.074402,0.002508,-0.003405,0.003281
25.946308,-0.004596,0.013972,0.074561,0.013086,-0.002513,0.003971
25.990497,-0.003877,0.013926,0.074751,0.018662,-0.000435,0.004636
26.034686,-0.003055,0.013902,0.074965,0.017569,-0.004082,0.005042
26.078875,-0.002408,0.013769,0.075191,0.010592,-0.004548,0.005073
26.123064,-0.002141,0.013661,0.075409,0.000771,0.001401,0.004703
26.167252,-0.002301,0.013709,0.075605,-0.007867,0.004342,0.004080
26.211441,-0.002763,0.013762,0.075772,-0.011975,-0.001630,0.003477
26.255630,-0.003285,0.013641,0.075918,-0.010243,-0.008243,0.003154
26.299819,-0.003614,0.013470,0.076057,-0.003821,-0.007406,0.003189
26.344008,-0.003592,0.013458,0.076202,0.004288,-0.005335,0.003493
26.388197,-0.003223,0.013487,0.076365,0.010594,-0.008556,0.003946
26.432386,-0.002672,0.013312,0.076548,0.012665,-0.007076,0.004357
26.476575,-0.002161,0.013095,0.076744,0.010143,0.007183,0.004494
26.512683,-0.001892,0.013183,0.076905,0.005723,0.017401,0.004350
26.548791,-0.001785,0.013511,0.077059,0.000721,0.006808,0.004070
26.584900,-0.001833,0.013572,0.077202,-0.003495,-0.018861,0.003797
26.621008,-0.002046,0.013201,0.077334,-0.008037,-0.011311,0.003571
26.626684,-0.002083,0.013029,0.077354,-0.005908,-0.038443,0.003563
26.632361,-0.002096,0.012602,0.077374,-0.000141,-0.104060,0.003630
26.638038,-0.002079,0.011878,0.077395,0.005551,-0.154948,0.003777
26.645893,-0.002005,0.010535,0.077426,0.013216,-0.197552,0.004062
26.653748,-0.001873,0.009003,0.077459,0.020564,-0.208402,0.004374
26.661603,-0.001687,0.007497,0.077495,0.027507,-0.190772,0.004650
26.673193,-0.001317,0.005748,0.077550,0.036801,-0.130140,0.004909
26.682298,-0.000955,0.004909,0.077595,0.043215,-0.064869,0.004987
26.691402,-0.000538,0.004635,0.077640,0.048731,0.000767,0.004995
26.700507,-0.000076,0.004880,0.077685,0.053270,0.055608,0.004994
26.716438,0.000818,0.006196,0.077766,0.058715,0.110494,0.005125
26.728364,0.001533,0.007526,0.077829,0.060570,0.104983,0.005404
26.740290,0.002260,0.008643,0.077896,0.060487,0.065537,0.005764
26.752216,0.002976,0.009202,0.077966,0.058511,0.009109,0.006055
26.764142,0.003659,0.009089,0.078038,0.054755,-0.043443,0.006134
26.776068,0.004286,0.008427,0.078109,0.049392,-0.074902,0.005949
26.787994,0.004840,0.007504,0.078178,0.042645,-0.077335,0.005570
26.799920,0.005303,0.006663,0.078241,0.034776,-0.053628,0.005150
26.811167,0.005647,0.006218,0.078298,0.026628,-0.020119,0.004871
26.822415,0.005896,0.006150,0.078352,0.018022,0.012880,0.004747
26.833663,0.006046,0.006391,0.078406,0.009193,0.037218,0.004742
26.849391,0.006090,0.007063,0.078482,-0.003151,0.050493,0.004823
26.865120,0.005951,0.007771,0.078558,-0.014865,0.036738,0.004797
26.880848,0.005640,0.008160,0.078631,-0.025298,0.005928,0.004500
26.896577,0.005180,0.008083,0.078696,-0.033926,-0.023993,0.003952
26.912305,0.004600,0.007644,0.078753,-0.040340,-0.038105,0.003314
26.928034,0.003935,0.007108,0.078800,-0.044255,-0.031678,0.002770
26.943763,0.003226,0.006750,0.078840,-0.045529,-0.010972,0.002417
26.959852,0.002508,0.006713,0.078878,-0.044163,0.009812,0.002239
26.975941,0.001832,0.006935,0.078914,-0.040308,0.021912,0.002165
26.992031,0.001233,0.007261,0.078948,-0.034281,0.021427,0.002141
27.011325,0.000651,0.007608,0.078989,-0.024637,0.007060,0.002164
27.030619,0.000273,0.007651,0.079032,-0.013231,-0.013626,0.002265
27.049912,0.000129,0.007326,0.079078,-0.001141,-0.025817,0.002464
27.069206,0.000222,0.006844,0.079129,0.010551,-0.019474,0.002738
27.091283,0.000591,0.006525,0.079194,0.022188,0.004535,0.003099
27.113360,0.001191,0.006691,0.079267,0.030834,0.026403,0.003503
27.135437,0.001947,0.007190,0.079349,0.035687,0.026789,0.003941
27.157514,0.002762,0.007585,0.079439,0.036400,0.004463,0.004317
27.161307,0.002900,0.007595,0.079456,0.036089,-0.001258,0.004357
27.165100,0.003036,0.007582,0.079472,0.035661,-0.006693,0.004388
27.168893,0.003170,0.007548,0.079489,0.035119,-0.011566,0.004409
27.176479,0.003431,0.007437,0.079522,0.033714,-0.018923,0.004427
27.184065,0.003679,0.007284,0.079556,0.031898,-0.022895,0.004418
27.191651,0.003912,0.007115,0.079589,0.029705,-0.023473,0.004387
27.210941,0.004413,0.006782,0.079673,0.022814,-0.015563,0.004280
27.230231,0.004766,0.006647,0.079754,0.014490,-0.001923,0.004170
27.249521,0.004953,0.006708,0.079833,0.005465,0.008291,0.004069
27.275691,0.004937,0.006949,0.079938,-0.006814,0.011143,0.003890
27.301861,0.004627,0.007124,0.080035,-0.017357,0.001868,0.003585
27.328031,0.004086,0.007057,0.080124,-0.024530,-0.008095,0.003168
27.354201,0.003410,0.006861,0.080202,-0.027416,-0.009169,0.002784
27.380371,0.002712,0.006723,0.080273,-0.025805,-0.003088,0.002548
27.406541,0.002103,0.006717,0.080338,-0.020175,0.002766,0.002477
27.432711,0.001677,0.006780,0.080403,-0.011608,0.003502,0.002538
27.461916,0.001486,0.006800,0.080479,-0.000447,0.000189,0.002714
27.491120,0.001617,0.006748,0.080562,0.010252,-0.002315,0.002963
27.520325,0.002027,0.006680,0.080652,0.018488,-0.002762,0.003245
27.549530,0.002624,0.006620,0.080751,0.022840,-0.001927,0.003506
27.584303,0.003415,0.006582,0.080876,0.022263,-0.000346,0.003726
27.619077,0.004093,0.006572,0.081007,0.015922,0.000071,0.003794
27.653851,0.004493,0.006560,0.081137,0.005803,-0.000872,0.003689
27.688625,0.004527,0.006526,0.081262,-0.005179,-0.001782,0.003442
27.723398,0.004213,0.006483,0.081377,-0.014011,-0.001649,0.003130
27.758172,0.003661,0.006448,0.081481,-0.018402,-0.000922,0.002842
27.792946,0.003038,0.006424,0.081577,-0.017377,-0.000595,0.002649
27.827720,0.002525,0.006395,0.081668,-0.011491,-0.000881,0.002590
27.862494,0.002262,0.006352,0.081759,-0.002606,-0.001167,0.002667
27.897267,0.002313,0.006305,0.081855,0.006685,-0.001005,0.002848
27.932041,0.002653,0.006265,0.081957,0.013804,-0.000656,0.003074
27.966815,0.003179,0.006234,0.082067,0.016895,-0.000614,0.003275
28.001589,0.003740,0.006205,0.082182,0.015306,-0.000938,0.003393
28.036363,0.004184,0.006174,0.082300,0.009713,-0.001261,0.003394
28.071136,0.004401,0.006142,0.082417,0.001874,-0.001297,0.003283
28.105910,0.004347,0.006113,0.082528,-0.005914,-0.001132,0.003094
28.140684,0.004058,0.006086,0.082632,-0.011476,-0.000994,0.002880
28.175458,0.003632,0.006056,0.082730,-0.013372,-0.000943,0.002696
28.210231,0.003202,0.006021,0.082822,-0.011262,-0.000875,0.002589
28.245005,0.002894,0.005983,0.082912,-0.005948,-0.000739,0.002580
28.279779,0.002795,0.005955,0.083003,0.000889,-0.001286,0.002663
28.314553,0.002938,0.005949,0.083098,0.007133,-0.004340,0.002811
28.355605,0.003351,0.005925,0.083216,0.011185,-0.010688,0.002990
28.396657,0.003833,0.005774,0.083340,0.010586,-0.008212,0.003062
28.437709,0.004193,0.005682,0.083466,0.006033,0.001678,0.003044
28.478761,0.004321,0.005752,0.083590,-0.000453,0.005349,0.002978
28.519813,0.004206,0.005799,0.083710,-0.006231,-0.001988,0.002826
28.560865,0.003897,0.005689,0.083823,-0.009142,-0.004245,0.002628
28.601917,0.003503,0.005532,0.083928,-0.007848,0.007607,0.002490
28.635931,0.003271,0.005628,0.084013,-0.004037,0.008846,0.002521
28.669946,0.003191,0.005794,0.084100,0.001184,0.002031,0.002622
28.703960,0.003285,0.005736,0.084189,0.006076,-0.007268,0.002693
28.737974,0.003537,0.005483,0.084281,0.009132,-0.013038,0.002726
28.775653,0.003897,0.005262,0.084385,0.009453,-0.004775,0.002771
28.813332,0.004215,0.005280,0.084490,0.006562,0.010784,0.002832
28.851011,0.004386,0.005503,0.084598,0.001583,0.012823,0.002863
28.856718,0.004390,0.005555,0.084614,0.000746,0.009028,0.002862
28.862426,0.004389,0.005583,0.084630,-0.000073,0.005173,0.002851
28.873841,0.004404,0.005638,0.084663,0.001247,0.004682,0.002832
28.878600,0.004290,0.005333,0.084675,-0.023856,-0.064210,0.002638
28.883360,0.004057,0.004764,0.084686,-0.048309,-0.118299,0.002326
28.888965,0.003708,0.003962,0.084698,-0.076608,-0.171421,0.001933
28.894570,0.003204,0.002939,0.084708,-0.103777,-0.202942,0.001519
28.900175,0.002553,0.001803,0.084716,-0.129621,-0.213020,0.001180
28.910509,0.000988,-0.000266,0.084727,-0.173237,-0.181470,0.000964
28.920842,-0.000999,-0.001823,0.084740,-0.210673,-0.103560,0.001370
28.931176,-0.003338,-0.002487,0.084756,-0.240940,-0.009519,0.002103
28.941509,-0.005951,-0.002227,0.084777,-0.263356,0.071712,0.002616
28.953160,-0.009119,-0.001124,0.084804,-0.278741,0.123958,0.002364
28.964810,-0.012403,0.000326,0.084824,-0.283442,0.124086,0.001203
28.976461,-0.015682,0.001561,0.084830,-0.277635,0.080797,-0.000282
28.988111,-0.018835,0.002189,0.084823,-0.261869,0.016647,-0.001218
29.003398,-0.022597,0.001916,0.084814,-0.227571,-0.056309,-0.000619
29.015701,-0.025177,0.001023,0.084820,-0.190449,-0.078253,0.001367
29.028005,-0.027258,0.000061,0.084848,-0.146812,-0.061441,0.003584
29.040308,-0.028772,-0.000521,0.084894,-0.098684,-0.020382,0.004798
29.052611,-0.029676,-0.000534,0.084948,-0.048171,0.020918,0.004467
29.064915,-0.029956,-0.000101,0.084993,0.002601,0.042853,0.003025
29.078236,-0.029567,0.000530,0.085025,0.055483,0.039720,0.001332
29.091557,-0.028504,0.000980,0.085038,0.103833,0.015294,0.000527
29.104878,-0.026841,0.001060,0.085046,0.145520,-0.014381,0.000881
29.118199,-0.024676,0.000784,0.085061,0.178793,-0.033763,0.001980
29.134968,-0.021429,0.000247,0.085099,0.206866,-0.033584,0.003287
29.151737,-0.017847,-0.000139,0.085153,0.218251,-0.011797,0.003740
29.168506,-0.014212,-0.000153,0.085213,0.212823,0.014038,0.003353
29.185275,-0.010797,0.000159,0.085270,0.191726,0.027479,0.002693
29.202044,-0.007847,0.000566,0.085320,0.157236,0.022879,0.002271
29.218814,-0.005563,0.000823,0.085361,0.112541,0.006661,0.002215
29.235583,-0.004084,0.000829,0.085397,0.061468,-0.008924,0.002366
29.254462,-0.003482,0.000608,0.085436,0.001465,-0.013873,0.002559
29.273342,-0.004005,0.000392,0.085482,-0.055465,-0.003514,0.002574
29.292221,-0.005533,0.000418,0.085535,-0.103839,0.011850,0.002333
29.311101,-0.007857,0.000686,0.085587,-0.139377,0.017931,0.001911
29.329981,-0.010707,0.000974,0.085625,-0.159362,0.009565,0.001528
29.348860,-0.013779,0.001054,0.085651,-0.162736,-0.004996,0.001449
29.367740,-0.016762,0.000902,0.085675,-0.150067,-0.012522,0.001728
29.386620,-0.019368,0.000694,0.085706,-0.123413,-0.007264,0.002072
29.405499,-0.021364,0.000635,0.085746,-0.086075,0.004432,0.002106
29.424379,-0.022585,0.000771,0.085786,-0.042242,0.011026,0.001809
29.443258,-0.022951,0.000959,0.085819,0.003474,0.006421,0.001544
29.462138,-0.022469,0.001015,0.085849,0.046520,-0.004493,0.001681
29.481018,-0.021231,0.000886,0.085884,0.082852,-0.010916,0.002173
29.499897,-0.019397,0.000701,0.085928,0.109300,-0.006686,0.002618
29.520671,-0.016938,0.000637,0.085984,0.124602,0.004528,0.002701
29.541444,-0.014318,0.000775,0.086041,0.124539,0.011065,0.002475
29.562218,-0.011850,0.000971,0.086094,0.109976,0.007357,0.002316
29.582992,-0.009814,0.001053,0.086142,0.083448,-0.001449,0.002386
29.603765,-0.008422,0.000990,0.086188,0.048792,-0.005970,0.002545
29.631552,-0.007766,0.000859,0.086255,-0.002432,-0.000250,0.002597
29.659338,-0.008497,0.000933,0.086323,-0.048940,0.010738,0.002350
29.687125,-0.010354,0.001202,0.086383,-0.081233,0.010467,0.001939
29.714912,-0.012848,0.001360,0.086433,-0.093516,-0.002356,0.001653
29.742698,-0.015395,0.001229,0.086482,-0.084662,-0.010810,0.001697
29.770485,-0.017445,0.001024,0.086537,-0.058090,-0.003079,0.001875
29.798271,-0.018588,0.001062,0.086589,-0.020731,0.010111,0.001836
29.826058,-0.018631,0.001320,0.086630,0.018622,0.009687,0.001697
29.853845,-0.017633,0.001446,0.086674,0.051309,-0.004600,0.001879
29.881631,-0.015884,0.001264,0.086734,0.070748,-0.012704,0.002334
29.909418,-0.013815,0.001040,0.086808,0.073788,-0.002209,0.002569
29.937205,-0.011889,0.001128,0.086881,0.061099,0.013215,0.002403
29.964991,-0.010491,0.001459,0.086943,0.036613,0.012126,0.002151
29.992778,-0.009867,0.001620,0.086999,0.006407,-0.004182,0.002101
30.020564,-0.010088,0.001433,0.087059,-0.022639,-0.012583,0.002198
30.048351,-0.011043,0.001217,0.087122,-0.044254,-0.000626,0.002186
30.076138,-0.012459,0.001342,0.087178,-0.054173,0.015019,0.001891
30.103924,-0.013973,0.001691,0.087221,-0.051106,0.011539,0.001505
30.127044,-0.015046,0.001819,0.087251,-0.039852,-0.006917,0.001447
30.150165,-0.015783,0.001602,0.087289,-0.023132,-0.018405,0.001794
30.173285,-0.016098,0.001289,0.087336,-0.003867,-0.007376,0.002193
30.196405,-0.015967,0.001284,0.087387,0.014890,0.013927,0.002129
30.219525,-0.015435,0.001634,0.087433,0.030367,0.019665,0.001697
30.241380,-0.014652,0.001942,0.087470,0.040033,0.002511,0.001526
30.263235,-0.013719,0.001868,0.087505,0.043814,-0.017984,0.001916
30.285089,-0.012770,0.001485,0.087549,0.041572,-0.017619,0.002509
30.306944,-0.011933,0.001250,0.087603,0.034025,0.005372,0.002673
30.328798,-0.011310,0.001491,0.087661,0.022571,0.025720,0.002228
30.350653,-0.010962,0.001998,0.087711,0.009008,0.018590,0.001644
30.372508,-0.010914,0.002218,0.087748,-0.004726,-0.010320,0.001531
30.394362,-0.011151,0.001885,0.087780,-0.016774,-0.028317,0.001995
30.416217,-0.011622,0.001377,0.087821,-0.025560,-0.012421,0.002473
30.420588,-0.011737,0.001335,0.087831,-0.026811,-0.004899,0.002468
30.424959,-0.011856,0.001328,0.087842,-0.027884,0.002490,0.002421
30.429329,-0.011980,0.001352,0.087852,-0.028774,0.009088,0.002342
30.433700,-0.012108,0.001404,0.087862,-0.029482,0.014504,0.002240
30.442442,-0.012370,0.001564,0.087881,-0.030342,0.021001,0.001995
30.451184,-0.012636,0.001757,0.087897,-0.030463,0.021333,0.001748
30.459926,-0.012900,0.001930,0.087911,-0.029862,0.016797,0.001548
30.468668,-0.013156,0.002049,0.087924,-0.028570,0.009513,0.001430
30.477410,-0.013398,0.002098,0.087936,-0.026637,0.001699,0.001403
30.495278,-0.013827,0.002014,0.087962,-0.020960,-0.009738,0.001569
30.513147,-0.014139,0.001830,0.087992,-0.013527,-0.009852,0.001824
30.531015,-0.014310,0.001715,0.088025,-0.005094,-0.001335,0.001956
30.548883,-0.014327,0.001750,0.088059,0.003526,0.007639,0.001898
30.570253,-0.014151,0.001937,0.088098,0.012964,0.009748,0.001708
30.591622,-0.013789,0.002102,0.088134,0.020314,0.001454,0.001633
30.612992,-0.013299,0.002078,0.088171,0.024693,-0.007717,0.001813
30.634361,-0.012752,0.001920,0.088212,0.025692,-0.007582,0.002080
30.655731,-0.012219,0.001828,0.088257,0.023404,0.001402,0.002174
30.677100,-0.011767,0.001917,0.088303,0.018356,0.009148,0.002038
30.698469,-0.011446,0.002096,0.088346,0.011389,0.007492,0.001845
30.719839,-0.011285,0.002188,0.088385,0.003537,-0.001021,0.001783
30.743979,-0.011304,0.002102,0.088428,-0.005019,-0.006417,0.001888
30.768119,-0.011513,0.001970,0.088473,-0.011838,-0.000669,0.001961
30.792259,-0.011856,0.002015,0.088519,-0.015866,0.007702,0.001804
30.816399,-0.012257,0.002201,0.088562,-0.016660,0.006660,0.001547
30.840539,-0.012638,0.002294,0.088598,-0.014382,-0.002558,0.001483
30.864679,-0.012932,0.002194,0.088635,-0.009643,-0.007119,0.001664
30.888820,-0.013090,0.002074,0.088675,-0.003368,-0.000589,0.001814
30.912960,-0.013089,0.002133,0.088719,0.003307,0.007831,0.001730
30.937100,-0.012784,0.002802,0.088756,0.023559,0.050641,0.001131
30.965385,-0.011736,0.004334,0.088778,0.055877,0.059016,0.000279
30.970637,-0.011431,0.004601,0.088779,0.060363,0.042245,0.000265
30.975889,-0.011103,0.004779,0.088781,0.064273,0.023205,0.000362
30.981141,-0.010756,0.004856,0.088783,0.067587,0.004190,0.000564
30.986393,-0.010394,0.004836,0.088787,0.070286,-0.012956,0.000846
30.996897,-0.009634,0.004573,0.088799,0.073810,-0.037566,0.001529
31.007401,-0.008851,0.004138,0.088818,0.074808,-0.044997,0.002194
31.017905,-0.008071,0.003702,0.088843,0.073326,-0.036076,0.002683
31.028410,-0.007319,0.003408,0.088873,0.069492,-0.016679,0.002932
31.046933,-0.006130,0.003399,0.088928,0.057656,0.020219,0.002890
31.048464,-0.006043,0.003428,0.088933,0.056420,0.022765,0.002866
