# Time (s),Altitude (m),Vertical velocity (m/s),Total velocity (m/s),Vertical acceleration (m/s²),Angle of attack (°),Roll rate (°/s),Mass (g),Longitudinal moment of inertia (kg·m²),CP location (cm),CG location (cm),Stability margin calibers (​),Thrust (N),Drag force (N),Drag coefficient (​),Normal force coefficient (​),Damping moment coefficient (​),Corrective moment Coefficient ()
0,0,0,0,0,90.012,0,2944,0.327,NaN,67.5,NaN,0,0,0.657,NaN,NaN,NaN
0.01,8.852e-4,0.282,0.282,62.925,87.032,0,2943,0.327,NaN,67.5,NaN,213.993,1.906e-5,0.657,NaN,NaN,NaN
0.016,0.004,0.79,0.79,106.585,81.704,0,2942,0.327,NaN,67.5,NaN,342.389,3.962e-4,0.656,NaN,0.153,NaN
0.025,0.015,1.731,1.731,102.316,72.25,0,2940,0.326,NaN,67.5,NaN,329.629,0.004,0.653,NaN,0.138,NaN
0.035,0.038,2.73,2.73,97.566,63.197,0,2938,0.326,NaN,67.5,NaN,315.452,0.013,0.647,NaN,0.155,NaN
0.045,0.07,3.682,3.682,92.806,55.691,0,2936,0.326,NaN,67.5,NaN,301.274,0.027,0.641,NaN,0.16,NaN
0.048,0.081,3.958,3.958,91.377,53.743,0,2935,0.326,NaN,67.5,NaN,297.021,0.033,0.639,NaN,0.169,NaN
0.052,0.1,4.37,4.37,91.87,50.936,0,2935,0.326,NaN,67.5,NaN,298.388,0.042,0.636,NaN,0.186,NaN
0.059,0.132,4.993,4.993,92.609,47.04,0,2933,0.326,NaN,67.4,NaN,300.439,0.058,0.632,NaN,0.303,NaN
0.069,0.186,5.925,5.925,93.704,41.998,0,2931,0.326,NaN,67.4,NaN,303.477,0.086,0.625,NaN,0.326,NaN
0.079,0.25,6.867,6.867,94.799,37.643,0,2929,0.325,NaN,67.4,NaN,306.515,0.119,0.619,NaN,0.349,NaN
0.089,0.324,7.821,7.821,95.894,33.919,0,2927,0.325,NaN,67.4,NaN,309.552,0.156,0.613,NaN,0.373,NaN
0.099,0.407,8.785,8.785,96.988,30.768,0,2925,0.325,NaN,67.4,NaN,312.59,0.198,0.607,NaN,0.404,NaN
0.111,0.517,9.932,9.932,98.275,27.731,0,2923,0.325,NaN,67.3,NaN,316.16,0.253,0.601,NaN,0.431,NaN
0.121,0.621,10.918,10.918,98.999,25.497,0,2921,0.325,NaN,67.3,NaN,318.104,0.303,0.596,NaN,0.453,NaN
0.13,0.725,11.828,11.828,99.661,23.778,0,2919,0.324,NaN,67.3,NaN,319.884,0.355,0.596,NaN,0.476,NaN
0.139,0.828,12.673,12.673,100.272,22.288,0,2917,0.324,NaN,67.3,NaN,321.527,0.406,0.596,NaN,0.498,NaN
0.147,0.932,13.467,13.467,100.842,21.085,0,2916,0.324,NaN,67.3,NaN,323.061,0.456,0.596,NaN,0.519,NaN
0.154,1.034,14.218,14.218,101.378,19.996,0,2914,0.324,76.6,67.2,1.194,324.504,0.505,0.596,6.393,0.549,1
0.165,1.199,15.351,15.351,102.183,18.392,0,2912,0.324,77,67.2,1.245,326.669,0.582,0.596,5.732,0.571,1.185
0.173,1.324,16.164,16.164,102.756,17.418,0,2910,0.323,77.3,67.2,1.281,328.211,0.639,0.596,5.319,0.604,1.327
0.185,1.524,17.387,17.387,102.722,15.986,0,2908,0.323,77.7,67.2,1.332,327.92,0.727,0.596,4.775,0.651,1.558
0.202,1.836,19.143,19.143,102.673,14.324,0,2904,0.323,78.2,67.1,1.401,327.502,0.857,0.596,4.136,0.727,1.924
0.228,2.361,21.769,21.769,102.066,12.548,0,2899,0.322,78.7,67.1,1.48,325.345,1.066,0.596,3.503,0.826,2.54
0.261,3.143,25.159,25.16,101.267,10.772,0,2892,0.322,79.4,67,1.569,322.54,1.364,0.596,2.905,0.926,3.467
0.294,4.036,28.501,28.502,99.739,9.511,0,2885,0.321,79.9,66.9,1.641,317.697,1.694,0.597,2.488,1.002,4.526
0.323,4.909,31.39,31.39,98.391,7.907,0,2879,0.32,80.5,66.9,1.733,313.449,1.969,0.597,1.999,1.028,5.594
0.334,5.247,32.429,32.43,97.897,7.334,0,2877,0.32,80.8,66.9,1.769,311.907,2.068,0.597,1.824,1.066,6.011
0.35,5.774,33.984,33.985,97.903,6.474,0,2874,0.32,81.2,66.8,1.823,311.77,2.221,0.597,1.578,1.128,6.667
0.374,6.612,36.317,36.317,97.892,5.5,0,2869,0.319,81.7,66.8,1.89,311.564,2.477,0.597,1.305,1.204,7.706
0.404,7.771,39.316,39.316,97.84,4.24,0,2863,0.319,82.3,66.7,1.979,311.299,2.826,0.598,0.979,1.284,9.169
0.438,9.154,42.619,42.62,97.715,2.865,-3.022e-7,2857,0.318,83,66.6,2.083,311.007,3.243,0.598,0.643,1.384,10.951
0.481,11.061,46.781,46.785,97.424,1.318,0,2848,0.317,84,66.6,2.214,310.638,3.841,0.599,0.283,1.423,13.446
0.498,11.881,48.457,48.463,97.259,0.745,0,2845,0.317,84.4,66.5,2.267,310.489,4.108,0.599,0.154,1.491,14.531
0.524,13.164,50.963,50.975,96.838,0.286,0,2840,0.316,84.6,66.5,2.309,309.961,4.538,0.599,0.065,1.638,16.186
0.563,15.21,54.699,54.726,96.081,1.662,0,2832,0.315,83.8,66.4,2.21,309.17,5.274,0.6,0.365,1.782,18.556
0.602,17.443,58.473,58.525,95.228,2.693,7.506e-7,2824,0.315,83.2,66.3,2.146,308.363,6.108,0.6,0.598,1.854,21.183
0.623,18.703,60.487,60.558,94.897,2.922,8.176e-7,2820,0.314,83,66.2,2.134,308.217,6.572,0.601,0.66,1.915,22.707
0.641,19.819,62.211,62.3,94.637,3.094,8.285e-7,2817,0.314,83,66.2,2.129,308.092,6.978,0.601,0.694,1.968,24.074
0.658,20.857,63.767,63.876,94.422,3.209,7.105e-7,2813,0.313,82.9,66.2,2.127,307.979,7.352,0.601,0.719,2.017,25.352
0.673,21.836,65.2,65.328,94.245,3.266,7.706e-7,2810,0.313,82.9,66.1,2.126,307.874,7.703,0.601,0.738,2.061,26.564
0.687,22.769,66.535,66.682,94.114,3.266,7.701e-7,2808,0.313,82.9,66.1,2.13,307.777,8.03,0.602,0.74,2.101,27.735
0.701,23.679,67.809,67.977,94.025,3.209,9.121e-7,2805,0.312,82.9,66.1,2.137,307.683,8.343,0.602,0.73,2.113,28.891
0.705,23.968,68.208,68.383,94.003,3.209,9.133e-7,2804,0.312,82.9,66.1,2.14,307.654,8.441,0.602,0.725,2.132,29.26
0.711,24.405,68.808,68.992,94.059,3.151,8.955e-7,2803,0.312,82.9,66.1,2.145,307.84,8.587,0.602,0.715,2.158,29.821
0.721,25.067,69.707,69.907,94.158,3.094,8.898e-7,2801,0.312,83,66,2.154,308.12,8.807,0.602,0.695,2.193,30.68
0.734,25.979,70.93,71.151,94.325,2.922,7.569e-7,2798,0.312,83.1,66,2.169,308.499,9.105,0.603,0.658,2.227,31.879
0.747,26.92,72.171,72.414,94.53,2.75,7.208e-7,2796,0.312,83.2,66,2.188,308.883,9.406,0.603,0.609,2.26,33.133
0.761,27.91,73.458,73.724,94.783,2.464,8.17e-7,2793,0.311,83.4,65.9,2.212,309.28,9.718,0.603,0.546,2.294,34.477
0.775,28.985,74.835,75.125,95.089,2.12,8.497e-7,2790,0.311,83.6,65.9,2.241,309.704,10.053,0.603,0.467,2.329,35.96
0.791,30.206,76.374,76.691,95.462,1.719,8.703e-7,2787,0.311,83.8,65.9,2.279,310.176,10.434,0.604,0.371,2.352,37.671
0.802,31.029,77.396,77.73,95.722,1.432,8.079e-7,2785,0.31,84,65.9,2.305,310.489,10.693,0.604,0.305,2.385,38.837
0.818,32.282,78.934,79.292,95.953,0.974,7.168e-7,2782,0.31,84.3,65.8,2.346,310.489,11.095,0.604,0.205,2.432,40.631
0.842,34.21,81.247,81.638,96.293,0.286,4.677e-7,2777,0.309,84.8,65.8,2.412,310.489,11.735,0.605,0.055,2.561,43.422
0.878,37.205,84.73,85.162,96.732,0.802,0,2770,0.309,84.4,65.7,2.378,310.489,12.802,0.606,0.172,2.656,47.337
0.902,39.249,87.035,87.487,96.932,1.375,0,2765,0.308,84,65.6,2.339,310.489,13.568,0.606,0.302,2.719,49.953
0.919,40.752,88.692,89.154,96.747,1.662,3.683e-7,2762,0.308,83.9,65.6,2.322,309.747,14.126,0.607,0.366,2.768,51.921
0.933,41.985,90.025,90.495,96.565,1.833,0,2759,0.307,83.8,65.6,2.315,309.148,14.578,0.607,0.402,2.808,53.557
0.945,43.095,91.208,91.683,96.379,1.948,0,2757,0.307,83.7,65.5,2.312,308.616,14.977,0.607,0.422,2.846,55.048
0.957,44.142,92.306,92.786,96.192,2.005,0,2755,0.307,83.7,65.5,2.311,308.121,15.353,0.608,0.436,2.88,56.46
0.967,45.145,93.344,93.828,96,2.005,0,2752,0.307,83.7,65.5,2.313,307.652,15.71,0.608,0.443,2.911,57.823
0.978,46.119,94.34,94.828,95.8,2.005,0,2750,0.307,83.7,65.5,2.317,307.202,16.049,0.608,0.44,2.94,59.163
0.988,47.087,95.317,95.809,95.587,1.948,0,2748,0.306,83.7,65.4,2.325,306.759,16.379,0.608,0.428,2.972,60.509
1,48.242,96.466,96.963,95.315,1.833,4.099e-7,2746,0.306,83.8,65.4,2.338,306.236,16.762,0.609,0.402,2.998,62.134
1.011,49.272,97.487,97.988,96.852,1.662,4.164e-7,2744,0.306,83.9,65.4,2.353,310.754,17.098,0.609,0.366,3.024,63.618
1.022,50.385,98.596,99.103,98.47,1.49,4.347e-7,2742,0.306,84,65.4,2.373,315.582,17.463,0.609,0.32,3.031,65.266
1.025,50.684,98.894,99.403,98.897,1.432,4.376e-7,2741,0.305,84.1,65.4,2.379,316.869,17.562,0.609,0.306,3.041,65.716
1.03,51.134,99.342,99.854,98.436,1.318,4.338e-7,2740,0.305,84.1,65.3,2.388,315.763,17.711,0.609,0.285,3.055,66.397
1.036,51.813,100.01,100.526,97.735,1.146,4.377e-7,2739,0.305,84.2,65.3,2.402,314.103,17.934,0.61,0.251,3.076,67.425
1.047,52.84,101.003,101.527,96.667,0.917,5.665e-7,2737,0.305,84.4,65.3,2.426,311.614,18.271,0.61,0.197,3.094,68.979
1.057,53.899,102.006,102.538,95.547,0.63,4.564e-7,2735,0.305,84.6,65.3,2.453,309.072,18.616,0.61,0.133,3.12,70.591
1.073,55.506,103.498,104.045,95.105,0.172,4.231e-7,2732,0.304,84.9,65.2,2.498,308.814,19.149,0.611,0.032,3.207,73.046
1.096,57.962,105.721,106.298,94.368,0.516,5.193e-7,2727,0.304,84.7,65.2,2.475,308.427,20.011,0.611,0.113,3.224,76.358
1.1,58.373,106.087,106.67,94.241,0.63,5.167e-7,2726,0.304,84.6,65.2,2.467,308.363,20.16,0.611,0.135,3.248,76.896
1.106,58.992,106.637,107.228,94.59,0.745,5.098e-7,2725,0.304,84.5,65.2,2.458,309.739,20.387,0.612,0.164,3.282,77.719
1.115,59.927,107.465,108.07,95.115,0.974,5.459e-7,2723,0.303,84.4,65.1,2.447,311.802,20.735,0.612,0.204,3.333,78.977
1.128,61.343,108.716,109.344,95.917,1.203,0,2721,0.303,84.3,65.1,2.433,314.897,21.267,0.612,0.255,3.376,80.921
1.139,62.582,109.809,110.457,96.64,1.318,0,2718,0.303,84.2,65.1,2.425,317.578,21.736,0.613,0.288,3.415,82.665
1.15,63.78,110.853,111.523,95.847,1.432,0,2716,0.303,84.1,65.1,2.422,315.946,22.184,0.613,0.309,3.448,84.375
1.16,64.887,111.803,112.492,95.158,1.49,0,2714,0.302,84.1,65,2.422,314.451,22.589,0.613,0.32,3.477,85.967
1.169,65.947,112.699,113.408,94.541,1.49,0,2712,0.302,84.1,65,2.425,313.031,22.968,0.614,0.321,3.504,87.504
1.178,66.993,113.571,114.299,93.975,1.432,-3.172e-7,2711,0.302,84.1,65,2.43,311.64,23.333,0.614,0.314,3.529,89.032
1.188,68.052,114.44,115.188,93.445,1.375,-3.307e-7,2709,0.302,84.2,65,2.439,310.244,23.693,0.614,0.299,3.553,90.59
1.197,69.151,115.332,116.099,92.937,1.261,-5.566e-7,2707,0.302,84.2,65,2.451,308.805,24.059,0.614,0.275,3.572,92.22
1.205,70.037,116.042,116.825,92.547,1.203,-5.632e-7,2705,0.301,84.3,64.9,2.461,307.654,24.35,0.615,0.254,3.596,93.535
1.216,71.302,117.046,117.85,92.463,1.031,-5.607e-7,2703,0.301,84.4,64.9,2.477,307.24,24.761,0.615,0.219,3.623,95.42
1.228,72.749,118.184,119.01,92.406,0.802,0,2701,0.301,84.6,64.9,2.499,306.771,25.228,0.615,0.171,3.652,97.6
1.244,74.577,119.604,120.456,92.37,0.458,0,2698,0.301,84.8,64.8,2.531,306.185,25.823,0.616,0.103,3.699,100.38
1.267,77.359,121.733,122.619,92.35,0.115,-5.013e-7,2693,0.3,85,64.8,2.572,305.306,26.763,0.617,0.019,3.829,104.588
1.298,81.229,124.633,125.551,92.201,0.802,2.409e-6,2687,0.299,84.6,64.7,2.524,304.109,28.149,0.618,0.172,3.879,109.831
1.311,82.894,125.869,126.797,93.782,0.974,2.865e-6,2685,0.299,84.5,64.7,2.515,308.325,28.746,0.618,0.211,3.916,112.174
1.322,84.253,126.884,127.819,95.023,1.089,2.818e-6,2682,0.299,84.4,64.7,2.512,311.736,29.232,0.618,0.229,3.947,114.148
1.332,85.495,127.816,128.757,96.117,1.089,2.838e-6,2681,0.299,84.4,64.6,2.513,314.828,29.675,0.619,0.237,3.96,115.998
1.336,86.032,128.221,129.164,96.579,1.089,2.844e-6,2680,0.298,84.4,64.6,2.515,316.16,29.867,0.619,0.237,3.979,116.812
1.342,86.842,128.827,129.774,95.931,1.089,2.771e-6,2678,0.298,84.4,64.6,2.518,314.555,30.152,0.619,0.235,4.005,118.047
1.352,88.034,129.707,130.659,94.961,1.031,2.932e-6,2677,0.298,84.5,64.6,2.525,312.207,30.563,0.619,0.224,4.029,119.868
1.361,89.269,130.604,131.562,93.937,0.974,2.845e-6,2675,0.298,84.5,64.6,2.535,309.788,30.98,0.62,0.207,4.052,121.759
1.371,90.595,131.548,132.513,92.817,0.859,2.614e-6,2673,0.298,84.6,64.5,2.548,307.212,31.418,0.62,0.18,4.076,123.793
1.383,92.097,132.597,133.57,91.52,0.688,2.339e-6,2671,0.297,84.7,64.5,2.567,304.314,31.907,0.621,0.142,4.102,126.099
1.397,93.978,133.877,134.862,89.864,0.401,2.104e-6,2668,0.297,84.9,64.5,2.593,300.719,32.513,0.621,0.087,4.108,128.981
1.4,94.432,134.18,135.169,89.459,0.344,2.102e-6,2667,0.297,84.9,64.5,2.6,299.856,32.66,0.621,0.073,4.117,129.675
1.405,95.114,134.634,135.628,89.263,0.229,2.106e-6,2666,0.297,85,64.5,2.61,299.676,32.882,0.621,0.052,4.132,130.712
1.413,96.143,135.313,136.316,88.96,0.115,2.107e-6,2665,0.297,85.1,64.4,2.625,299.406,33.221,0.622,0.021,4.165,132.277
1.424,97.696,136.328,137.344,88.492,0.115,2.125e-6,2663,0.296,85.1,64.4,2.628,299.001,33.739,0.622,0.025,4.232,134.51
1.441,100.046,137.839,138.88,87.78,0.401,2.062e-6,2659,0.296,84.9,64.4,2.609,298.393,34.537,0.623,0.088,4.306,137.739
1.462,102.878,139.622,140.697,86.978,0.688,4.052e-6,2655,0.296,84.8,64.3,2.594,297.67,35.505,0.623,0.146,4.347,141.672
1.474,104.573,140.672,141.769,86.562,0.802,3.624e-6,2653,0.295,84.7,64.3,2.591,297.241,36.079,0.624,0.167,4.379,144.061
1.484,106.047,141.574,142.691,86.255,0.802,3.377e-6,2651,0.295,84.7,64.3,2.592,296.871,36.57,0.624,0.175,4.406,146.162
1.494,107.445,142.422,143.558,86.016,0.802,3.673e-6,2649,0.295,84.7,64.3,2.596,296.522,37.028,0.624,0.174,4.422,148.18
1.5,108.29,142.931,144.078,85.895,0.802,3.629e-6,2648,0.295,84.7,64.2,2.6,296.312,37.301,0.625,0.169,4.442,149.409
1.509,109.563,143.695,144.858,86.014,0.688,3.871e-6,2646,0.295,84.8,64.2,2.609,296.69,37.709,0.625,0.153,4.466,151.285
1.52,111.127,144.629,145.812,86.203,0.573,4.305e-6,2644,0.294,84.8,64.2,2.623,297.151,38.208,0.625,0.126,4.491,153.617
1.533,113.006,145.746,146.952,86.478,0.401,4.456e-6,2642,0.294,85,64.2,2.643,297.701,38.808,0.626,0.086,4.522,156.456
1.55,115.545,147.248,148.48,86.886,0.115,5.012e-6,2639,0.294,85.2,64.1,2.674,298.438,39.632,0.626,0.023,4.607,160.336
1.576,119.402,149.533,150.796,88.866,0.286,3.384e-6,2634,0.293,85.1,64.1,2.669,303.352,40.927,0.627,0.062,4.676,165.965
1.595,122.26,151.235,152.517,90.221,0.516,2.048e-6,2630,0.293,84.9,64,2.658,306.945,41.918,0.628,0.108,4.723,170.179
1.608,124.31,152.442,153.735,88.695,0.63,2.764e-6,2627,0.292,84.9,64,2.654,303.019,42.634,0.629,0.132,4.758,173.23
1.619,125.973,153.401,154.701,87.424,0.688,2.757e-6,2625,0.292,84.9,64,2.654,299.855,43.206,0.629,0.144,4.787,175.699
1.629,127.499,154.262,155.569,86.223,0.688,2.732e-6,2623,0.292,84.9,63.9,2.658,296.971,43.717,0.629,0.144,4.8,177.964
1.634,128.225,154.666,155.976,85.64,0.63,2.694e-6,2623,0.292,84.9,63.9,2.661,295.603,43.955,0.63,0.142,4.817,179.041
1.641,129.319,155.262,156.576,83.32,0.63,2.665e-6,2621,0.291,84.9,63.9,2.666,289.769,44.305,0.63,0.134,4.843,180.644
1.652,131.023,156.154,157.476,79.681,0.516,3.315e-6,2619,0.291,85,63.9,2.678,280.716,44.825,0.63,0.114,4.863,183.093
1.664,132.894,157.092,158.423,77.424,0.344,3.751e-6,2617,0.291,85.1,63.8,2.695,275.556,45.367,0.631,0.078,4.89,185.72
1.681,135.587,158.386,159.734,74.129,0.115,3.422e-6,2614,0.291,85.3,63.8,2.724,268.18,46.133,0.631,0.019,4.964,189.428
1.707,139.668,160.221,161.6,69.156,0.286,4.58e-6,2610,0.29,85.1,63.8,2.715,257.116,47.278,0.632,0.065,4.994,194.455
1.716,141.172,160.86,162.253,67.374,0.401,4.443e-6,2608,0.29,85.1,63.7,2.71,253.07,47.692,0.632,0.086,5.031,196.227
1.73,143.438,161.764,163.178,61.341,0.516,4.087e-6,2606,0.29,85,63.7,2.706,237.948,48.281,0.633,0.108,5.064,198.765
1.743,145.538,162.523,163.957,55.875,0.516,5.149e-6,2604,0.289,85,63.7,2.708,224.006,48.773,0.633,0.115,5.083,200.968
1.754,147.288,163.097,164.546,50.761,0.516,4.81e-6,2603,0.289,85,63.7,2.711,210.77,49.139,0.634,0.113,5.106,202.634
1.765,149.057,163.618,165.082,45.653,0.516,5.086e-6,2602,0.289,85,63.6,2.716,197.444,49.462,0.634,0.108,5.117,204.18
1.776,150.899,164.102,165.58,40.414,0.458,5.523e-6,2600,0.289,85.1,63.6,2.724,183.599,49.755,0.634,0.093,5.124,205.662
1.789,153.024,164.586,166.078,34.458,0.286,5.518e-6,2599,0.289,85.2,63.6,2.737,167.68,50.044,0.634,0.067,5.126,207.202
1.8,154.878,164.945,166.447,29.312,0.172,5.392e-6,2597,0.289,85.3,63.6,2.751,153.827,50.255,0.634,0.038,5.133,208.39
1.817,157.666,165.392,166.905,23.668,0.057,5.682e-6,2596,0.288,85.3,63.6,2.761,138.394,50.537,0.635,0.017,5.184,209.758
1.842,161.859,165.883,167.402,15.123,0.401,3.58e-6,2594,0.288,85.1,63.6,2.737,115.244,50.869,0.635,0.087,5.195,211.044
1.856,164.086,166.055,167.573,10.508,0.458,3.515e-6,2594,0.288,85.1,63.5,2.732,102.974,50.979,0.635,0.105,5.197,211.531
1.867,165.934,166.151,167.667,6.624,0.516,3.545e-6,2593,0.288,85.1,63.5,2.733,92.801,51.025,0.635,0.105,5.195,211.842
1.878,167.772,166.202,167.717,2.728,0.458,4.039e-6,2592,0.288,85.1,63.5,2.738,82.688,51.037,0.635,0.096,5.188,212.06
1.89,169.779,166.209,167.722,-1.561,0.344,4.303e-6,2591,0.288,85.1,63.5,2.747,71.644,51.013,0.635,0.077,5.178,212.188
1.9,171.463,166.175,167.687,-5.18,0.229,4.357e-6,2591,0.288,85.2,63.5,2.757,62.381,50.968,0.635,0.055,5.161,212.205
1.915,173.987,166.069,167.581,-8.779,0.115,4.719e-6,2590,0.288,85.3,63.5,2.771,53.303,50.877,0.635,0.019,5.166,212.011
1.938,177.769,165.808,167.321,-14.173,0.172,4.864e-6,2590,0.288,85.3,63.5,2.765,39.686,50.693,0.635,0.035,5.158,211.272
1.97,183.069,165.235,166.756,-21.55,0.344,8.125e-6,2589,0.287,85.1,63.5,2.749,20.558,50.326,0.635,0.08,5.158,209.646
1.973,183.482,165.165,166.686,-29.361,0.401,8.136e-6,2589,0.287,85.1,63.5,2.749,0,50.281,0.635,0.081,5.161,209.45
1.976,184.101,165.055,166.577,-29.338,0.401,8.113e-6,2589,0.287,85.1,63.5,2.748,0,50.209,0.635,0.082,5.155,209.143
1.982,185.029,164.89,166.413,-29.294,0.401,8.033e-6,2589,0.287,85.1,63.5,2.748,0,50.101,0.634,0.082,5.145,208.688
1.99,186.419,164.643,166.167,-29.209,0.344,8.01e-6,2589,0.287,85.1,63.5,2.749,0,49.938,0.634,0.078,5.127,208.017
2.003,188.501,164.274,165.8,-29.046,0.286,8.182e-6,2589,0.287,85.2,63.5,2.754,0,49.691,0.634,0.064,5.099,207.034
2.021,191.508,163.744,165.27,-28.757,0.172,8.359e-6,2589,0.287,85.3,63.5,2.765,0,49.334,0.634,0.034,5.065,205.649
2.049,196,162.96,164.482,-28.299,0.115,9.093e-6,2589,0.287,85.3,63.5,2.77,0,48.816,0.634,0.02,5.033,203.52
2.09,202.699,161.803,163.311,-27.837,0.286,1.169e-5,2589,0.287,85.2,63.5,2.754,0,48.048,0.633,0.06,5.014,200.232
2.11,205.996,161.236,162.736,-27.703,0.286,1.098e-5,2589,0.287,85.2,63.5,2.754,0,47.672,0.633,0.058,4.988,198.68
2.131,209.371,160.656,162.149,-27.621,0.229,8.589e-6,2589,0.287,85.2,63.5,2.759,0,47.292,0.632,0.044,4.948,197.136
2.159,213.853,159.884,161.37,-27.597,0.029,1.149e-5,2589,0.287,85.3,63.5,2.773,0,46.789,0.632,0.006,4.918,195.143
2.201,220.537,158.726,160.21,-27.567,0.229,8.056e-6,2589,0.287,85.2,63.5,2.755,0,46.057,0.632,0.049,4.896,191.961
2.227,224.655,158.011,159.496,-27.416,0.229,6.417e-6,2589,0.287,85.2,63.5,2.753,0,45.613,0.631,0.053,4.868,190.071
2.251,228.436,157.356,158.841,-27.186,0.172,6.28e-6,2589,0.287,85.2,63.5,2.758,0,45.202,0.631,0.038,4.826,188.394
2.285,233.763,156.439,157.922,-26.842,0.054,5.22e-6,2589,0.287,85.3,63.5,2.768,0,44.606,0.631,0.011,4.78,186.06
2.335,241.552,155.11,156.584,-26.352,0.115,3.864e-6,2589,0.287,85.2,63.5,2.76,0,43.753,0.63,0.029,4.742,182.565
2.381,248.647,153.908,155.37,-26.013,0.229,-6.916e-6,2589,0.287,85.2,63.5,2.753,0,43.009,0.629,0.044,4.711,179.436
2.412,253.381,153.108,154.562,-25.873,0.172,-8.147e-6,2589,0.287,85.2,63.5,2.757,0,42.523,0.629,0.032,4.665,177.421
2.454,259.828,152.017,153.464,-25.776,0.028,-9.299e-6,2589,0.287,85.3,63.5,2.767,0,41.872,0.629,0.006,4.631,174.727
2.504,267.396,150.729,152.176,-25.713,0.286,-5.116e-6,2589,0.287,85.1,63.5,2.743,0,41.088,0.628,0.063,4.613,171.403
2.527,270.779,150.152,151.601,-25.559,0.286,-4.88e-6,2589,0.287,85.1,63.5,2.744,0,40.739,0.628,0.058,4.583,169.997
2.551,274.453,149.528,150.979,-25.312,0.172,-6.429e-6,2589,0.287,85.2,63.5,2.754,0,40.359,0.628,0.033,4.553,168.522
2.588,279.936,148.606,150.052,-24.823,0.172,-8.004e-6,2589,0.287,85.1,63.5,2.75,0,39.84,0.627,0.042,4.535,166.255
2.623,285.112,147.746,149.18,-24.497,0.401,-7.97e-6,2589,0.287,85,63.5,2.733,0,39.365,0.627,0.082,4.521,164.073
2.641,287.789,147.302,148.729,-24.404,0.401,-7.128e-6,2589,0.287,85,63.5,2.733,0,39.114,0.627,0.081,4.5,162.996
2.66,290.503,146.852,148.273,-24.371,0.286,-8.348e-6,2589,0.287,85.1,63.5,2.74,0,38.851,0.626,0.062,4.466,161.945
2.684,294.068,146.259,147.674,-24.399,0.057,-7.918e-6,2589,0.287,85.2,63.5,2.757,0,38.504,0.626,0.018,4.443,160.609
2.72,299.388,145.368,146.781,-24.456,0.229,-7.236e-6,2589,0.287,85.1,63.5,2.745,0,38.01,0.626,0.047,4.424,158.44
2.753,304.044,144.583,145.999,-24.399,0.344,-1.095e-5,2589,0.287,85,63.5,2.734,0,37.588,0.626,0.075,4.406,156.555
2.773,307.041,144.077,145.496,-24.265,0.344,-1.121e-5,2589,0.287,85,63.5,2.736,0,37.313,0.625,0.068,4.381,155.396
2.796,310.338,143.523,144.943,-24.049,0.229,-1.161e-5,2589,0.287,85.1,63.5,2.745,0,37.008,0.625,0.043,4.342,154.163
2.831,315.259,142.703,144.121,-23.684,0.036,-1.205e-5,2589,0.287,85.2,63.5,2.759,0,36.558,0.625,0.008,4.322,152.334
2.881,322.365,141.531,142.937,-23.188,0.401,-2.624e-6,2589,0.287,85,63.5,2.728,0,35.964,0.624,0.082,4.313,149.494
2.9,325.154,141.075,142.473,-23.062,0.458,-2.601e-6,2589,0.287,84.9,63.5,2.724,0,35.737,0.624,0.092,4.292,148.427
2.918,327.65,140.666,142.058,-23.057,0.344,-3.746e-6,2589,0.287,85,63.5,2.733,0,35.503,0.624,0.068,4.26,147.533
2.942,331.029,140.111,141.497,-23.105,0.115,-5.063e-6,2589,0.287,85.1,63.5,2.751,0,35.189,0.624,0.021,4.243,146.357
2.978,336.072,139.273,140.659,-23.293,0.344,-5.299e-6,2589,0.287,85,63.5,2.729,0,34.724,0.623,0.077,4.237,144.374
3,339.088,138.767,140.157,-23.349,0.573,-2.714e-6,2589,0.287,84.8,63.5,2.712,0,34.453,0.623,0.119,4.225,143.181
3.014,341.066,138.435,139.827,-23.255,0.516,-2.598e-6,2589,0.287,84.9,63.5,2.714,0,34.28,0.623,0.112,4.208,142.465
3.029,343.165,138.083,139.478,-23.107,0.458,-2.111e-6,2589,0.287,84.9,63.5,2.722,0,34.093,0.623,0.093,4.184,141.73
3.048,345.705,137.659,139.057,-22.881,0.286,-2.154e-6,2589,0.287,85,63.5,2.736,0,33.865,0.623,0.056,4.15,140.868
3.075,349.5,137.031,138.429,-22.601,0.057,-2.015e-6,2589,0.287,85.1,63.5,2.751,0,33.509,0.623,0.016,4.126,139.56
3.117,355.16,136.103,137.495,-22.183,0.229,-1.309e-6,2589,0.287,85,63.5,2.735,0,33.007,0.622,0.054,4.111,137.46
3.15,359.603,135.381,136.764,-21.929,0.401,-1.612e-6,2589,0.287,84.9,63.5,2.72,0,32.636,0.622,0.091,4.101,135.819
3.169,362.253,134.952,136.328,-21.81,0.458,-9.299e-7,2589,0.287,84.9,63.5,2.715,0,32.426,0.622,0.104,4.087,134.865
3.187,364.596,134.574,135.943,-21.75,0.458,0,2589,0.287,84.9,63.5,2.717,0,32.235,0.622,0.099,4.068,134.052
3.205,367.051,134.177,135.54,-21.74,0.344,-1.506e-6,2589,0.287,84.9,63.5,2.725,0,32.025,0.621,0.076,4.035,133.232
3.229,370.246,133.657,135.015,-21.812,0.115,-1.474e-6,2589,0.287,85.1,63.5,2.747,0,31.742,0.621,0.019,4.019,132.213
3.265,375.016,132.874,134.232,-21.958,0.344,-2.891e-6,2589,0.287,84.9,63.5,2.726,0,31.344,0.621,0.071,4.012,130.475
3.291,378.489,132.298,133.66,-22.009,0.573,-3.248e-6,2589,0.287,84.8,63.5,2.708,0,31.062,0.621,0.117,4.002,129.202
3.307,380.612,131.944,133.31,-21.96,0.573,-3.635e-6,2589,0.287,84.8,63.5,2.706,0,30.886,0.621,0.123,3.987,128.465
3.322,382.647,131.606,132.976,-21.843,0.516,-4.011e-6,2589,0.287,84.8,63.5,2.711,0,30.715,0.62,0.108,3.967,127.793
3.34,384.956,131.224,132.596,-21.665,0.344,-2.981e-6,2589,0.287,84.9,63.5,2.722,0,30.519,0.62,0.079,3.935,127.055
3.364,388.143,130.7,132.074,-21.381,0.115,-3.66e-6,2589,0.287,85.1,63.5,2.743,0,30.252,0.62,0.023,3.917,126.066
3.401,392.899,129.927,131.297,-20.984,0.286,-5.181e-6,2589,0.287,85,63.5,2.728,0,29.88,0.62,0.06,3.903,124.415
3.433,397.059,129.257,130.618,-20.766,0.458,-6.108e-6,2589,0.287,84.9,63.5,2.715,0,29.552,0.62,0.094,3.889,122.98
3.454,399.754,128.825,130.179,-20.688,0.458,-4.978e-6,2589,0.287,84.9,63.5,2.714,0,29.334,0.619,0.094,3.868,122.091
3.475,402.476,128.387,129.736,-20.66,0.344,-4.764e-6,2589,0.287,84.9,63.5,2.722,0,29.106,0.619,0.074,3.838,121.227
3.502,405.933,127.829,129.173,-20.673,0.172,-3.466e-6,2589,0.287,85,63.5,2.738,0,28.819,0.619,0.032,3.807,120.16
3.542,411.091,126.993,128.333,-20.669,0.115,-5.255e-6,2589,0.287,85.1,63.5,2.743,0,28.426,0.619,0.019,3.781,118.507
3.592,417.415,125.961,127.302,-20.582,0.229,-8.073e-6,2589,0.287,85,63.5,2.73,0,27.963,0.618,0.05,3.753,116.428
3.633,422.581,125.117,126.461,-20.417,0.229,-6.423e-6,2589,0.287,85,63.5,2.731,0,27.58,0.618,0.045,3.716,114.791
3.68,428.354,124.177,125.522,-20.167,0.057,-6.824e-6,2589,0.287,85.1,63.5,2.741,0,27.143,0.618,0.018,3.684,113.008
3.73,434.538,123.176,124.517,-19.872,0.115,-7.844e-6,2589,0.287,85,63.5,2.738,0,26.684,0.617,0.024,3.661,111.071
3.78,440.672,122.189,123.523,-19.6,0.286,-8.222e-6,2589,0.287,84.9,63.5,2.722,0,26.257,0.617,0.062,3.636,109.127
3.815,444.979,121.499,122.825,-19.521,0.229,-7.632e-6,2589,0.287,85,63.5,2.728,0,25.946,0.617,0.048,3.595,107.832
3.862,450.611,120.59,121.912,-19.517,0.039,-6.578e-6,2589,0.287,85.1,63.5,2.743,0,25.532,0.617,0.008,3.571,106.177
3.912,456.616,119.617,120.938,-19.405,0.115,-7.723e-6,2589,0.287,85,63.5,2.736,0,25.133,0.616,0.024,3.547,104.354
3.962,462.573,118.647,119.971,-19.364,0.344,-7.242e-6,2589,0.287,84.9,63.5,2.718,0,24.702,0.616,0.068,3.524,102.52
3.996,466.669,117.979,119.305,-19.223,0.286,-8.262e-6,2589,0.287,84.9,63.5,2.721,0,24.405,0.616,0.059,3.486,101.321
4.037,471.433,117.206,118.533,-18.928,0.009,-7.408e-6,2589,0.287,85.1,63.5,2.744,0,24.079,0.615,0.002,3.47,100
4.087,477.27,116.268,117.588,-18.611,0.286,-1.208e-5,2589,0.287,84.9,63.5,2.717,0,23.696,0.615,0.066,3.449,98.229
4.124,481.545,115.585,116.897,-18.502,0.286,-9.127e-6,2589,0.287,84.9,63.5,2.717,0,23.401,0.615,0.065,3.42,97.003
4.161,485.897,114.887,116.193,-18.456,0.172,-7.397e-6,2589,0.287,85,63.5,2.727,0,23.102,0.615,0.039,3.383,95.795
4.211,491.618,113.966,115.267,-18.417,0.01,-1.058e-5,2589,0.287,85.1,63.5,2.741,0,22.73,0.614,0.002,3.367,94.223
4.261,497.293,113.043,114.347,-18.468,0.344,-8.577e-6,2589,0.287,84.8,63.5,2.711,0,22.342,0.614,0.076,3.348,92.539
4.296,501.137,112.414,113.722,-18.366,0.344,-9.557e-6,2589,0.287,84.8,63.5,2.712,0,22.089,0.614,0.074,3.322,91.47
4.331,505.073,111.772,113.083,-18.192,0.229,-9.803e-6,2589,0.287,84.9,63.5,2.722,0,21.826,0.614,0.048,3.287,90.411
4.381,510.639,110.871,112.181,-17.875,0.115,-9.454e-6,2589,0.287,85,63.5,2.732,0,21.466,0.613,0.021,3.268,88.917
4.431,516.16,109.984,111.287,-17.635,0.286,-1.074e-5,2589,0.287,84.8,63.5,2.714,0,21.117,0.613,0.065,3.242,87.371
4.473,520.769,109.244,110.541,-17.545,0.286,-8.749e-6,2589,0.287,84.9,63.5,2.717,0,20.814,0.613,0.055,3.201,86.143
4.523,526.2,108.369,109.661,-17.545,0.005,-9.058e-6,2589,0.287,85,63.5,2.739,0,20.449,0.613,0.001,3.181,84.752
4.573,531.597,107.492,108.784,-17.509,0.172,-7.729e-6,2589,0.287,84.9,63.5,2.722,0,20.106,0.612,0.04,3.152,83.281
4.623,536.95,106.62,107.914,-17.342,0.115,-8.766e-6,2589,0.287,85,63.5,2.728,0,19.783,0.612,0.024,3.121,81.896
4.673,542.259,105.758,107.051,-17.168,0.017,-8.434e-6,2589,0.287,85,63.5,2.736,0,19.46,0.612,0.004,3.093,80.538
4.723,547.525,104.903,106.195,-17.038,0.007,-8.388e-6,2589,0.287,85,63.5,2.737,0,19.128,0.612,0.001,3.07,79.183
4.773,552.749,104.054,105.345,-16.872,0.115,-9.27e-6,2589,0.287,85,63.5,2.729,0,18.814,0.611,0.018,3.041,77.832
4.823,557.931,103.215,104.502,-16.763,0.057,-9.437e-6,2589,0.287,85,63.5,2.731,0,18.498,0.611,0.013,3.012,76.526
4.873,563.071,102.377,103.664,-16.677,0.008,-9.351e-6,2589,0.287,85,63.5,2.735,0,18.183,0.611,0.002,2.988,75.248
4.923,568.169,101.548,102.832,-16.541,0.041,-9.391e-6,2589,0.287,85,63.5,2.732,0,17.891,0.611,0.009,2.962,73.974
4.973,573.226,100.722,102.006,-16.471,0.057,-9.345e-6,2589,0.287,85,63.5,2.73,0,17.586,0.61,0.012,2.936,72.723
5.023,578.241,99.901,101.186,-16.352,0.041,-8.646e-6,2589,0.287,85,63.5,2.731,0,17.296,0.61,0.009,2.912,71.499
5.073,583.216,99.088,100.371,-16.2,0.055,-8.617e-6,2589,0.287,85,63.5,2.729,0,17.019,0.61,0.012,2.885,70.29
5.123,588.15,98.281,99.562,-16.113,0.006,-8.726e-6,2589,0.287,85,63.5,2.733,0,16.732,0.61,0.001,2.862,69.112
5.173,593.044,97.476,98.758,-16.051,0.115,-8.829e-6,2589,0.287,84.9,63.5,2.725,0,16.442,0.609,0.021,2.837,67.925
5.223,597.898,96.676,97.96,-15.936,0.057,-9.259e-6,2589,0.287,84.9,63.5,2.726,0,16.165,0.609,0.017,2.811,66.779
5.273,602.712,95.882,97.167,-15.829,0.057,-9.265e-6,2589,0.287,84.9,63.5,2.726,0,15.885,0.609,0.016,2.787,65.648
5.323,607.486,95.094,96.379,-15.667,0.057,-9.144e-6,2589,0.287,84.9,63.5,2.726,0,15.621,0.609,0.014,2.769,64.538
5.373,612.221,94.316,95.597,-15.504,0.229,-9.076e-6,2589,0.287,84.8,63.5,2.712,0,15.372,0.609,0.048,2.74,63.417
5.423,616.918,93.542,94.821,-15.45,0.115,-8.142e-6,2589,0.287,84.9,63.5,2.721,0,15.104,0.608,0.024,2.713,62.36
5.473,621.576,92.77,94.049,-15.389,0.027,-7.735e-6,2589,0.287,85,63.5,2.728,0,14.851,0.608,0.006,2.691,61.317
5.523,626.195,92.003,93.282,-15.296,0.028,-7.506e-6,2589,0.287,85,63.5,2.728,0,14.615,0.608,0.006,2.667,60.276
5.573,630.776,91.241,92.519,-15.216,0.001,-7.552e-6,2589,0.287,85,63.5,2.73,0,14.38,0.608,2.118e-4,2.649,59.255
5.623,635.319,90.482,91.761,-15.171,0.115,-7.322e-6,2589,0.287,84.9,63.5,2.72,0,14.139,0.608,0.025,2.631,58.226
5.673,639.824,89.723,91.006,-15.161,0.344,-6.268e-6,2589,0.287,84.8,63.5,2.701,0,13.886,0.607,0.069,2.608,57.196
5.723,644.291,88.967,90.256,-15.076,0.344,-8.829e-6,2589,0.287,84.7,63.5,2.699,0,13.636,0.607,0.075,2.579,56.211
5.773,648.721,88.217,89.511,-14.925,0.229,-8.526e-6,2589,0.287,84.8,63.5,2.71,0,13.387,0.607,0.045,2.549,55.268
5.823,653.113,87.475,88.771,-14.734,0.057,-8.417e-6,2589,0.287,84.9,63.5,2.723,0,13.148,0.607,0.012,2.537,54.343
5.873,657.469,86.743,88.038,-14.546,0.344,-7.672e-6,2589,0.287,84.7,63.5,2.698,0,12.926,0.607,0.075,2.523,53.367
5.923,661.788,86.019,87.309,-14.398,0.573,-8.147e-6,2589,0.287,84.6,63.5,2.68,0,12.719,0.606,0.119,2.511,52.422
5.961,665.05,85.474,86.758,-14.307,0.688,-7.288e-6,2589,0.287,84.5,63.5,2.671,0,12.573,0.606,0.141,2.492,51.722
5.993,667.837,85.006,86.286,-14.303,0.516,-7.483e-6,2589,0.287,84.6,63.5,2.684,0,12.428,0.606,0.108,2.453,51.16
6.037,671.494,84.386,85.665,-14.402,0.004,-7.277e-6,2589,0.287,84.9,63.5,2.727,0,12.219,0.606,8.291e-4,2.443,50.465
6.087,675.695,83.664,84.947,-14.45,0.344,-7.66e-6,2589,0.287,84.7,63.5,2.696,0,12.017,0.606,0.076,2.426,49.542
6.137,679.861,82.943,84.233,-14.397,0.401,-8.147e-6,2589,0.287,84.7,63.5,2.69,0,11.828,0.606,0.089,2.405,48.673
6.187,683.99,82.225,83.522,-14.319,0.401,-9.23e-6,2589,0.287,84.7,63.5,2.69,0,11.628,0.606,0.089,2.374,47.824
6.237,688.083,81.513,82.816,-14.125,0.115,-7.832e-6,2589,0.287,84.9,63.5,2.718,0,11.442,0.605,0.018,2.355,47.033
6.287,692.141,80.811,82.116,-13.976,0.115,-8.199e-6,2589,0.287,84.8,63.5,2.714,0,11.252,0.605,0.028,2.339,46.205
6.337,696.164,80.115,81.419,-13.864,0.229,-7.672e-6,2589,0.287,84.8,63.5,2.703,0,11.061,0.605,0.054,2.32,45.381
6.387,700.153,79.424,80.727,-13.778,0.286,-8.405e-6,2589,0.287,84.7,63.5,2.699,0,10.876,0.605,0.064,2.295,44.579
6.437,704.107,78.737,80.038,-13.744,0.172,-8.107e-6,2589,0.287,84.8,63.5,2.709,0,10.686,0.605,0.038,2.271,43.808
6.487,708.027,78.049,79.352,-13.767,0.115,-8.274e-6,2589,0.287,84.9,63.5,2.714,0,10.487,0.605,0.024,2.258,43.042
6.537,711.912,77.36,78.669,-13.78,0.401,-9.036e-6,2589,0.287,84.7,63.5,2.692,0,10.296,0.604,0.079,2.234,42.247
6.587,715.763,76.673,77.989,-13.667,0.229,-8.892e-6,2589,0.287,84.8,63.5,2.703,0,10.124,0.604,0.05,2.211,41.511
6.637,719.579,75.993,77.313,-13.567,0.172,-9.414e-6,2589,0.287,84.8,63.5,2.711,0,9.945,0.604,0.03,2.191,40.781
6.687,723.362,75.318,76.641,-13.425,0.115,-9.471e-6,2589,0.287,84.9,63.5,2.714,0,9.779,0.604,0.022,2.175,40.056
6.737,727.111,74.649,75.974,-13.327,0.229,-9.328e-6,2589,0.287,84.8,63.5,2.704,0,9.609,0.604,0.045,2.154,39.326
6.787,730.827,73.984,75.309,-13.269,0.172,-8.887e-6,2589,0.287,84.8,63.5,2.706,0,9.434,0.604,0.041,2.133,38.622
6.837,734.51,73.322,74.649,-13.216,0.172,-8.617e-6,2589,0.287,84.8,63.5,2.709,0,9.267,0.604,0.033,2.109,37.929
6.887,738.159,72.662,73.991,-13.215,0.057,-8.978e-6,2589,0.287,84.9,63.5,2.717,0,9.09,0.603,0.013,2.091,37.252
6.937,741.776,72.002,73.335,-13.167,0.115,-9.001e-6,2589,0.287,84.8,63.5,2.713,0,8.928,0.603,0.023,2.072,36.57
6.987,745.359,71.345,72.684,-13.096,0.057,-9.036e-6,2589,0.287,84.9,63.5,2.715,0,8.773,0.603,0.015,2.053,35.906
7.037,748.91,70.692,72.035,-13.041,0.115,-9.425e-6,2589,0.287,84.8,63.5,2.713,0,8.614,0.603,0.02,2.034,35.247
7.087,752.429,70.042,71.389,-12.945,0.044,-9.379e-6,2589,0.287,84.9,63.5,2.717,0,8.467,0.603,0.009,2.017,34.604
7.137,755.915,69.397,70.747,-12.873,0.115,-9.442e-6,2589,0.287,84.8,63.5,2.713,0,8.317,0.603,0.02,1.998,33.962
7.187,759.368,68.755,70.108,-12.814,0.115,-9.013e-6,2589,0.287,84.8,63.5,2.712,0,8.168,0.603,0.021,1.977,33.333
7.237,762.79,68.115,69.472,-12.801,0.057,-8.984e-6,2589,0.287,84.9,63.5,2.715,0,8.008,0.602,0.014,1.962,32.716
7.287,766.18,67.475,68.838,-12.783,0.229,-8.921e-6,2589,0.287,84.8,63.5,2.702,0,7.852,0.602,0.045,1.941,32.092
7.337,769.538,66.837,68.208,-12.703,0.115,-9.007e-6,2589,0.287,84.8,63.5,2.709,0,7.71,0.602,0.026,1.924,31.498
7.387,772.864,66.203,67.58,-12.671,0.229,-9.093e-6,2589,0.287,84.7,63.5,2.701,0,7.555,0.602,0.047,1.903,30.896
7.437,776.158,65.572,66.955,-12.543,0.057,-8.938e-6,2589,0.287,84.8,63.5,2.713,0,7.425,0.602,0.016,1.895,30.325
7.487,779.421,64.949,66.334,-12.416,0.401,-9.551e-6,2589,0.287,84.6,63.5,2.686,0,7.306,0.602,0.083,1.882,29.725
7.537,782.653,64.33,65.717,-12.337,0.516,-9.03e-6,2589,0.287,84.5,63.5,2.675,0,7.181,0.602,0.11,1.867,29.15
7.587,785.854,63.715,65.101,-12.273,0.573,-8.663e-6,2589,0.287,84.5,63.5,2.669,0,7.063,0.602,0.124,1.832,28.588
7.637,789.025,63.1,64.489,-12.352,0.034,-8.835e-6,2589,0.287,84.9,63.5,2.716,0,6.902,0.602,0.007,1.819,28.081
7.687,792.164,62.481,63.877,-12.357,0.172,-9.024e-6,2589,0.287,84.8,63.5,2.702,0,6.775,0.601,0.04,1.804,27.526
7.737,795.273,61.866,63.268,-12.244,0.115,-8.875e-6,2589,0.287,84.8,63.5,2.71,0,6.681,0.601,0.02,1.785,26.999
7.787,798.351,61.255,62.662,-12.227,0.025,-8.852e-6,2589,0.287,84.9,63.5,2.716,0,6.562,0.601,0.005,1.773,26.478
7.837,801.398,60.643,62.058,-12.224,0.229,-8.864e-6,2589,0.287,84.7,63.5,2.701,0,6.441,0.601,0.043,1.76,25.944
7.887,804.415,60.032,61.455,-12.233,0.458,-9.677e-6,2589,0.287,84.6,63.5,2.681,0,6.315,0.601,0.091,1.745,25.415
7.937,807.401,59.421,60.854,-12.202,0.516,-1.005e-5,2589,0.287,84.5,63.5,2.676,0,6.194,0.601,0.104,1.733,24.905
7.973,809.533,58.982,60.423,-12.181,0.573,-1.009e-5,2589,0.287,84.5,63.5,2.671,0,6.103,0.601,0.117,1.714,24.542
8.023,812.466,58.374,59.827,-12.133,0.573,-9.82e-6,2589,0.287,84.5,63.5,2.67,0,5.974,0.601,0.119,1.695,24.048
8.073,815.37,57.769,59.233,-12.078,0.573,-9.368e-6,2589,0.287,84.5,63.5,2.67,0,5.84,0.601,0.116,1.67,23.563
8.123,818.243,57.167,58.643,-11.967,0.286,-9.282e-6,2589,0.287,84.7,63.5,2.693,0,5.714,0.601,0.059,1.654,23.103
8.173,821.087,56.573,58.057,-11.804,0.286,-9.167e-6,2589,0.287,84.7,63.5,2.693,0,5.609,0.6,0.059,1.645,22.634
8.223,823.901,55.986,57.473,-11.695,0.63,-8.864e-6,2589,0.287,84.5,63.5,2.664,0,5.501,0.6,0.131,1.634,22.151
8.273,826.686,55.403,56.893,-11.611,0.859,-9.442e-6,2589,0.287,84.3,63.5,2.645,0,5.397,0.6,0.18,1.62,21.683
8.323,829.441,54.824,56.315,-11.55,0.974,-9.689e-6,2589,0.287,84.2,63.5,2.635,0,5.295,0.6,0.206,1.603,21.229
8.373,832.168,54.248,55.739,-11.52,0.917,-9.998e-6,2589,0.287,84.3,63.5,2.638,0,5.192,0.6,0.197,1.579,20.792
8.423,834.866,53.671,55.166,-11.543,0.573,-1.028e-5,2589,0.287,84.5,63.5,2.665,0,5.076,0.6,0.126,1.556,20.376
8.473,837.535,53.093,54.593,-11.567,0.286,-1.05e-5,2589,0.287,84.7,63.5,2.693,0,4.971,0.6,0.057,1.536,19.965
8.523,840.175,52.515,54.023,-11.604,0.115,-1.059e-5,2589,0.287,84.8,63.5,2.706,0,4.87,0.6,0.024,1.529,19.551
8.573,842.787,51.933,53.453,-11.658,0.573,-1.05e-5,2589,0.287,84.5,63.5,2.668,0,4.769,0.6,0.119,1.518,19.109
8.623,845.369,51.349,52.884,-11.661,0.745,-1.037e-5,2589,0.287,84.4,63.5,2.652,0,4.678,0.6,0.16,1.503,18.688
8.673,847.921,50.767,52.317,-11.625,0.745,-9.752e-6,2589,0.287,84.4,63.5,2.651,0,4.587,0.6,0.161,1.486,18.282
8.723,850.445,50.187,51.752,-11.576,0.688,-9.803e-6,2589,0.287,84.4,63.5,2.655,0,4.493,0.599,0.15,1.469,17.885
8.773,852.94,49.61,51.19,-11.526,0.688,-9.179e-6,2589,0.287,84.4,63.5,2.659,0,4.393,0.599,0.139,1.45,17.495
8.823,855.406,49.035,50.63,-11.475,0.63,-8.858e-6,2589,0.287,84.4,63.5,2.663,0,4.29,0.599,0.128,1.428,17.11
8.873,857.844,48.463,50.072,-11.384,0.344,-8.749e-6,2589,0.287,84.6,63.5,2.686,0,4.193,0.599,0.069,1.413,16.742
8.923,860.253,47.897,49.518,-11.243,0.286,-8.738e-6,2589,0.287,84.7,63.5,2.692,0,4.115,0.599,0.056,1.407,16.371
8.973,862.634,47.338,48.967,-11.144,0.688,-9.053e-6,2589,0.287,84.4,63.5,2.658,0,4.035,0.599,0.14,1.396,15.986
9.023,864.987,46.782,48.419,-11.074,0.917,-8.858e-6,2589,0.287,84.3,63.5,2.639,0,3.953,0.599,0.191,1.384,15.614
9.073,867.312,46.23,47.872,-11.02,1.031,-9.551e-6,2589,0.287,84.2,63.5,2.627,0,3.874,0.599,0.224,1.367,15.252
9.123,869.61,45.679,47.328,-11.004,0.974,-9.935e-6,2589,0.287,84.2,63.5,2.634,0,3.786,0.599,0.204,1.347,14.905
9.173,871.88,45.13,46.785,-11.01,0.745,-9.895e-6,2589,0.287,84.4,63.5,2.652,0,3.696,0.599,0.155,1.324,14.57
9.223,874.123,44.578,46.243,-11.038,0.344,-1.036e-5,2589,0.287,84.6,63.5,2.683,0,3.604,0.599,0.075,1.307,14.244
9.273,876.338,44.026,45.703,-11.034,0.229,-1.049e-5,2589,0.287,84.7,63.5,2.696,0,3.53,0.599,0.043,1.293,13.915
9.323,878.525,43.475,45.165,-11.016,0.115,-1.05e-5,2589,0.287,84.7,63.5,2.701,0,3.462,0.599,0.029,1.278,13.587
9.373,880.685,42.924,44.628,-11.021,0.057,-1.051e-5,2589,0.287,84.8,63.5,2.708,0,3.39,0.599,0.014,1.27,13.265
9.423,882.818,42.372,44.092,-11.068,0.516,-1.04e-5,2589,0.287,84.5,63.5,2.668,0,3.307,0.598,0.113,1.262,12.927
9.473,884.922,41.817,43.556,-11.129,1.089,-1.089e-5,2589,0.287,84.1,63.5,2.624,0,3.225,0.598,0.229,1.25,12.592
9.523,886.999,41.26,43.022,-11.132,1.261,-1.116e-5,2589,0.287,84,63.5,2.608,0,3.149,0.598,0.272,1.233,12.274
9.573,889.048,40.705,42.489,-11.071,1.089,-1.076e-5,2589,0.287,84.1,63.5,2.621,0,3.077,0.598,0.234,1.216,11.975
9.623,891.07,40.153,41.959,-11.037,1.089,-1.035e-5,2589,0.287,84.1,63.5,2.622,0,2.996,0.598,0.233,1.199,11.674
9.673,893.064,39.601,41.431,-11.004,1.089,-1.035e-5,2589,0.287,84.1,63.5,2.621,0,2.911,0.598,0.235,1.177,11.379
9.723,895.03,39.053,40.906,-10.905,0.688,-1.066e-5,2589,0.287,84.4,63.5,2.655,0,2.835,0.598,0.142,1.155,11.102
9.773,896.969,38.511,40.384,-10.808,0.229,-1.07e-5,2589,0.287,84.7,63.5,2.694,0,2.761,0.598,0.046,1.138,10.831
9.823,898.881,37.972,39.865,-10.733,0.115,-1.073e-5,2589,0.287,84.7,63.5,2.701,0,2.687,0.598,0.027,1.129,10.553
9.873,900.766,37.438,39.348,-10.658,0.516,-1.066e-5,2589,0.287,84.5,63.5,2.668,0,2.619,0.598,0.109,1.119,10.268
9.923,902.625,36.906,38.833,-10.594,0.859,-1.078e-5,2589,0.287,84.3,63.5,2.642,0,2.553,0.598,0.178,1.115,9.989
9.973,904.457,36.378,38.321,-10.505,1.432,-1.096e-5,2589,0.287,83.9,63.5,2.596,0,2.506,0.598,0.303,1.107,9.71
10.023,906.263,35.855,37.81,-10.448,1.719,-1.086e-5,2589,0.287,83.7,63.5,2.572,0,2.453,0.598,0.372,1.1,9.442
10.073,908.043,35.333,37.301,-10.391,2.063,-1.105e-5,2589,0.287,83.5,63.5,2.547,0,2.408,0.598,0.446,1.088,9.18
10.123,909.796,34.816,36.794,-10.36,2.12,-1.128e-5,2589,0.287,83.5,63.5,2.54,0,2.356,0.598,0.466,1.067,8.927
10.173,911.524,34.297,36.288,-10.385,1.719,-1.137e-5,2589,0.287,83.7,63.5,2.57,0,2.28,0.598,0.375,1.051,8.691
10.223,913.226,33.777,35.784,-10.39,1.49,-1.134e-5,2589,0.287,83.9,63.5,2.587,0,2.223,0.597,0.325,1.034,8.454
10.273,914.902,33.257,35.282,-10.405,1.203,-1.129e-5,2589,0.287,84,63.5,2.612,0,2.166,0.597,0.255,1.014,8.223
10.323,916.552,32.737,34.781,-10.44,0.688,-1.128e-5,2589,0.287,84.4,63.5,2.652,0,2.106,0.597,0.149,0.991,8
10.373,918.175,32.213,34.281,-10.492,0.057,-1.126e-5,2589,0.287,84.8,63.5,2.704,0,2.046,0.597,0.017,0.982,7.783
10.423,919.773,31.688,33.782,-10.518,0.286,-1.125e-5,2589,0.287,84.6,63.5,2.686,0,1.999,0.597,0.062,0.975,7.552
10.473,921.344,31.162,33.284,-10.537,0.63,-1.116e-5,2589,0.287,84.4,63.5,2.66,0,1.955,0.597,0.128,0.968,7.324
10.523,922.889,30.634,32.788,-10.569,1.031,-1.117e-5,2589,0.287,84.2,63.5,2.627,0,1.908,0.597,0.215,0.961,7.097
10.573,924.408,30.104,32.292,-10.632,1.662,-1.105e-5,2589,0.287,83.8,63.5,2.574,0,1.855,0.597,0.36,0.952,6.87
10.623,925.899,29.571,31.797,-10.673,2.12,-1.073e-5,2589,0.287,83.5,63.5,2.538,0,1.805,0.597,0.47,0.939,6.651
10.673,927.365,29.038,31.303,-10.643,2.063,-1.071e-5,2589,0.287,83.5,63.5,2.542,0,1.758,0.597,0.456,0.924,6.446
10.723,928.803,28.507,30.813,-10.575,1.719,-1.101e-5,2589,0.287,83.7,63.5,2.57,0,1.712,0.597,0.373,0.908,6.25
10.773,930.215,27.981,30.325,-10.517,1.432,-1.099e-5,2589,0.287,83.9,63.5,2.592,0,1.664,0.597,0.31,0.893,6.058
10.823,931.601,27.455,29.84,-10.508,1.547,-1.107e-5,2589,0.287,83.8,63.5,2.582,0,1.605,0.597,0.339,0.876,5.862
10.873,932.961,26.93,29.357,-10.461,1.375,-1.121e-5,2589,0.287,83.9,63.5,2.597,0,1.551,0.597,0.296,0.857,5.676
10.923,934.294,26.409,28.877,-10.373,0.802,-1.13e-5,2589,0.287,84.3,63.5,2.645,0,1.505,0.597,0.163,0.838,5.5
10.973,935.602,25.893,28.401,-10.29,0.172,-1.13e-5,2589,0.287,84.7,63.5,2.698,0,1.463,0.597,0.031,0.824,5.328
11.023,936.884,25.38,27.928,-10.242,0.172,-1.13e-5,2589,0.287,84.7,63.5,2.696,0,1.414,0.597,0.035,0.814,5.15
11.073,938.14,24.869,27.457,-10.194,0.516,-1.13e-5,2589,0.287,84.5,63.5,2.668,0,1.367,0.597,0.104,0.812,4.973
11.123,939.371,24.361,26.989,-10.113,1.261,-1.133e-5,2589,0.287,84,63.5,2.607,0,1.339,0.597,0.265,0.817,4.794
11.173,940.576,23.858,26.524,-10.01,2.235,-1.13e-5,2589,0.287,83.4,63.5,2.531,0,1.329,0.597,0.489,0.817,4.617
11.223,941.757,23.36,26.061,-9.926,2.979,-1.139e-5,2589,0.287,83,63.5,2.474,0,1.317,0.597,0.673,0.807,4.448
11.273,942.912,22.864,25.601,-9.898,3.209,-1.128e-5,2589,0.287,82.8,63.5,2.459,0,1.281,0.597,0.722,0.793,4.289
11.323,944.043,22.369,25.143,-9.893,3.151,-1.131e-5,2589,0.287,82.9,63.5,2.462,0,1.238,0.597,0.712,0.784,4.137
11.373,945.149,21.875,24.687,-9.874,3.266,-1.113e-5,2589,0.287,82.8,63.5,2.455,0,1.207,0.597,0.736,0.772,3.987
11.423,946.231,21.382,24.234,-9.868,3.209,-1.118e-5,2589,0.287,82.8,63.5,2.458,0,1.173,0.597,0.724,0.76,3.842
11.473,947.287,20.888,23.784,-9.869,3.094,-1.113e-5,2589,0.287,82.9,63.5,2.468,0,1.139,0.596,0.691,0.748,3.701
11.523,948.319,20.395,23.336,-9.877,2.865,-1.136e-5,2589,0.287,83,63.5,2.484,0,1.104,0.596,0.636,0.732,3.564
11.573,949.327,19.9,22.891,-9.904,2.406,-1.125e-5,2589,0.287,83.3,63.5,2.516,0,1.064,0.596,0.533,0.715,3.433
11.623,950.309,19.404,22.448,-9.935,1.948,-1.129e-5,2589,0.287,83.6,63.5,2.553,0,1.026,0.596,0.42,0.694,3.306
11.673,951.267,18.907,22.008,-9.99,1.146,-1.133e-5,2589,0.287,84.1,63.5,2.615,0,0.98,0.596,0.242,0.666,3.184
11.723,952.2,18.405,21.571,-10.064,0.037,-1.13e-5,2589,0.287,84.8,63.5,2.706,0,0.929,0.596,0.008,0.659,3.067
11.773,953.108,17.9,21.137,-10.107,0.688,-1.131e-5,2589,0.287,84.4,63.5,2.653,0,0.894,0.596,0.14,0.653,2.939
11.823,953.99,17.395,20.706,-10.111,0.859,-1.136e-5,2589,0.287,84.3,63.5,2.638,0,0.873,0.596,0.179,0.646,2.819
11.873,954.847,16.89,20.279,-10.096,0.802,-1.135e-5,2589,0.287,84.3,63.5,2.644,0,0.857,0.596,0.164,0.639,2.704
11.923,955.679,16.385,19.856,-10.092,0.859,-1.136e-5,2589,0.287,84.2,63.5,2.638,0,0.837,0.596,0.181,0.631,2.592
11.973,956.486,15.88,19.437,-10.1,1.089,-1.137e-5,2589,0.287,84.1,63.5,2.618,0,0.811,0.596,0.234,0.623,2.482
12.023,957.267,15.376,19.023,-10.084,1.031,-1.134e-5,2589,0.287,84.1,63.5,2.624,0,0.793,0.596,0.216,0.614,2.377
12.073,958.023,14.872,18.613,-10.079,1.089,-1.134e-5,2589,0.287,84.1,63.5,2.618,0,0.769,0.596,0.232,0.605,2.275
12.123,958.754,14.368,18.209,-10.068,1.089,-1.134e-5,2589,0.287,84.1,63.5,2.618,0,0.746,0.596,0.233,0.595,2.177
12.173,959.46,13.865,17.81,-10.056,1.089,-1.133e-5,2589,0.287,84.1,63.5,2.619,0,0.723,0.596,0.231,0.585,2.083
12.223,960.141,13.362,17.416,-10.044,1.089,-1.132e-5,2589,0.287,84.1,63.5,2.62,0,0.698,0.596,0.227,0.575,1.992
12.273,960.796,12.861,17.03,-10.014,0.802,-1.132e-5,2589,0.287,84.3,63.5,2.643,0,0.68,0.596,0.166,0.565,1.905
12.323,961.427,12.361,16.649,-9.991,0.63,-1.132e-5,2589,0.287,84.4,63.5,2.657,0,0.658,0.596,0.128,0.553,1.822
12.373,962.032,11.862,16.276,-9.976,0.516,-1.132e-5,2589,0.287,84.4,63.5,2.663,0,0.632,0.596,0.113,0.542,1.741
12.423,962.613,11.364,15.911,-9.946,0.229,-1.133e-5,2589,0.287,84.7,63.5,2.691,0,0.614,0.596,0.043,0.538,1.665
12.473,963.169,10.867,15.553,-9.905,0.286,-1.133e-5,2589,0.287,84.6,63.5,2.682,0,0.601,0.596,0.065,0.54,1.591
12.523,963.7,10.373,15.204,-9.852,1.031,-1.133e-5,2589,0.287,84.1,63.5,2.624,0,0.597,0.596,0.216,0.533,1.517
12.573,964.206,9.882,14.863,-9.83,1.261,-1.133e-5,2589,0.287,84,63.5,2.603,0,0.578,0.596,0.273,0.525,1.449
12.623,964.688,9.39,14.532,-9.81,1.49,-1.133e-5,2589,0.287,83.8,63.5,2.586,0,0.557,0.596,0.321,0.526,1.384
12.673,965.145,8.901,14.211,-9.763,2.12,-1.133e-5,2589,0.287,83.5,63.5,2.537,0,0.554,0.596,0.467,0.528,1.321
12.723,965.578,8.414,13.9,-9.715,2.75,-1.134e-5,2589,0.287,83.1,63.5,2.491,0,0.554,0.596,0.611,0.529,1.262
12.773,965.987,7.929,13.6,-9.674,3.266,-1.137e-5,2589,0.287,82.8,63.5,2.453,0,0.551,0.596,0.737,0.525,1.206
12.823,966.371,7.446,13.311,-9.65,3.552,-1.14e-5,2589,0.287,82.6,63.5,2.433,0,0.54,0.596,0.809,0.525,1.155
12.873,966.731,6.964,13.034,-9.615,4.011,-1.138e-5,2589,0.287,82.4,63.5,2.404,0,0.539,0.596,0.915,0.528,1.106
12.923,967.068,6.485,12.77,-9.573,4.469,-1.143e-5,2589,0.287,82.2,63.5,2.372,0,0.543,0.596,1.034,0.524,1.06
12.973,967.38,6.007,12.519,-9.556,4.641,-1.145e-5,2589,0.287,82.1,63.5,2.361,0,0.535,0.596,1.081,0.514,1.018
13.023,967.668,5.529,12.282,-9.564,4.584,-1.144e-5,2589,0.287,82.1,63.5,2.365,0,0.514,0.596,1.062,0.5,0.98
13.073,967.933,5.05,12.061,-9.581,4.354,-1.141e-5,2589,0.287,82.2,63.5,2.377,0,0.487,0.596,1.015,0.49,0.946
13.123,968.173,4.571,11.855,-9.587,4.297,-1.138e-5,2589,0.287,82.2,63.5,2.382,0,0.468,0.596,0.996,0.486,0.914
13.173,968.39,4.092,11.667,-9.58,4.354,-1.137e-5,2589,0.287,82.2,63.5,2.378,0,0.46,0.596,1.01,0.482,0.885
13.223,968.582,3.613,11.495,-9.576,4.354,-1.138e-5,2589,0.287,82.2,63.5,2.377,0,0.452,0.596,1.015,0.474,0.859
13.273,968.751,3.134,11.342,-9.581,4.297,-1.138e-5,2589,0.287,82.2,63.5,2.383,0,0.438,0.596,0.994,0.472,0.836
13.323,968.896,2.655,11.208,-9.577,4.297,-1.14e-5,2589,0.287,82.2,63.5,2.382,0,0.434,0.596,0.995,0.471,0.817
13.373,969.017,2.176,11.094,-9.57,4.297,-1.138e-5,2589,0.287,82.2,63.5,2.382,0,0.433,0.596,0.995,0.463,0.8
13.423,969.114,1.698,10.999,-9.579,4.183,-1.138e-5,2589,0.287,82.3,63.5,2.391,0,0.419,0.596,0.962,0.457,0.787
13.473,969.186,1.219,10.926,-9.585,4.068,-1.138e-5,2589,0.287,82.4,63.5,2.399,0,0.408,0.596,0.933,0.458,0.777
13.523,969.235,0.739,10.873,-9.583,4.011,-1.139e-5,2589,0.287,82.4,63.5,2.404,0,0.41,0.596,0.914,0.458,0.769
13.573,969.26,0.26,10.842,-9.584,3.839,-1.139e-5,2589,0.287,82.5,63.5,2.412,0,0.411,0.596,0.884,0.456,0.765
13.623,969.261,-0.219,10.833,-9.589,3.724,-1.14e-5,2589,0.287,82.6,63.5,2.423,0,0.408,0.596,0.845,0.45,0.764
13.673,969.238,-0.699,10.845,-9.35,NaN,NaN,2589,0.287,0,63.5,-8.062,0,25.967,40.291,NaN,NaN,NaN
13.745,969.163,-1.381,10.185,-8.945,NaN,NaN,2589,0.287,0,63.5,-8.062,0,24.187,40.291,NaN,NaN,NaN
13.823,969.029,-2.074,9.597,-8.55,NaN,NaN,2589,0.287,0,63.5,-8.062,0,22.96,40.291,NaN,NaN,NaN
13.905,968.831,-2.772,9.087,-8.197,NaN,NaN,2589,0.287,0,63.5,-8.062,0,21.16,40.291,NaN,NaN,NaN
13.992,968.558,-3.487,8.685,-7.817,NaN,NaN,2589,0.287,0,63.5,-8.062,0,20.48,40.291,NaN,NaN,NaN
14.083,968.207,-4.201,8.383,-7.607,NaN,NaN,2589,0.287,0,63.5,-8.062,0,17.271,40.291,NaN,NaN,NaN
14.184,967.743,-4.971,8.276,-7.333,NaN,NaN,2589,0.287,0,63.5,-8.062,0,15.604,40.291,NaN,NaN,NaN
14.293,967.157,-5.771,8.337,-6.909,NaN,NaN,2589,0.287,0,63.5,-8.062,0,15.912,40.291,NaN,NaN,NaN
14.407,966.455,-6.557,8.494,-6.445,NaN,NaN,2589,0.287,0,63.5,-8.062,0,16.601,40.291,NaN,NaN,NaN
14.526,965.634,-7.32,8.727,-6.106,NaN,NaN,2589,0.287,0,63.5,-8.062,0,16.158,40.291,NaN,NaN,NaN
14.652,964.66,-8.091,9.078,-5.77,NaN,NaN,2589,0.287,0,63.5,-8.062,0,15.734,40.291,NaN,NaN,NaN
14.788,963.506,-8.877,9.54,-5.421,NaN,NaN,2589,0.287,0,63.5,-8.062,0,15.442,40.291,NaN,NaN,NaN
14.936,962.136,-9.677,10.102,-4.923,NaN,NaN,2589,0.287,0,63.5,-8.062,0,16.114,40.291,NaN,NaN,NaN
15.095,960.528,-10.463,10.709,-4.396,NaN,NaN,2589,0.287,0,63.5,-8.062,0,16.92,40.291,NaN,NaN,NaN
15.27,958.636,-11.23,11.349,-3.847,NaN,NaN,2589,0.287,0,63.5,-8.062,0,17.824,40.291,NaN,NaN,NaN
15.463,956.396,-11.973,12.012,-3.321,NaN,NaN,2589,0.287,0,63.5,-8.062,0,18.577,40.291,NaN,NaN,NaN
15.683,953.677,-12.704,12.708,-2.75,NaN,NaN,2589,0.287,0,63.5,-8.062,0,19.531,40.291,NaN,NaN,NaN
15.943,950.286,-13.418,13.425,-2.068,NaN,NaN,2589,0.287,0,63.5,-8.062,0,21.05,40.291,NaN,NaN,NaN
16.249,946.085,-14.051,14.101,-1.536,NaN,NaN,2589,0.287,0,63.5,-8.062,0,21.921,40.291,NaN,NaN,NaN
16.662,940.15,-14.686,14.816,-0.835,NaN,NaN,2589,0.287,0,63.5,-8.062,0,23.608,40.291,NaN,NaN,NaN
17.162,932.703,-15.103,15.362,-0.311,NaN,NaN,2589,0.287,0,63.5,-8.062,0,24.988,40.291,NaN,NaN,NaN
17.662,925.112,-15.259,15.703,-0.205,NaN,NaN,2589,0.287,0,63.5,-8.062,0,25.012,40.291,NaN,NaN,NaN
18.162,917.458,-15.361,15.951,-0.126,NaN,NaN,2589,0.287,0,63.5,-8.062,0,25.071,40.291,NaN,NaN,NaN
18.662,909.761,-15.424,16.087,-0.051,NaN,NaN,2589,0.287,0,63.5,-8.062,0,25.235,40.291,NaN,NaN,NaN
19.162,902.043,-15.449,16.152,-0.015,NaN,NaN,2589,0.287,0,63.5,-8.062,0,25.316,40.291,NaN,NaN,NaN
19.662,894.317,-15.457,16.158,0.006,NaN,NaN,2589,0.287,0,63.5,-8.062,0,25.38,40.291,NaN,NaN,NaN
20.162,886.589,-15.454,16.196,0.008,NaN,NaN,2589,0.287,0,63.5,-8.062,0,25.381,40.291,NaN,NaN,NaN
20.662,878.863,-15.45,16.162,0.01,NaN,NaN,2589,0.287,0,63.5,-8.062,0,25.384,40.291,NaN,NaN,NaN
21.162,871.139,-15.445,16.134,0.011,NaN,NaN,2589,0.287,0,63.5,-8.062,0,25.386,40.291,NaN,NaN,NaN
21.662,863.418,-15.44,16.108,0.011,NaN,NaN,2589,0.287,0,63.5,-8.062,0,25.383,40.291,NaN,NaN,NaN
22.162,855.7,-15.435,16.112,0.013,NaN,NaN,2589,0.287,0,63.5,-8.062,0,25.396,40.291,NaN,NaN,NaN
22.662,847.984,-15.428,16.136,0.016,NaN,NaN,2589,0.287,0,63.5,-8.062,0,25.413,40.291,NaN,NaN,NaN
23.162,840.272,-15.42,16.079,0.008,NaN,NaN,2589,0.287,0,63.5,-8.062,0,25.379,40.291,NaN,NaN,NaN
23.662,832.563,-15.416,16.093,0.012,NaN,NaN,2589,0.287,0,63.5,-8.062,0,25.396,40.291,NaN,NaN,NaN
24.162,824.857,-15.41,16.121,0.01,NaN,NaN,2589,0.287,0,63.5,-8.062,0,25.384,40.291,NaN,NaN,NaN
24.662,817.153,-15.405,16.135,0.011,NaN,NaN,2589,0.287,0,63.5,-8.062,0,25.388,40.291,NaN,NaN,NaN
25.162,809.452,-15.399,16.152,0.01,NaN,NaN,2589,0.287,0,63.5,-8.062,0,25.383,40.291,NaN,NaN,NaN
25.662,801.754,-15.394,16.152,0.019,NaN,NaN,2589,0.287,0,63.5,-8.062,0,25.426,40.291,NaN,NaN,NaN
26.162,794.06,-15.384,16.084,0.008,NaN,NaN,2589,0.287,0,63.5,-8.062,0,25.38,40.291,NaN,NaN,NaN
26.662,786.369,-15.38,16.056,0.009,NaN,NaN,2589,0.287,0,63.5,-8.062,0,25.382,40.291,NaN,NaN,NaN
27.162,778.679,-15.376,16.035,0.01,NaN,NaN,2589,0.287,0,63.5,-8.062,0,25.382,40.291,NaN,NaN,NaN
27.662,770.993,-15.371,16.031,0.021,NaN,NaN,2589,0.287,0,63.5,-8.062,0,25.435,40.291,NaN,NaN,NaN
28.162,763.31,-15.36,16.085,0.019,NaN,NaN,2589,0.287,0,63.5,-8.062,0,25.44,40.291,NaN,NaN,NaN
28.662,755.632,-15.351,16.154,6.192e-4,NaN,NaN,2589,0.287,0,63.5,-8.062,0,25.358,40.291,NaN,NaN,NaN
29.162,747.957,-15.351,16.146,0.015,NaN,NaN,2589,0.287,0,63.5,-8.062,0,25.415,40.291,NaN,NaN,NaN
29.662,740.283,-15.343,16.08,0.01,NaN,NaN,2589,0.287,0,63.5,-8.062,0,25.396,40.291,NaN,NaN,NaN
30.162,732.613,-15.338,16.123,0.01,NaN,NaN,2589,0.287,0,63.5,-8.062,0,25.396,40.291,NaN,NaN,NaN
30.662,724.945,-15.333,16.072,0.007,NaN,NaN,2589,0.287,0,63.5,-8.062,0,25.376,40.291,NaN,NaN,NaN
31.162,717.28,-15.329,16.054,0.01,NaN,NaN,2589,0.287,0,63.5,-8.062,0,25.386,40.291,NaN,NaN,NaN
31.662,709.616,-15.324,16.028,0.012,NaN,NaN,2589,0.287,0,63.5,-8.062,0,25.396,40.291,NaN,NaN,NaN
32.162,701.956,-15.318,15.99,0.015,NaN,NaN,2589,0.287,0,63.5,-8.062,0,25.411,40.291,NaN,NaN,NaN
32.662,694.298,-15.311,16.031,0.013,NaN,NaN,2589,0.287,0,63.5,-8.062,0,25.405,40.291,NaN,NaN,NaN
33.162,686.645,-15.304,16.076,0.006,NaN,NaN,2589,0.287,0,63.5,-8.062,0,25.373,40.291,NaN,NaN,NaN
33.662,678.993,-15.301,16.065,0.015,NaN,NaN,2589,0.287,0,63.5,-8.062,0,25.412,40.291,NaN,NaN,NaN
34.162,671.344,-15.294,16.111,0.017,NaN,NaN,2589,0.287,0,63.5,-8.062,0,25.426,40.291,NaN,NaN,NaN
34.662,663.7,-15.285,16.034,0.021,NaN,NaN,2589,0.287,0,63.5,-8.062,0,25.459,40.291,NaN,NaN,NaN
35.162,656.06,-15.275,16.117,-0.002,NaN,NaN,2589,0.287,0,63.5,-8.062,0,25.354,40.291,NaN,NaN,NaN
35.662,648.422,-15.276,16.139,0.006,NaN,NaN,2589,0.287,0,63.5,-8.062,0,25.373,40.291,NaN,NaN,NaN
36.162,640.785,-15.273,16.152,0.02,NaN,NaN,2589,0.287,0,63.5,-8.062,0,25.438,40.291,NaN,NaN,NaN
36.662,633.151,-15.263,16.067,0.008,NaN,NaN,2589,0.287,0,63.5,-8.062,0,25.392,40.291,NaN,NaN,NaN
37.162,625.52,-15.259,16.015,0.005,NaN,NaN,2589,0.287,0,63.5,-8.062,0,25.37,40.291,NaN,NaN,NaN
37.662,617.891,-15.256,16.008,0.022,NaN,NaN,2589,0.287,0,63.5,-8.062,0,25.446,40.291,NaN,NaN,NaN
38.162,610.266,-15.246,16.075,0.008,NaN,NaN,2589,0.287,0,63.5,-8.062,0,25.393,40.291,NaN,NaN,NaN
38.662,602.644,-15.242,16.124,0.022,NaN,NaN,2589,0.287,0,63.5,-8.062,0,25.46,40.291,NaN,NaN,NaN
39.162,595.026,-15.231,16.021,0.007,NaN,NaN,2589,0.287,0,63.5,-8.062,0,25.398,40.291,NaN,NaN,NaN
39.662,587.412,-15.227,15.954,0.002,NaN,NaN,2589,0.287,0,63.5,-8.062,0,25.363,40.291,NaN,NaN,NaN
40.162,579.798,-15.226,15.94,0.009,NaN,NaN,2589,0.287,0,63.5,-8.062,0,25.385,40.291,NaN,NaN,NaN
40.662,572.186,-15.222,15.96,0.028,NaN,NaN,2589,0.287,0,63.5,-8.062,0,25.479,40.291,NaN,NaN,NaN
41.162,564.579,-15.208,16.04,-6.493e-4,NaN,NaN,2589,0.287,0,63.5,-8.062,0,25.358,40.291,NaN,NaN,NaN
41.662,556.975,-15.208,16.023,0.007,NaN,NaN,2589,0.287,0,63.5,-8.062,0,25.379,40.291,NaN,NaN,NaN
42.162,549.372,-15.204,16.038,0.009,NaN,NaN,2589,0.287,0,63.5,-8.062,0,25.383,40.291,NaN,NaN,NaN
42.662,541.77,-15.2,16.039,0.016,NaN,NaN,2589,0.287,0,63.5,-8.062,0,25.414,40.291,NaN,NaN,NaN
43.162,534.173,-15.192,16.084,0.012,NaN,NaN,2589,0.287,0,63.5,-8.062,0,25.401,40.291,NaN,NaN,NaN
43.662,526.578,-15.186,16.127,0.014,NaN,NaN,2589,0.287,0,63.5,-8.062,0,25.414,40.291,NaN,NaN,NaN
44.162,518.987,-15.178,16.058,0.013,NaN,NaN,2589,0.287,0,63.5,-8.062,0,25.409,40.291,NaN,NaN,NaN
44.662,511.4,-15.172,15.992,0.008,NaN,NaN,2589,0.287,0,63.5,-8.062,0,25.389,40.291,NaN,NaN,NaN
45.162,503.815,-15.168,16.029,0.007,NaN,NaN,2589,0.287,0,63.5,-8.062,0,25.379,40.291,NaN,NaN,NaN
45.662,496.231,-15.164,16.009,0.012,NaN,NaN,2589,0.287,0,63.5,-8.062,0,25.396,40.291,NaN,NaN,NaN
46.162,488.651,-15.158,15.969,0.014,NaN,NaN,2589,0.287,0,63.5,-8.062,0,25.408,40.291,NaN,NaN,NaN
46.662,481.073,-15.151,15.913,0.013,NaN,NaN,2589,0.287,0,63.5,-8.062,0,25.405,40.291,NaN,NaN,NaN
47.162,473.499,-15.145,15.957,0.029,NaN,NaN,2589,0.287,0,63.5,-8.062,0,25.493,40.291,NaN,NaN,NaN
47.662,465.93,-15.131,16.051,-0.005,NaN,NaN,2589,0.287,0,63.5,-8.062,0,25.348,40.291,NaN,NaN,NaN
48.162,458.364,-15.133,16.038,0.032,NaN,NaN,2589,0.287,0,63.5,-8.062,0,25.509,40.291,NaN,NaN,NaN
48.662,450.802,-15.117,15.907,-0.008,NaN,NaN,2589,0.287,0,63.5,-8.062,0,25.339,40.291,NaN,NaN,NaN
48.663,450.787,-15.117,15.907,61.422,NaN,NaN,2589,0.287,0,63.5,-8.062,0,184.361,293.153,NaN,NaN,NaN
48.679,450.549,-14.117,14.958,52.313,NaN,NaN,2589,0.287,0,63.5,-8.062,0,160.779,293.153,NaN,NaN,NaN
48.698,450.289,-13.117,14.018,43.827,NaN,NaN,2589,0.287,0,63.5,-8.062,0,138.811,293.153,NaN,NaN,NaN
48.721,450.001,-12.117,13.088,35.964,NaN,NaN,2589,0.287,0,63.5,-8.062,0,118.456,293.153,NaN,NaN,NaN
48.749,449.678,-11.117,12.167,28.724,NaN,NaN,2589,0.287,0,63.5,-8.062,0,99.715,293.153,NaN,NaN,NaN
48.784,449.308,-10.117,11.259,22.134,NaN,NaN,2589,0.287,0,63.5,-8.062,0,82.727,293.153,NaN,NaN,NaN
48.829,448.874,-9.119,10.399,16.165,NaN,NaN,2589,0.287,0,63.5,-8.062,0,67.313,293.153,NaN,NaN,NaN
48.89,448.343,-8.123,9.586,10.806,NaN,NaN,2589,0.287,0,63.5,-8.062,0,53.419,293.153,NaN,NaN,NaN
48.982,447.642,-7.129,8.824,6.049,NaN,NaN,2589,0.287,0,63.5,-8.062,0,41.023,293.153,NaN,NaN,NaN
49.148,446.547,-6.13,8.01,1.959,NaN,NaN,2589,0.287,0,63.5,-8.062,0,30.535,293.153,NaN,NaN,NaN
49.409,445.01,-5.617,7.8,0.043,NaN,NaN,2589,0.287,0,63.5,-8.062,0,25.47,293.153,NaN,NaN,NaN
49.695,443.408,-5.605,7.786,0.066,NaN,NaN,2589,0.287,0,63.5,-8.062,0,25.7,293.153,NaN,NaN,NaN
49.981,441.808,-5.586,7.55,-0.055,NaN,NaN,2589,0.287,0,63.5,-8.062,0,25.238,293.153,NaN,NaN,NaN
50.268,440.203,-5.602,7.639,0.006,NaN,NaN,2589,0.287,0,63.5,-8.062,0,25.409,293.153,NaN,NaN,NaN
50.554,438.6,-5.6,7.54,0.032,NaN,NaN,2589,0.287,0,63.5,-8.062,0,25.553,293.153,NaN,NaN,NaN
50.84,436.999,-5.591,7.713,-0.041,NaN,NaN,2589,0.287,0,63.5,-8.062,0,25.255,293.153,NaN,NaN,NaN
51.126,435.395,-5.603,7.699,0.008,NaN,NaN,2589,0.287,0,63.5,-8.062,0,25.397,293.153,NaN,NaN,NaN
51.412,433.793,-5.6,7.625,-0.004,NaN,NaN,2589,0.287,0,63.5,-8.062,0,25.35,293.153,NaN,NaN,NaN
51.698,432.191,-5.602,7.654,0.104,NaN,NaN,2589,0.287,0,63.5,-8.062,0,25.898,293.153,NaN,NaN,NaN
51.984,430.594,-5.572,7.356,-0.088,NaN,NaN,2589,0.287,0,63.5,-8.062,0,25.164,293.153,NaN,NaN,NaN
52.272,428.989,-5.597,7.282,-0.001,NaN,NaN,2589,0.287,0,63.5,-8.062,0,25.382,293.153,NaN,NaN,NaN
52.558,427.388,-5.598,7.202,0.037,NaN,NaN,2589,0.287,0,63.5,-8.062,0,25.575,293.153,NaN,NaN,NaN
52.844,425.789,-5.587,7.368,-0.044,NaN,NaN,2589,0.287,0,63.5,-8.062,0,25.246,293.153,NaN,NaN,NaN
53.13,424.187,-5.6,7.391,0.091,NaN,NaN,2589,0.287,0,63.5,-8.062,0,25.828,293.153,NaN,NaN,NaN
53.416,422.59,-5.574,7.127,-0.067,NaN,NaN,2589,0.287,0,63.5,-8.062,0,25.239,293.153,NaN,NaN,NaN
53.703,420.988,-5.593,7.029,0.014,NaN,NaN,2589,0.287,0,63.5,-8.062,0,25.48,293.153,NaN,NaN,NaN
53.989,419.389,-5.589,7.168,-0.029,NaN,NaN,2589,0.287,0,63.5,-8.062,0,25.288,293.153,NaN,NaN,NaN
54.275,417.788,-5.597,7.139,0.112,NaN,NaN,2589,0.287,0,63.5,-8.062,0,25.942,293.153,NaN,NaN,NaN
54.561,416.193,-5.566,7.389,-0.107,NaN,NaN,2589,0.287,0,63.5,-8.062,0,25.088,293.153,NaN,NaN,NaN
54.848,414.59,-5.596,7.456,0.041,NaN,NaN,2589,0.287,0,63.5,-8.062,0,25.575,293.153,NaN,NaN,NaN
55.134,412.993,-5.585,7.277,-0.038,NaN,NaN,2589,0.287,0,63.5,-8.062,0,25.265,293.153,NaN,NaN,NaN
55.42,411.393,-5.596,7.249,-3.666e-4,NaN,NaN,2589,0.287,0,63.5,-8.062,0,25.359,293.153,NaN,NaN,NaN
55.706,409.795,-5.596,7.259,0.008,NaN,NaN,2589,0.287,0,63.5,-8.062,0,25.4,293.153,NaN,NaN,NaN
55.991,408.197,-5.593,7.325,0.012,NaN,NaN,2589,0.287,0,63.5,-8.062,0,25.435,293.153,NaN,NaN,NaN
56.277,406.6,-5.59,7.431,0.232,NaN,NaN,2589,0.287,0,63.5,-8.062,0,26.619,293.153,NaN,NaN,NaN
56.563,405.012,-5.524,7.827,-0.177,NaN,NaN,2589,0.287,0,63.5,-8.062,0,25.076,293.153,NaN,NaN,NaN
56.852,403.407,-5.575,8.101,-0.064,NaN,NaN,2589,0.287,0,63.5,-8.062,0,25.195,293.153,NaN,NaN,NaN
57.138,401.808,-5.593,8.084,0.098,NaN,NaN,2589,0.287,0,63.5,-8.062,0,25.869,293.153,NaN,NaN,NaN
57.424,400.215,-5.565,7.78,-0.052,NaN,NaN,2589,0.287,0,63.5,-8.062,0,25.337,293.153,NaN,NaN,NaN
57.711,398.616,-5.58,7.608,0.007,NaN,NaN,2589,0.287,0,63.5,-8.062,0,25.503,293.153,NaN,NaN,NaN
57.997,397.021,-5.578,7.419,-0.046,NaN,NaN,2589,0.287,0,63.5,-8.062,0,25.241,293.153,NaN,NaN,NaN
58.283,395.423,-5.592,7.406,0.011,NaN,NaN,2589,0.287,0,63.5,-8.062,0,25.413,293.153,NaN,NaN,NaN
58.568,393.827,-5.589,7.321,-0.008,NaN,NaN,2589,0.287,0,63.5,-8.062,0,25.338,293.153,NaN,NaN,NaN
58.853,392.232,-5.591,7.327,0.012,NaN,NaN,2589,0.287,0,63.5,-8.062,0,25.416,293.153,NaN,NaN,NaN
59.139,390.637,-5.588,7.243,0.043,NaN,NaN,2589,0.287,0,63.5,-8.062,0,25.603,293.153,NaN,NaN,NaN
59.424,389.044,-5.575,7.42,-0.024,NaN,NaN,2589,0.287,0,63.5,-8.062,0,25.364,293.153,NaN,NaN,NaN
59.71,387.448,-5.582,7.561,-0.017,NaN,NaN,2589,0.287,0,63.5,-8.062,0,25.334,293.153,NaN,NaN,NaN
59.996,385.853,-5.587,7.493,-0.005,NaN,NaN,2589,0.287,0,63.5,-8.062,0,25.35,293.153,NaN,NaN,NaN
60.281,384.259,-5.589,7.468,0.011,NaN,NaN,2589,0.287,0,63.5,-8.062,0,25.414,293.153,NaN,NaN,NaN
60.566,382.665,-5.585,7.552,-0.009,NaN,NaN,2589,0.287,0,63.5,-8.062,0,25.338,293.153,NaN,NaN,NaN
60.852,381.071,-5.588,7.54,0.02,NaN,NaN,2589,0.287,0,63.5,-8.062,0,25.461,293.153,NaN,NaN,NaN
61.137,379.478,-5.582,7.42,0.034,NaN,NaN,2589,0.287,0,63.5,-8.062,0,25.579,293.153,NaN,NaN,NaN
61.422,377.887,-5.572,7.227,-0.049,NaN,NaN,2589,0.287,0,63.5,-8.062,0,25.232,293.153,NaN,NaN,NaN
61.708,376.292,-5.587,7.248,0.007,NaN,NaN,2589,0.287,0,63.5,-8.062,0,25.394,293.153,NaN,NaN,NaN
61.993,374.699,-5.585,7.308,0.053,NaN,NaN,2589,0.287,0,63.5,-8.062,0,25.644,293.153,NaN,NaN,NaN
62.278,373.109,-5.57,7.496,-0.055,NaN,NaN,2589,0.287,0,63.5,-8.062,0,25.219,293.153,NaN,NaN,NaN
62.564,371.514,-5.585,7.526,0.164,NaN,NaN,2589,0.287,0,63.5,-8.062,0,26.215,293.153,NaN,NaN,NaN
62.849,369.929,-5.538,7.151,-0.036,NaN,NaN,2589,0.287,0,63.5,-8.062,0,25.593,293.153,NaN,NaN,NaN
63.137,368.336,-5.549,7.453,-0.082,NaN,NaN,2589,0.287,0,63.5,-8.062,0,25.253,293.153,NaN,NaN,NaN
63.424,366.741,-5.572,7.644,-0.019,NaN,NaN,2589,0.287,0,63.5,-8.062,0,25.361,293.153,NaN,NaN,NaN
63.709,365.149,-5.578,7.527,0.016,NaN,NaN,2589,0.287,0,63.5,-8.062,0,25.49,293.153,NaN,NaN,NaN
63.994,363.559,-5.573,7.368,-0.016,NaN,NaN,2589,0.287,0,63.5,-8.062,0,25.363,293.153,NaN,NaN,NaN
64.28,361.967,-5.578,7.48,-0.015,NaN,NaN,2589,0.287,0,63.5,-8.062,0,25.324,293.153,NaN,NaN,NaN
64.565,360.376,-5.582,7.457,0.084,NaN,NaN,2589,0.287,0,63.5,-8.062,0,25.793,293.153,NaN,NaN,NaN
64.85,358.789,-5.558,7.688,-0.066,NaN,NaN,2589,0.287,0,63.5,-8.062,0,25.227,293.153,NaN,NaN,NaN
65.136,357.197,-5.577,7.595,0.033,NaN,NaN,2589,0.287,0,63.5,-8.062,0,25.565,293.153,NaN,NaN,NaN
65.421,355.608,-5.568,7.776,0.042,NaN,NaN,2589,0.287,0,63.5,-8.062,0,25.694,293.153,NaN,NaN,NaN
65.706,354.021,-5.556,8.034,-0.079,NaN,NaN,2589,0.287,0,63.5,-8.062,0,25.169,293.153,NaN,NaN,NaN
65.992,352.428,-5.578,8.12,-0.004,NaN,NaN,2589,0.287,0,63.5,-8.062,0,25.349,293.153,NaN,NaN,NaN
66.277,350.839,-5.58,8.121,0.002,NaN,NaN,2589,0.287,0,63.5,-8.062,0,25.365,293.153,NaN,NaN,NaN
66.562,349.25,-5.579,8.104,0.101,NaN,NaN,2589,0.287,0,63.5,-8.062,0,25.879,293.153,NaN,NaN,NaN
66.847,347.666,-5.551,7.797,-0.086,NaN,NaN,2589,0.287,0,63.5,-8.062,0,25.167,293.153,NaN,NaN,NaN
67.133,346.074,-5.575,7.91,0.172,NaN,NaN,2589,0.287,0,63.5,-8.062,0,26.285,293.153,NaN,NaN,NaN
67.418,344.493,-5.526,7.493,-0.017,NaN,NaN,2589,0.287,0,63.5,-8.062,0,25.744,293.153,NaN,NaN,NaN
67.705,342.904,-5.531,7.156,-0.099,NaN,NaN,2589,0.287,0,63.5,-8.062,0,25.265,293.153,NaN,NaN,NaN
67.992,341.313,-5.559,7.383,-0.053,NaN,NaN,2589,0.287,0,63.5,-8.062,0,25.24,293.153,NaN,NaN,NaN
68.278,339.723,-5.575,7.464,0.016,NaN,NaN,2589,0.287,0,63.5,-8.062,0,25.457,293.153,NaN,NaN,NaN
68.562,338.137,-5.57,7.585,0.01,NaN,NaN,2589,0.287,0,63.5,-8.062,0,25.465,293.153,NaN,NaN,NaN
68.847,336.551,-5.567,7.734,0.064,NaN,NaN,2589,0.287,0,63.5,-8.062,0,25.768,293.153,NaN,NaN,NaN
69.132,334.967,-5.549,7.456,-0.082,NaN,NaN,2589,0.287,0,63.5,-8.062,0,25.173,293.153,NaN,NaN,NaN
69.418,333.377,-5.572,7.391,0.044,NaN,NaN,2589,0.287,0,63.5,-8.062,0,25.611,293.153,NaN,NaN,NaN
69.703,331.793,-5.56,7.194,0.168,NaN,NaN,2589,0.287,0,63.5,-8.062,0,26.373,293.153,NaN,NaN,NaN
69.988,330.214,-5.512,6.787,-0.212,NaN,NaN,2589,0.287,0,63.5,-8.062,0,24.823,293.153,NaN,NaN,NaN
70.276,328.619,-5.573,6.885,0.001,NaN,NaN,2589,0.287,0,63.5,-8.062,0,25.372,293.153,NaN,NaN,NaN
70.56,327.034,-5.572,6.926,0.05,NaN,NaN,2589,0.287,0,63.5,-8.062,0,25.625,293.153,NaN,NaN,NaN
70.844,325.451,-5.558,6.747,-0.006,NaN,NaN,2589,0.287,0,63.5,-8.062,0,25.461,293.153,NaN,NaN,NaN
71.13,323.866,-5.56,6.903,0.109,NaN,NaN,2589,0.287,0,63.5,-8.062,0,26.042,293.153,NaN,NaN,NaN
71.415,322.286,-5.529,7.187,-0.134,NaN,NaN,2589,0.287,0,63.5,-8.062,0,25.055,293.153,NaN,NaN,NaN
71.701,320.696,-5.567,7.319,0.027,NaN,NaN,2589,0.287,0,63.5,-8.062,0,25.536,293.153,NaN,NaN,NaN
71.986,319.113,-5.559,7.482,-0.019,NaN,NaN,2589,0.287,0,63.5,-8.062,0,25.366,293.153,NaN,NaN,NaN
72.271,317.528,-5.565,7.365,-0.007,NaN,NaN,2589,0.287,0,63.5,-8.062,0,25.372,293.153,NaN,NaN,NaN
72.555,315.944,-5.567,7.458,0.017,NaN,NaN,2589,0.287,0,63.5,-8.062,0,25.475,293.153,NaN,NaN,NaN
72.84,314.362,-5.562,7.595,-0.021,NaN,NaN,2589,0.287,0,63.5,-8.062,0,25.316,293.153,NaN,NaN,NaN
73.124,312.778,-5.568,7.542,0.009,NaN,NaN,2589,0.287,0,63.5,-8.062,0,25.413,293.153,NaN,NaN,NaN
73.409,311.195,-5.566,7.633,0.01,NaN,NaN,2589,0.287,0,63.5,-8.062,0,25.439,293.153,NaN,NaN,NaN
73.693,309.613,-5.563,7.755,-0.009,NaN,NaN,2589,0.287,0,63.5,-8.062,0,25.36,293.153,NaN,NaN,NaN
73.977,308.03,-5.565,7.843,0.003,NaN,NaN,2589,0.287,0,63.5,-8.062,0,25.398,293.153,NaN,NaN,NaN
74.262,306.448,-5.564,7.937,-0.008,NaN,NaN,2589,0.287,0,63.5,-8.062,0,25.345,293.153,NaN,NaN,NaN
74.546,304.866,-5.567,7.898,0.003,NaN,NaN,2589,0.287,0,63.5,-8.062,0,25.375,293.153,NaN,NaN,NaN
74.83,303.284,-5.566,7.847,0.056,NaN,NaN,2589,0.287,0,63.5,-8.062,0,25.658,293.153,NaN,NaN,NaN
75.114,301.705,-5.55,7.623,-0.05,NaN,NaN,2589,0.287,0,63.5,-8.062,0,25.248,293.153,NaN,NaN,NaN
75.399,300.122,-5.564,7.562,0.021,NaN,NaN,2589,0.287,0,63.5,-8.062,0,25.483,293.153,NaN,NaN,NaN
75.683,298.542,-5.558,7.421,0.049,NaN,NaN,2589,0.287,0,63.5,-8.062,0,25.678,293.153,NaN,NaN,NaN
75.968,296.963,-5.544,7.643,-0.072,NaN,NaN,2589,0.287,0,63.5,-8.062,0,25.174,293.153,NaN,NaN,NaN
76.253,295.38,-5.565,7.662,0.005,NaN,NaN,2589,0.287,0,63.5,-8.062,0,25.383,293.153,NaN,NaN,NaN
76.537,293.8,-5.563,7.608,6.352e-4,NaN,NaN,2589,0.287,0,63.5,-8.062,0,25.369,293.153,NaN,NaN,NaN
76.821,292.22,-5.563,7.563,-0.001,NaN,NaN,2589,0.287,0,63.5,-8.062,0,25.358,293.153,NaN,NaN,NaN
77.105,290.64,-5.563,7.575,0.002,NaN,NaN,2589,0.287,0,63.5,-8.062,0,25.365,293.153,NaN,NaN,NaN
77.389,289.061,-5.563,7.561,0.011,NaN,NaN,2589,0.287,0,63.5,-8.062,0,25.413,293.153,NaN,NaN,NaN
77.672,287.482,-5.56,7.643,0.011,NaN,NaN,2589,0.287,0,63.5,-8.062,0,25.436,293.153,NaN,NaN,NaN
77.956,285.903,-5.557,7.524,-0.017,NaN,NaN,2589,0.287,0,63.5,-8.062,0,25.318,293.153,NaN,NaN,NaN
78.241,284.324,-5.562,7.51,0.026,NaN,NaN,2589,0.287,0,63.5,-8.062,0,25.492,293.153,NaN,NaN,NaN
78.524,282.746,-5.554,7.64,-0.023,NaN,NaN,2589,0.287,0,63.5,-8.062,0,25.302,293.153,NaN,NaN,NaN
78.809,281.167,-5.561,7.661,0.018,NaN,NaN,2589,0.287,0,63.5,-8.062,0,25.45,293.153,NaN,NaN,NaN
79.092,279.59,-5.556,7.546,0.072,NaN,NaN,2589,0.287,0,63.5,-8.062,0,25.776,293.153,NaN,NaN,NaN
79.376,278.015,-5.535,7.281,-0.084,NaN,NaN,2589,0.287,0,63.5,-8.062,0,25.147,293.153,NaN,NaN,NaN
79.661,276.434,-5.559,7.334,1.594e-4,NaN,NaN,2589,0.287,0,63.5,-8.062,0,25.361,293.153,NaN,NaN,NaN
79.945,274.856,-5.559,7.321,0.125,NaN,NaN,2589,0.287,0,63.5,-8.062,0,26.009,293.153,NaN,NaN,NaN
80.229,273.284,-5.524,7.595,-0.116,NaN,NaN,2589,0.287,0,63.5,-8.062,0,25.078,293.153,NaN,NaN,NaN
80.514,271.703,-5.557,7.55,0.065,NaN,NaN,2589,0.287,0,63.5,-8.062,0,25.709,293.153,NaN,NaN,NaN
80.798,270.129,-5.538,7.766,-0.061,NaN,NaN,2589,0.287,0,63.5,-8.062,0,25.219,293.153,NaN,NaN,NaN
81.083,268.55,-5.556,7.707,0.002,NaN,NaN,2589,0.287,0,63.5,-8.062,0,25.385,293.153,NaN,NaN,NaN
81.366,266.974,-5.555,7.781,-0.002,NaN,NaN,2589,0.287,0,63.5,-8.062,0,25.363,293.153,NaN,NaN,NaN
81.65,265.398,-5.556,7.731,-0.002,NaN,NaN,2589,0.287,0,63.5,-8.062,0,25.357,293.153,NaN,NaN,NaN
81.934,263.822,-5.556,7.746,0.011,NaN,NaN,2589,0.287,0,63.5,-8.062,0,25.415,293.153,NaN,NaN,NaN
82.217,262.247,-5.553,7.832,0.012,NaN,NaN,2589,0.287,0,63.5,-8.062,0,25.444,293.153,NaN,NaN,NaN
82.501,260.672,-5.55,7.957,-0.013,NaN,NaN,2589,0.287,0,63.5,-8.062,0,25.34,293.153,NaN,NaN,NaN
82.785,259.097,-5.553,7.892,0.087,NaN,NaN,2589,0.287,0,63.5,-8.062,0,25.822,293.153,NaN,NaN,NaN
83.068,257.526,-5.529,7.607,-0.015,NaN,NaN,2589,0.287,0,63.5,-8.062,0,25.515,293.153,NaN,NaN,NaN
83.353,255.951,-5.533,7.377,-0.028,NaN,NaN,2589,0.287,0,63.5,-8.062,0,25.404,293.153,NaN,NaN,NaN
83.637,254.375,-5.541,7.209,-0.041,NaN,NaN,2589,0.287,0,63.5,-8.062,0,25.258,293.153,NaN,NaN,NaN
83.921,252.799,-5.553,7.184,0.001,NaN,NaN,2589,0.287,0,63.5,-8.062,0,25.368,293.153,NaN,NaN,NaN
84.205,251.226,-5.553,7.216,0.033,NaN,NaN,2589,0.287,0,63.5,-8.062,0,25.529,293.153,NaN,NaN,NaN
84.488,249.654,-5.543,7.065,-0.029,NaN,NaN,2589,0.287,0,63.5,-8.062,0,25.292,293.153,NaN,NaN,NaN
84.772,248.079,-5.551,7.034,0.005,NaN,NaN,2589,0.287,0,63.5,-8.062,0,25.387,293.153,NaN,NaN,NaN
85.055,246.506,-5.55,7.09,-0.004,NaN,NaN,2589,0.287,0,63.5,-8.062,0,25.351,293.153,NaN,NaN,NaN
85.339,244.933,-5.551,7.099,0.002,NaN,NaN,2589,0.287,0,63.5,-8.062,0,25.368,293.153,NaN,NaN,NaN
85.622,243.361,-5.551,7.119,0.306,NaN,NaN,2589,0.287,0,63.5,-8.062,0,26.969,293.153,NaN,NaN,NaN
85.905,241.801,-5.464,7.527,-0.286,NaN,NaN,2589,0.287,0,63.5,-8.062,0,24.662,293.153,NaN,NaN,NaN
86.193,240.217,-5.546,7.696,0.002,NaN,NaN,2589,0.287,0,63.5,-8.062,0,25.403,293.153,NaN,NaN,NaN
86.477,238.645,-5.546,7.592,0.054,NaN,NaN,2589,0.287,0,63.5,-8.062,0,25.674,293.153,NaN,NaN,NaN
86.76,237.076,-5.53,7.361,-0.064,NaN,NaN,2589,0.287,0,63.5,-8.062,0,25.199,293.153,NaN,NaN,NaN
87.044,235.502,-5.548,7.344,0.013,NaN,NaN,2589,0.287,0,63.5,-8.062,0,25.429,293.153,NaN,NaN,NaN
87.327,233.931,-5.545,7.248,-0.006,NaN,NaN,2589,0.287,0,63.5,-8.062,0,25.36,293.153,NaN,NaN,NaN
87.611,232.36,-5.546,7.189,0.006,NaN,NaN,2589,0.287,0,63.5,-8.062,0,25.403,293.153,NaN,NaN,NaN
87.894,230.789,-5.545,7.269,0.011,NaN,NaN,2589,0.287,0,63.5,-8.062,0,25.441,293.153,NaN,NaN,NaN
88.177,229.219,-5.542,7.383,-0.018,NaN,NaN,2589,0.287,0,63.5,-8.062,0,25.313,293.153,NaN,NaN,NaN
88.46,227.648,-5.547,7.381,0.012,NaN,NaN,2589,0.287,0,63.5,-8.062,0,25.42,293.153,NaN,NaN,NaN
88.743,226.079,-5.543,7.465,-0.009,NaN,NaN,2589,0.287,0,63.5,-8.062,0,25.337,293.153,NaN,NaN,NaN
89.027,224.509,-5.546,7.472,0.003,NaN,NaN,2589,0.287,0,63.5,-8.062,0,25.371,293.153,NaN,NaN,NaN
89.31,222.939,-5.545,7.441,0.006,NaN,NaN,2589,0.287,0,63.5,-8.062,0,25.39,293.153,NaN,NaN,NaN
89.593,221.37,-5.543,7.502,-0.001,NaN,NaN,2589,0.287,0,63.5,-8.062,0,25.365,293.153,NaN,NaN,NaN
89.876,219.801,-5.544,7.457,0.023,NaN,NaN,2589,0.287,0,63.5,-8.062,0,25.485,293.153,NaN,NaN,NaN
90.159,218.233,-5.537,7.585,0.037,NaN,NaN,2589,0.287,0,63.5,-8.062,0,25.613,293.153,NaN,NaN,NaN
90.442,216.666,-5.527,7.793,-0.057,NaN,NaN,2589,0.287,0,63.5,-8.062,0,25.216,293.153,NaN,NaN,NaN
90.726,215.096,-5.543,7.838,0.034,NaN,NaN,2589,0.287,0,63.5,-8.062,0,25.536,293.153,NaN,NaN,NaN
91.009,213.529,-5.533,7.669,0.072,NaN,NaN,2589,0.287,0,63.5,-8.062,0,25.819,293.153,NaN,NaN,NaN
91.292,211.964,-5.513,7.376,0.025,NaN,NaN,2589,0.287,0,63.5,-8.062,0,25.76,293.153,NaN,NaN,NaN
91.576,210.397,-5.506,7.077,-0.061,NaN,NaN,2589,0.287,0,63.5,-8.062,0,25.373,293.153,NaN,NaN,NaN
91.861,208.828,-5.523,6.893,-0.062,NaN,NaN,2589,0.287,0,63.5,-8.062,0,25.207,293.153,NaN,NaN,NaN
92.145,207.258,-5.541,6.874,0.004,NaN,NaN,2589,0.287,0,63.5,-8.062,0,25.385,293.153,NaN,NaN,NaN
92.427,205.691,-5.54,6.924,0.016,NaN,NaN,2589,0.287,0,63.5,-8.062,0,25.454,293.153,NaN,NaN,NaN
92.71,204.125,-5.535,7.027,0.057,NaN,NaN,2589,0.287,0,63.5,-8.062,0,25.704,293.153,NaN,NaN,NaN
92.993,202.561,-5.519,7.233,-0.002,NaN,NaN,2589,0.287,0,63.5,-8.062,0,25.541,293.153,NaN,NaN,NaN
93.277,200.995,-5.52,7.456,0.095,NaN,NaN,2589,0.287,0,63.5,-8.062,0,26.038,293.153,NaN,NaN,NaN
93.561,199.433,-5.493,7.794,-0.14,NaN,NaN,2589,0.287,0,63.5,-8.062,0,25.059,293.153,NaN,NaN,NaN
93.846,197.861,-5.532,7.958,0.033,NaN,NaN,2589,0.287,0,63.5,-8.062,0,25.588,293.153,NaN,NaN,NaN
94.129,196.297,-5.523,7.743,0.007,NaN,NaN,2589,0.287,0,63.5,-8.062,0,25.532,293.153,NaN,NaN,NaN
94.412,194.732,-5.521,7.529,-0.054,NaN,NaN,2589,0.287,0,63.5,-8.062,0,25.233,293.153,NaN,NaN,NaN
94.696,193.165,-5.536,7.485,0.004,NaN,NaN,2589,0.287,0,63.5,-8.062,0,25.387,293.153,NaN,NaN,NaN
94.978,191.6,-5.535,7.417,-9.789e-4,NaN,NaN,2589,0.287,0,63.5,-8.062,0,25.369,293.153,NaN,NaN,NaN
95.261,190.035,-5.536,7.47,-0.002,NaN,NaN,2589,0.287,0,63.5,-8.062,0,25.355,293.153,NaN,NaN,NaN
95.544,188.471,-5.536,7.475,0.002,NaN,NaN,2589,0.287,0,63.5,-8.062,0,25.365,293.153,NaN,NaN,NaN
95.826,186.907,-5.536,7.482,0.026,NaN,NaN,2589,0.287,0,63.5,-8.062,0,25.493,293.153,NaN,NaN,NaN
96.109,185.344,-5.529,7.345,-0.022,NaN,NaN,2589,0.287,0,63.5,-8.062,0,25.305,293.153,NaN,NaN,NaN
96.391,183.78,-5.535,7.374,0.069,NaN,NaN,2589,0.287,0,63.5,-8.062,0,25.72,293.153,NaN,NaN,NaN
96.674,182.219,-5.515,7.582,-0.036,NaN,NaN,2589,0.287,0,63.5,-8.062,0,25.347,293.153,NaN,NaN,NaN
96.957,180.654,-5.526,7.742,-0.011,NaN,NaN,2589,0.287,0,63.5,-8.062,0,25.382,293.153,NaN,NaN,NaN
97.24,179.091,-5.529,7.625,3.93e-4,NaN,NaN,2589,0.287,0,63.5,-8.062,0,25.408,293.153,NaN,NaN,NaN
97.523,177.528,-5.529,7.741,0.007,NaN,NaN,2589,0.287,0,63.5,-8.062,0,25.438,293.153,NaN,NaN,NaN
97.805,175.966,-5.527,7.874,0.037,NaN,NaN,2589,0.287,0,63.5,-8.062,0,25.608,293.153,NaN,NaN,NaN
98.088,174.405,-5.516,8.086,-0.056,NaN,NaN,2589,0.287,0,63.5,-8.062,0,25.217,293.153,NaN,NaN,NaN
98.371,172.841,-5.532,8.075,0.013,NaN,NaN,2589,0.287,0,63.5,-8.062,0,25.424,293.153,NaN,NaN,NaN
98.654,171.28,-5.529,8.171,-0.008,NaN,NaN,2589,0.287,0,63.5,-8.062,0,25.345,293.153,NaN,NaN,NaN
98.936,169.718,-5.531,8.131,0.004,NaN,NaN,2589,0.287,0,63.5,-8.062,0,25.382,293.153,NaN,NaN,NaN
99.218,168.157,-5.53,8.069,0.278,NaN,NaN,2589,0.287,0,63.5,-8.062,0,26.83,293.153,NaN,NaN,NaN
99.501,166.607,-5.451,7.527,-0.278,NaN,NaN,2589,0.287,0,63.5,-8.062,0,24.643,293.153,NaN,NaN,NaN
99.787,165.034,-5.531,7.571,0.042,NaN,NaN,2589,0.287,0,63.5,-8.062,0,25.571,293.153,NaN,NaN,NaN
100.069,163.475,-5.519,7.395,-0.035,NaN,NaN,2589,0.287,0,63.5,-8.062,0,25.274,293.153,NaN,NaN,NaN
100.352,161.914,-5.529,7.44,0.01,NaN,NaN,2589,0.287,0,63.5,-8.062,0,25.414,293.153,NaN,NaN,NaN
100.634,160.354,-5.526,7.353,-0.009,NaN,NaN,2589,0.287,0,63.5,-8.062,0,25.339,293.153,NaN,NaN,NaN
100.916,158.794,-5.529,7.364,0.067,NaN,NaN,2589,0.287,0,63.5,-8.062,0,25.708,293.153,NaN,NaN,NaN
101.198,157.237,-5.51,7.568,-0.059,NaN,NaN,2589,0.287,0,63.5,-8.062,0,25.225,293.153,NaN,NaN,NaN
101.481,155.675,-5.526,7.514,-5.79e-5,NaN,NaN,2589,0.287,0,63.5,-8.062,0,25.372,293.153,NaN,NaN,NaN
101.981,152.912,-5.526,7.614,-0.001,NaN,NaN,2589,0.287,0,63.5,-8.062,0,25.36,293.153,NaN,NaN,NaN
102.264,151.353,-5.526,7.591,9.634e-4,NaN,NaN,2589,0.287,0,63.5,-8.062,0,25.364,293.153,NaN,NaN,NaN
102.546,149.794,-5.526,7.578,0.01,NaN,NaN,2589,0.287,0,63.5,-8.062,0,25.411,293.153,NaN,NaN,NaN
102.828,148.236,-5.523,7.657,0.014,NaN,NaN,2589,0.287,0,63.5,-8.062,0,25.452,293.153,NaN,NaN,NaN
103.11,146.679,-5.519,7.782,0.028,NaN,NaN,2589,0.287,0,63.5,-8.062,0,25.558,293.153,NaN,NaN,NaN
103.392,145.122,-5.512,7.585,0.013,NaN,NaN,2589,0.287,0,63.5,-8.062,0,25.552,293.153,NaN,NaN,NaN
103.675,143.565,-5.508,7.374,-0.052,NaN,NaN,2589,0.287,0,63.5,-8.062,0,25.242,293.153,NaN,NaN,NaN
103.957,142.005,-5.523,7.451,-0.004,NaN,NaN,2589,0.287,0,63.5,-8.062,0,25.355,293.153,NaN,NaN,NaN
104.239,140.448,-5.524,7.479,0.064,NaN,NaN,2589,0.287,0,63.5,-8.062,0,25.694,293.153,NaN,NaN,NaN
104.521,138.893,-5.505,7.684,1.314e-4,NaN,NaN,2589,0.287,0,63.5,-8.062,0,25.524,293.153,NaN,NaN,NaN
104.804,137.336,-5.505,7.906,-7.093e-5,NaN,NaN,2589,0.287,0,63.5,-8.062,0,25.519,293.153,NaN,NaN,NaN
105.304,134.584,-5.505,7.522,0.044,NaN,NaN,2589,0.287,0,63.5,-8.062,0,25.742,293.153,NaN,NaN,NaN
105.587,133.029,-5.493,7.243,-0.08,NaN,NaN,2589,0.287,0,63.5,-8.062,0,25.207,293.153,NaN,NaN,NaN
105.87,131.47,-5.516,7.378,-0.019,NaN,NaN,2589,0.287,0,63.5,-8.062,0,25.314,293.153,NaN,NaN,NaN
106.152,129.914,-5.521,7.368,0.001,NaN,NaN,2589,0.287,0,63.5,-8.062,0,25.366,293.153,NaN,NaN,NaN
106.434,128.358,-5.521,7.381,0.046,NaN,NaN,2589,0.287,0,63.5,-8.062,0,25.595,293.153,NaN,NaN,NaN
106.715,126.805,-5.508,7.198,-0.042,NaN,NaN,2589,0.287,0,63.5,-8.062,0,25.253,293.153,NaN,NaN,NaN
106.998,125.248,-5.52,7.225,0.01,NaN,NaN,2589,0.287,0,63.5,-8.062,0,25.412,293.153,NaN,NaN,NaN
107.279,123.694,-5.517,7.301,0.069,NaN,NaN,2589,0.287,0,63.5,-8.062,0,25.742,293.153,NaN,NaN,NaN
107.561,122.142,-5.497,7.521,-0.068,NaN,NaN,2589,0.287,0,63.5,-8.062,0,25.207,293.153,NaN,NaN,NaN
107.844,120.585,-5.516,7.611,0.009,NaN,NaN,2589,0.287,0,63.5,-8.062,0,25.426,293.153,NaN,NaN,NaN
108.126,119.031,-5.514,7.717,0.011,NaN,NaN,2589,0.287,0,63.5,-8.062,0,25.456,293.153,NaN,NaN,NaN
108.407,117.478,-5.511,7.855,-0.015,NaN,NaN,2589,0.287,0,63.5,-8.062,0,25.346,293.153,NaN,NaN,NaN
108.689,115.924,-5.515,7.774,-0.005,NaN,NaN,2589,0.287,0,63.5,-8.062,0,25.354,293.153,NaN,NaN,NaN
108.971,114.37,-5.516,7.817,5.396e-4,NaN,NaN,2589,0.287,0,63.5,-8.062,0,25.366,293.153,NaN,NaN,NaN
109.253,112.817,-5.516,7.785,0.009,NaN,NaN,2589,0.287,0,63.5,-8.062,0,25.406,293.153,NaN,NaN,NaN
109.534,111.264,-5.514,7.703,0.082,NaN,NaN,2589,0.287,0,63.5,-8.062,0,25.808,293.153,NaN,NaN,NaN
109.816,109.715,-5.491,7.427,-0.061,NaN,NaN,2589,0.287,0,63.5,-8.062,0,25.273,293.153,NaN,NaN,NaN
110.098,108.16,-5.508,7.304,0.004,NaN,NaN,2589,0.287,0,63.5,-8.062,0,25.449,293.153,NaN,NaN,NaN
110.38,106.608,-5.507,7.164,-0.023,NaN,NaN,2589,0.287,0,63.5,-8.062,0,25.313,293.153,NaN,NaN,NaN
110.662,105.055,-5.513,7.223,0.018,NaN,NaN,2589,0.287,0,63.5,-8.062,0,25.463,293.153,NaN,NaN,NaN
110.944,103.504,-5.508,7.103,-0.019,NaN,NaN,2589,0.287,0,63.5,-8.062,0,25.313,293.153,NaN,NaN,NaN
111.225,101.952,-5.514,7.094,0.037,NaN,NaN,2589,0.287,0,63.5,-8.062,0,25.552,293.153,NaN,NaN,NaN
111.507,100.402,-5.503,7.238,-0.034,NaN,NaN,2589,0.287,0,63.5,-8.062,0,25.277,293.153,NaN,NaN,NaN
111.788,98.85,-5.513,7.27,0.031,NaN,NaN,2589,0.287,0,63.5,-8.062,0,25.522,293.153,NaN,NaN,NaN
112.07,97.301,-5.504,7.408,-0.002,NaN,NaN,2589,0.287,0,63.5,-8.062,0,25.425,293.153,NaN,NaN,NaN
112.351,95.75,-5.504,7.274,0.03,NaN,NaN,2589,0.287,0,63.5,-8.062,0,25.584,293.153,NaN,NaN,NaN
112.633,94.201,-5.496,7.463,-0.025,NaN,NaN,2589,0.287,0,63.5,-8.062,0,25.369,293.153,NaN,NaN,NaN
112.915,92.65,-5.503,7.328,0.059,NaN,NaN,2589,0.287,0,63.5,-8.062,0,25.737,293.153,NaN,NaN,NaN
113.197,91.102,-5.487,7.077,-0.065,NaN,NaN,2589,0.287,0,63.5,-8.062,0,25.241,293.153,NaN,NaN,NaN
113.479,89.55,-5.505,7.2,0.056,NaN,NaN,2589,0.287,0,63.5,-8.062,0,25.696,293.153,NaN,NaN,NaN
113.761,88.003,-5.489,7.411,-0.071,NaN,NaN,2589,0.287,0,63.5,-8.062,0,25.181,293.153,NaN,NaN,NaN
114.043,86.451,-5.509,7.404,0.002,NaN,NaN,2589,0.287,0,63.5,-8.062,0,25.369,293.153,NaN,NaN,NaN
114.324,84.902,-5.509,7.428,0.048,NaN,NaN,2589,0.287,0,63.5,-8.062,0,25.609,293.153,NaN,NaN,NaN
114.605,83.356,-5.495,7.603,-0.041,NaN,NaN,2589,0.287,0,63.5,-8.062,0,25.265,293.153,NaN,NaN,NaN
114.887,81.806,-5.507,7.556,-9.253e-4,NaN,NaN,2589,0.287,0,63.5,-8.062,0,25.364,293.153,NaN,NaN,NaN
115.168,80.258,-5.507,7.521,0.029,NaN,NaN,2589,0.287,0,63.5,-8.062,0,25.513,293.153,NaN,NaN,NaN
115.449,78.711,-5.499,7.371,0.091,NaN,NaN,2589,0.287,0,63.5,-8.062,0,25.907,293.153,NaN,NaN,NaN
115.73,77.167,-5.473,7.069,-0.081,NaN,NaN,2589,0.287,0,63.5,-8.062,0,25.248,293.153,NaN,NaN,NaN
116.013,75.616,-5.496,6.939,-0.035,NaN,NaN,2589,0.287,0,63.5,-8.062,0,25.272,293.153,NaN,NaN,NaN
116.295,74.068,-5.506,6.943,0.027,NaN,NaN,2589,0.287,0,63.5,-8.062,0,25.5,293.153,NaN,NaN,NaN
116.576,72.522,-5.498,7.061,0.029,NaN,NaN,2589,0.287,0,63.5,-8.062,0,25.577,293.153,NaN,NaN,NaN
116.857,70.976,-5.49,7.24,-0.039,NaN,NaN,2589,0.287,0,63.5,-8.062,0,25.294,293.153,NaN,NaN,NaN
117.139,69.428,-5.501,7.157,-0.007,NaN,NaN,2589,0.287,0,63.5,-8.062,0,25.357,293.153,NaN,NaN,NaN
117.42,67.882,-5.503,7.213,-0.003,NaN,NaN,2589,0.287,0,63.5,-8.062,0,25.356,293.153,NaN,NaN,NaN
117.701,66.336,-5.504,7.229,0.002,NaN,NaN,2589,0.287,0,63.5,-8.062,0,25.37,293.153,NaN,NaN,NaN
117.981,64.79,-5.503,7.203,0.013,NaN,NaN,2589,0.287,0,63.5,-8.062,0,25.43,293.153,NaN,NaN,NaN
118.262,63.245,-5.499,7.292,-0.01,NaN,NaN,2589,0.287,0,63.5,-8.062,0,25.34,293.153,NaN,NaN,NaN
118.543,61.699,-5.502,7.325,0.002,NaN,NaN,2589,0.287,0,63.5,-8.062,0,25.372,293.153,NaN,NaN,NaN
118.824,60.155,-5.502,7.288,3.893e-5,NaN,NaN,2589,0.287,0,63.5,-8.062,0,25.363,293.153,NaN,NaN,NaN
119.324,57.404,-5.502,7.321,0.071,NaN,NaN,2589,0.287,0,63.5,-8.062,0,25.727,293.153,NaN,NaN,NaN
119.605,55.862,-5.482,7.528,-0.066,NaN,NaN,2589,0.287,0,63.5,-8.062,0,25.195,293.153,NaN,NaN,NaN
119.886,54.315,-5.5,7.575,0.043,NaN,NaN,2589,0.287,0,63.5,-8.062,0,25.584,293.153,NaN,NaN,NaN
120.167,52.773,-5.488,7.391,0.188,NaN,NaN,2589,0.287,0,63.5,-8.062,0,26.455,293.153,NaN,NaN,NaN
120.448,51.237,-5.435,6.954,-0.225,NaN,NaN,2589,0.287,0,63.5,-8.062,0,24.784,293.153,NaN,NaN,NaN
120.732,49.684,-5.499,6.973,0.094,NaN,NaN,2589,0.287,0,63.5,-8.062,0,25.847,293.153,NaN,NaN,NaN
121.013,48.145,-5.473,7.195,-0.043,NaN,NaN,2589,0.287,0,63.5,-8.062,0,25.373,293.153,NaN,NaN,NaN
121.295,46.6,-5.485,7.383,-0.045,NaN,NaN,2589,0.287,0,63.5,-8.062,0,25.25,293.153,NaN,NaN,NaN
121.576,45.056,-5.498,7.363,0.008,NaN,NaN,2589,0.287,0,63.5,-8.062,0,25.405,293.153,NaN,NaN,NaN
121.857,43.514,-5.495,7.287,-0.005,NaN,NaN,2589,0.287,0,63.5,-8.062,0,25.351,293.153,NaN,NaN,NaN
122.137,41.971,-5.497,7.26,2.562e-4,NaN,NaN,2589,0.287,0,63.5,-8.062,0,25.363,293.153,NaN,NaN,NaN
122.418,40.429,-5.497,7.26,0.015,NaN,NaN,2589,0.287,0,63.5,-8.062,0,25.437,293.153,NaN,NaN,NaN
122.698,38.888,-5.493,7.352,-0.012,NaN,NaN,2589,0.287,0,63.5,-8.062,0,25.333,293.153,NaN,NaN,NaN
122.979,37.346,-5.496,7.372,0.003,NaN,NaN,2589,0.287,0,63.5,-8.062,0,25.372,293.153,NaN,NaN,NaN
123.259,35.805,-5.495,7.34,1.549e-4,NaN,NaN,2589,0.287,0,63.5,-8.062,0,25.363,293.153,NaN,NaN,NaN
123.54,34.264,-5.495,7.33,0.011,NaN,NaN,2589,0.287,0,63.5,-8.062,0,25.416,293.153,NaN,NaN,NaN
123.82,32.723,-5.492,7.409,0.007,NaN,NaN,2589,0.287,0,63.5,-8.062,0,25.418,293.153,NaN,NaN,NaN
124.101,31.183,-5.49,7.306,-0.01,NaN,NaN,2589,0.287,0,63.5,-8.062,0,25.346,293.153,NaN,NaN,NaN
124.381,29.642,-5.493,7.357,0.049,NaN,NaN,2589,0.287,0,63.5,-8.062,0,25.622,293.153,NaN,NaN,NaN
124.662,28.104,-5.479,7.537,-0.037,NaN,NaN,2589,0.287,0,63.5,-8.062,0,25.3,293.153,NaN,NaN,NaN
124.943,26.563,-5.49,7.641,0.022,NaN,NaN,2589,0.287,0,63.5,-8.062,0,25.505,293.153,NaN,NaN,NaN
125.223,25.024,-5.483,7.481,-0.011,NaN,NaN,2589,0.287,0,63.5,-8.062,0,25.388,293.153,NaN,NaN,NaN
125.504,23.484,-5.486,7.362,-0.01,NaN,NaN,2589,0.287,0,63.5,-8.062,0,25.361,293.153,NaN,NaN,NaN
125.785,21.945,-5.489,7.284,0.033,NaN,NaN,2589,0.287,0,63.5,-8.062,0,25.556,293.153,NaN,NaN,NaN
126.065,20.407,-5.48,7.446,-0.01,NaN,NaN,2589,0.287,0,63.5,-8.062,0,25.412,293.153,NaN,NaN,NaN
126.346,18.868,-5.483,7.595,0.013,NaN,NaN,2589,0.287,0,63.5,-8.062,0,25.502,293.153,NaN,NaN,NaN
126.626,17.33,-5.479,7.769,-0.022,NaN,NaN,2589,0.287,0,63.5,-8.062,0,25.35,293.153,NaN,NaN,NaN
126.907,15.791,-5.485,7.89,-0.006,NaN,NaN,2589,0.287,0,63.5,-8.062,0,25.374,293.153,NaN,NaN,NaN
127.187,14.252,-5.487,7.801,-0.002,NaN,NaN,2589,0.287,0,63.5,-8.062,0,25.376,293.153,NaN,NaN,NaN
127.468,12.715,-5.487,7.876,0.038,NaN,NaN,2589,0.287,0,63.5,-8.062,0,25.572,293.153,NaN,NaN,NaN
127.748,11.178,-5.477,7.684,0.043,NaN,NaN,2589,0.287,0,63.5,-8.062,0,25.694,293.153,NaN,NaN,NaN
128.029,9.643,-5.465,7.424,0.156,NaN,NaN,2589,0.287,0,63.5,-8.062,0,26.4,293.153,NaN,NaN,NaN
128.31,8.112,-5.421,6.982,-0.181,NaN,NaN,2589,0.287,0,63.5,-8.062,0,25.042,293.153,NaN,NaN,NaN
128.593,6.568,-5.472,6.84,-0.034,NaN,NaN,2589,0.287,0,63.5,-8.062,0,25.328,293.153,NaN,NaN,NaN
128.874,5.03,-5.482,6.742,-0.008,NaN,NaN,2589,0.287,0,63.5,-8.062,0,25.371,293.153,NaN,NaN,NaN
129.155,3.493,-5.484,6.82,0.077,NaN,NaN,2589,0.287,0,63.5,-8.062,0,25.789,293.153,NaN,NaN,NaN
129.435,1.96,-5.462,7.029,-0.062,NaN,NaN,2589,0.287,0,63.5,-8.062,0,25.262,293.153,NaN,NaN,NaN
129.793,0,-5.484,7.2,0.004,NaN,NaN,2589,0.287,0,63.5,-8.062,0,25.396,293.153,NaN,0.18,NaN
