# Time (s),Vertical velocity (m/s),Total velocity (m/s),Angle of attack (°),Roll rate (°/s),Mass (g),Longitudinal moment of inertia (kg·m²),CP location (cm),CG location (cm),Stability margin calibers (​),Thrust (N),Drag force (N),Drag coefficient (​),Normal force coefficient (​),Damping moment coefficient (​),Corrective moment Coefficient ()
0,0,0,90,0,2943.655,0.327,NaN,67.547,NaN,0,0,0.657,NaN,NaN,NaN
0.01,0.282,0.282,87.017,0,2942.564,0.327,NaN,67.536,NaN,213.993,1.906e-5,0.657,NaN,NaN,NaN
0.016,0.79,0.79,81.683,0,2941.91,0.327,NaN,67.529,NaN,342.389,3.962e-4,0.656,NaN,0.153,NaN
0.025,1.731,1.731,72.241,0,2940.078,0.326,NaN,67.511,NaN,329.629,0.004,0.653,NaN,0.138,NaN
0.035,2.73,2.73,63.175,0,2938.042,0.326,NaN,67.49,NaN,315.452,0.013,0.647,NaN,0.155,NaN
0.045,3.682,3.682,55.695,0,2936.005,0.326,NaN,67.469,NaN,301.274,0.027,0.641,NaN,0.16,NaN
0.048,3.958,3.958,53.737,0,2935.395,0.326,NaN,67.463,NaN,297.021,0.033,0.639,NaN,0.169,NaN
0.052,4.37,4.37,50.947,0,2934.516,0.326,NaN,67.454,NaN,298.388,0.042,0.636,NaN,0.186,NaN
0.059,4.993,4.993,47.052,0,2933.198,0.326,NaN,67.441,NaN,300.439,0.058,0.632,NaN,0.303,NaN
0.069,5.925,5.925,41.978,0,2931.245,0.326,NaN,67.421,NaN,303.477,0.086,0.625,NaN,0.326,NaN
0.079,6.867,6.867,37.644,0,2929.293,0.325,NaN,67.401,NaN,306.515,0.119,0.619,NaN,0.349,NaN
0.089,7.821,7.821,33.941,0,2927.34,0.325,NaN,67.381,NaN,309.552,0.156,0.613,NaN,0.373,NaN
0.099,8.785,8.785,30.765,0,2925.387,0.325,NaN,67.362,NaN,312.59,0.198,0.607,NaN,0.404,NaN
0.111,9.932,9.932,27.722,0,2923.093,0.325,NaN,67.338,NaN,316.16,0.253,0.601,NaN,0.431,NaN
0.121,10.918,10.918,25.519,0,2921.041,0.325,NaN,67.317,NaN,318.104,0.303,0.596,NaN,0.453,NaN
0.13,11.828,11.828,23.755,0,2919.162,0.324,NaN,67.298,NaN,319.884,0.355,0.596,NaN,0.476,NaN
0.139,12.673,12.673,22.308,0,2917.427,0.324,NaN,67.28,NaN,321.527,0.406,0.596,NaN,0.498,NaN
0.147,13.467,13.467,21.092,0,2915.808,0.324,NaN,67.263,NaN,323.061,0.456,0.596,NaN,0.519,NaN
0.154,14.218,14.218,20.001,0,2914.284,0.324,76.647,67.248,1.194,324.504,0.505,0.596,6.393,0.549,1
0.165,15.351,15.351,18.413,0,2911.999,0.324,77.03,67.224,1.245,326.669,0.582,0.596,5.732,0.571,1.185
0.173,16.164,16.164,17.391,0,2910.371,0.323,77.293,67.208,1.281,328.211,0.639,0.596,5.319,0.604,1.327
0.185,17.387,17.387,16.005,0,2907.887,0.323,77.672,67.182,1.332,327.92,0.727,0.596,4.775,0.651,1.558
0.202,19.143,19.143,14.31,0,2904.316,0.323,78.174,67.145,1.401,327.502,0.857,0.596,4.136,0.727,1.924
0.228,21.769,21.769,12.548,0,2899.005,0.322,78.746,67.09,1.48,325.345,1.066,0.596,3.503,0.826,2.54
0.261,25.159,25.16,10.79,0,2892.103,0.322,79.371,67.018,1.569,322.54,1.364,0.596,2.905,0.926,3.467
0.294,28.501,28.502,9.502,0,2885.384,0.321,79.868,66.948,1.641,317.697,1.694,0.597,2.488,1.002,4.526
0.323,31.39,31.39,7.909,0,2879.493,0.32,80.53,66.886,1.733,313.449,1.969,0.597,1.999,1.028,5.594
0.334,32.429,32.43,7.318,0,2877.354,0.32,80.791,66.863,1.769,311.907,2.068,0.597,1.824,1.066,6.011
0.35,33.984,33.985,6.46,0,2874.206,0.32,81.184,66.83,1.823,311.77,2.221,0.597,1.578,1.128,6.667
0.374,36.317,36.317,5.473,0,2869.484,0.319,81.661,66.78,1.89,311.564,2.477,0.597,1.305,1.204,7.706
0.404,39.316,39.316,4.232,0,2863.41,0.319,82.3,66.715,1.979,311.299,2.826,0.598,0.979,1.284,9.169
0.438,42.619,42.62,2.879,-3.022e-7,2856.715,0.318,83.048,66.644,2.083,311.007,3.243,0.598,0.643,1.384,10.951
0.481,46.781,46.785,1.324,0,2848.261,0.317,83.984,66.553,2.214,310.638,3.841,0.599,0.283,1.423,13.446
0.498,48.457,48.463,0.732,0,2844.85,0.317,84.363,66.517,2.267,310.489,4.108,0.599,0.154,1.491,14.531
0.524,50.963,50.975,0.314,0,2839.762,0.316,84.642,66.462,2.309,309.961,4.538,0.599,0.065,1.638,16.186
0.563,54.699,54.726,1.686,0,2832.13,0.315,83.777,66.379,2.21,309.17,5.274,0.6,0.365,1.782,18.556
0.602,58.473,58.525,2.687,7.504e-7,2824.355,0.315,83.191,66.294,2.146,308.363,6.108,0.6,0.598,1.854,21.183
0.623,60.487,60.558,2.945,8.179e-7,2820.199,0.314,83.048,66.248,2.134,308.217,6.572,0.601,0.66,1.915,22.707
0.641,62.211,62.3,3.084,8.286e-7,2816.629,0.314,82.974,66.209,2.129,308.092,6.978,0.601,0.694,1.968,24.074
0.658,63.767,63.876,3.186,7.105e-7,2813.4,0.313,82.921,66.173,2.127,307.979,7.352,0.601,0.719,2.017,25.352
0.673,65.2,65.328,3.261,7.709e-7,2810.421,0.313,82.883,66.141,2.126,307.874,7.703,0.601,0.738,2.061,26.564
0.687,66.535,66.682,3.272,7.7e-7,2807.641,0.313,82.88,66.11,2.13,307.777,8.03,0.602,0.74,2.101,27.735
0.701,67.809,67.977,3.229,9.123e-7,2804.983,0.312,82.908,66.08,2.137,307.683,8.343,0.602,0.73,2.113,28.891
0.705,68.208,68.383,3.209,9.132e-7,2804.15,0.312,82.921,66.071,2.14,307.654,8.441,0.602,0.725,2.132,29.26
0.711,68.808,68.992,3.168,8.956e-7,2802.895,0.312,82.945,66.057,2.145,307.84,8.587,0.602,0.715,2.158,29.821
0.721,69.707,69.907,3.085,8.899e-7,2801.014,0.312,82.994,66.036,2.154,308.12,8.807,0.602,0.695,2.193,30.68
0.734,70.93,71.151,2.931,7.568e-7,2798.46,0.312,83.085,66.008,2.169,308.499,9.105,0.603,0.658,2.227,31.879
0.747,72.171,72.414,2.729,7.206e-7,2795.872,0.312,83.205,65.979,2.188,308.883,9.406,0.603,0.609,2.26,33.133
0.761,73.458,73.724,2.461,8.172e-7,2793.196,0.311,83.364,65.949,2.212,309.28,9.718,0.603,0.546,2.294,34.477
0.775,74.835,75.125,2.126,8.5e-7,2790.34,0.311,83.565,65.917,2.241,309.704,10.053,0.603,0.467,2.329,35.96
0.791,76.374,76.691,1.708,8.703e-7,2787.161,0.311,83.822,65.881,2.279,310.176,10.434,0.604,0.371,2.352,37.671
0.802,77.396,77.73,1.412,8.08e-7,2785.056,0.31,84.008,65.858,2.305,310.489,10.693,0.604,0.305,2.385,38.837
0.818,78.934,79.292,0.961,7.17e-7,2781.884,0.31,84.297,65.822,2.346,310.489,11.095,0.604,0.205,2.432,40.631
0.842,81.247,81.638,0.262,4.677e-7,2777.126,0.309,84.759,65.768,2.412,310.489,11.735,0.605,0.055,2.561,43.422
0.878,84.73,85.162,0.811,0,2769.989,0.309,84.412,65.687,2.378,310.489,12.802,0.606,0.172,2.656,47.337
0.902,87.035,87.487,1.4,0,2765.281,0.308,84.048,65.633,2.339,310.489,13.568,0.606,0.302,2.719,49.953
0.919,88.692,89.154,1.681,3.683e-7,2761.923,0.308,83.881,65.595,2.322,309.747,14.126,0.607,0.366,2.768,51.921
0.933,90.025,90.495,1.84,0,2759.213,0.307,83.789,65.564,2.315,309.148,14.578,0.607,0.402,2.808,53.557
0.945,91.208,91.683,1.926,0,2756.806,0.307,83.742,65.536,2.312,308.616,14.977,0.607,0.422,2.846,55.048
0.957,92.306,92.786,1.985,0,2754.566,0.307,83.711,65.511,2.311,308.121,15.353,0.608,0.436,2.88,56.46
0.967,93.344,93.828,2.015,0,2752.445,0.307,83.696,65.486,2.313,307.652,15.71,0.608,0.443,2.911,57.823
0.978,94.34,94.828,2.002,0,2750.405,0.307,83.708,65.463,2.317,307.202,16.049,0.608,0.44,2.94,59.163
0.988,95.317,95.809,1.948,0,2748.4,0.306,83.745,65.439,2.325,306.759,16.379,0.608,0.428,2.972,60.509
1,96.466,96.963,1.833,4.099e-7,2746.035,0.306,83.818,65.412,2.338,306.236,16.762,0.609,0.402,2.998,62.134
1.011,97.487,97.988,1.679,4.164e-7,2743.927,0.306,83.916,65.388,2.353,310.754,17.098,0.609,0.366,3.024,63.618
1.022,98.596,99.103,1.475,4.347e-7,2741.675,0.306,84.046,65.361,2.373,315.582,17.463,0.609,0.32,3.031,65.266
1.025,98.894,99.403,1.414,4.376e-7,2741.074,0.305,84.085,65.354,2.379,316.869,17.562,0.609,0.306,3.041,65.716
1.03,99.342,99.854,1.318,4.339e-7,2740.169,0.305,84.146,65.344,2.388,315.763,17.711,0.609,0.285,3.055,66.397
1.036,100.01,100.526,1.166,4.377e-7,2738.812,0.305,84.245,65.328,2.402,314.103,17.934,0.61,0.251,3.076,67.425
1.047,101.003,101.527,0.92,5.665e-7,2736.775,0.305,84.404,65.304,2.426,311.614,18.271,0.61,0.197,3.094,68.979
1.057,102.006,102.538,0.626,4.564e-7,2734.696,0.305,84.598,65.28,2.453,309.072,18.616,0.61,0.133,3.12,70.591
1.073,103.498,104.045,0.151,4.231e-7,2731.619,0.304,84.916,65.244,2.498,308.814,19.149,0.611,0.032,3.207,73.046
1.096,105.721,106.298,0.533,5.193e-7,2727.005,0.304,84.674,65.19,2.475,308.427,20.011,0.611,0.113,3.224,76.358
1.1,106.087,106.67,0.637,5.167e-7,2726.242,0.304,84.608,65.181,2.467,308.363,20.16,0.611,0.135,3.248,76.896
1.106,106.637,107.228,0.769,5.098e-7,2725.081,0.304,84.525,65.168,2.458,309.739,20.387,0.612,0.164,3.282,77.719
1.115,107.465,108.07,0.951,5.459e-7,2723.341,0.303,84.413,65.147,2.447,311.802,20.735,0.612,0.204,3.333,78.977
1.128,108.716,109.344,1.18,0,2720.73,0.303,84.274,65.116,2.433,314.897,21.267,0.612,0.255,3.376,80.921
1.139,109.809,110.457,1.328,0,2718.468,0.303,84.186,65.09,2.425,317.578,21.736,0.613,0.288,3.415,82.665
1.15,110.853,111.523,1.423,0,2716.307,0.303,84.132,65.064,2.422,315.946,22.184,0.613,0.309,3.448,84.375
1.16,111.803,112.492,1.47,0,2714.328,0.302,84.108,65.041,2.422,314.451,22.589,0.613,0.32,3.477,85.967
1.169,112.699,113.408,1.475,0,2712.447,0.302,84.109,65.018,2.425,313.031,22.968,0.614,0.321,3.504,87.504
1.178,113.571,114.299,1.443,-3.172e-7,2710.605,0.302,84.133,64.996,2.43,311.64,23.333,0.614,0.314,3.529,89.032
1.188,114.44,115.188,1.375,-3.306e-7,2708.757,0.302,84.179,64.974,2.439,310.244,23.693,0.614,0.299,3.553,90.59
1.197,115.332,116.099,1.27,-5.566e-7,2706.852,0.302,84.249,64.952,2.451,308.805,24.059,0.614,0.275,3.572,92.22
1.205,116.042,116.825,1.176,-5.632e-7,2705.327,0.301,84.312,64.934,2.461,307.654,24.35,0.615,0.254,3.596,93.535
1.216,117.046,117.85,1.019,-5.607e-7,2703.213,0.301,84.415,64.908,2.477,307.24,24.761,0.615,0.219,3.623,95.42
1.228,118.184,119.01,0.801,0,2700.816,0.301,84.56,64.88,2.499,306.771,25.228,0.615,0.171,3.652,97.6
1.244,119.604,120.456,0.484,0,2697.821,0.301,84.772,64.844,2.531,306.185,25.823,0.616,0.103,3.699,100.38
1.267,121.733,122.619,0.091,-5.014e-7,2693.329,0.3,85.043,64.79,2.572,305.306,26.763,0.617,0.019,3.829,104.588
1.298,124.633,125.551,0.804,2.409e-6,2687.21,0.299,84.591,64.716,2.524,304.109,28.149,0.618,0.172,3.879,109.831
1.311,125.869,126.797,0.977,2.865e-6,2684.584,0.299,84.487,64.684,2.515,308.325,28.746,0.618,0.211,3.916,112.174
1.322,126.884,127.819,1.061,2.819e-6,2682.459,0.299,84.44,64.658,2.512,311.736,29.232,0.618,0.229,3.947,114.148
1.332,127.816,128.757,1.094,2.838e-6,2680.534,0.299,84.424,64.635,2.513,314.828,29.675,0.619,0.237,3.96,115.998
1.336,128.221,129.164,1.096,2.844e-6,2679.704,0.298,84.425,64.625,2.515,316.16,29.867,0.619,0.237,3.979,116.812
1.342,128.827,129.774,1.084,2.771e-6,2678.468,0.298,84.435,64.61,2.518,314.555,30.152,0.619,0.235,4.005,118.047
1.352,129.707,130.659,1.038,2.932e-6,2676.66,0.298,84.469,64.588,2.525,312.207,30.563,0.619,0.224,4.029,119.868
1.361,130.604,131.562,0.959,2.845e-6,2674.798,0.298,84.524,64.565,2.535,309.788,30.98,0.62,0.207,4.052,121.759
1.371,131.548,132.513,0.838,2.615e-6,2672.814,0.298,84.606,64.541,2.548,307.212,31.418,0.62,0.18,4.076,123.793
1.383,132.597,133.57,0.665,2.339e-6,2670.582,0.297,84.724,64.514,2.567,304.314,31.907,0.621,0.142,4.102,126.099
1.397,133.877,134.862,0.408,2.105e-6,2667.814,0.297,84.898,64.48,2.593,300.719,32.513,0.621,0.087,4.108,128.981
1.4,134.18,135.169,0.341,2.102e-6,2667.15,0.297,84.943,64.472,2.6,299.856,32.66,0.621,0.073,4.117,129.675
1.405,134.634,135.628,0.246,2.106e-6,2666.185,0.297,85.009,64.46,2.61,299.676,32.882,0.621,0.052,4.132,130.712
1.413,135.313,136.316,0.1,2.107e-6,2664.738,0.297,85.109,64.442,2.625,299.406,33.221,0.622,0.021,4.165,132.277
1.424,136.328,137.344,0.116,2.125e-6,2662.568,0.296,85.105,64.415,2.628,299.001,33.739,0.622,0.025,4.232,134.51
1.441,137.839,138.88,0.413,2.062e-6,2659.313,0.296,84.918,64.375,2.609,298.393,34.537,0.623,0.088,4.306,137.739
1.462,139.622,140.697,0.681,4.052e-6,2655.438,0.296,84.754,64.327,2.594,297.67,35.505,0.623,0.146,4.347,141.672
1.474,140.672,141.769,0.776,3.624e-6,2653.141,0.295,84.699,64.299,2.591,297.241,36.079,0.624,0.167,4.379,144.061
1.484,141.574,142.691,0.812,3.377e-6,2651.159,0.295,84.681,64.274,2.592,296.871,36.57,0.624,0.175,4.406,146.162
1.494,142.422,143.558,0.805,3.672e-6,2649.289,0.295,84.691,64.251,2.596,296.522,37.028,0.624,0.174,4.422,148.18
1.5,142.931,144.078,0.782,3.629e-6,2648.165,0.295,84.709,64.237,2.6,296.312,37.301,0.625,0.169,4.442,149.409
1.509,143.695,144.858,0.711,3.871e-6,2646.483,0.295,84.759,64.216,2.609,296.69,37.709,0.625,0.153,4.466,151.285
1.52,144.629,145.812,0.588,4.305e-6,2644.429,0.294,84.845,64.19,2.623,297.151,38.208,0.625,0.126,4.491,153.617
1.533,145.746,146.952,0.4,4.456e-6,2641.977,0.294,84.974,64.16,2.643,297.701,38.808,0.626,0.086,4.522,156.456
1.55,147.248,148.48,0.107,5.012e-6,2638.695,0.294,85.177,64.119,2.674,298.438,39.632,0.626,0.023,4.607,160.336
1.576,149.533,150.796,0.291,3.384e-6,2633.684,0.293,85.07,64.056,2.669,303.352,40.927,0.627,0.062,4.676,165.965
1.595,151.235,152.517,0.504,2.048e-6,2630.02,0.293,84.942,64.009,2.658,306.945,41.918,0.628,0.108,4.723,170.179
1.608,152.442,153.735,0.614,2.764e-6,2627.43,0.292,84.878,63.977,2.654,303.019,42.634,0.629,0.132,4.758,173.23
1.619,153.401,154.701,0.665,2.757e-6,2625.342,0.292,84.852,63.95,2.654,299.855,43.206,0.629,0.144,4.787,175.699
1.629,154.262,155.569,0.669,2.733e-6,2623.439,0.292,84.855,63.926,2.658,296.971,43.717,0.629,0.144,4.8,177.964
1.634,154.666,155.976,0.657,2.694e-6,2622.537,0.292,84.865,63.915,2.661,295.603,43.955,0.63,0.142,4.817,179.041
1.641,155.262,156.576,0.622,2.665e-6,2621.243,0.291,84.892,63.898,2.666,289.769,44.305,0.63,0.134,4.843,180.644
1.652,156.154,157.476,0.528,3.315e-6,2619.234,0.291,84.958,63.873,2.678,280.716,44.825,0.63,0.114,4.863,183.093
1.664,157.092,158.423,0.366,3.751e-6,2617.203,0.291,85.071,63.847,2.695,275.556,45.367,0.631,0.078,4.89,185.72
1.681,158.386,159.734,0.09,3.422e-6,2614.301,0.291,85.262,63.81,2.724,268.18,46.133,0.631,0.019,4.964,189.428
1.707,160.221,161.6,0.301,4.58e-6,2609.947,0.29,85.135,63.754,2.715,257.116,47.278,0.632,0.065,4.994,194.455
1.716,160.86,162.253,0.401,4.443e-6,2608.355,0.29,85.074,63.734,2.71,253.07,47.692,0.632,0.086,5.031,196.227
1.73,161.764,163.178,0.501,4.087e-6,2606.221,0.29,85.016,63.706,2.706,237.948,48.281,0.633,0.108,5.064,198.765
1.743,162.523,163.957,0.531,5.149e-6,2604.253,0.289,85.002,63.681,2.708,224.006,48.773,0.633,0.115,5.083,200.968
1.754,163.097,164.546,0.523,4.81e-6,2602.96,0.289,85.011,63.664,2.711,210.77,49.139,0.634,0.113,5.106,202.634
1.765,163.618,165.082,0.499,5.085e-6,2601.657,0.289,85.03,63.647,2.716,197.444,49.462,0.634,0.108,5.117,204.18
1.776,164.102,165.58,0.432,5.523e-6,2600.304,0.289,85.078,63.63,2.724,183.599,49.755,0.634,0.093,5.124,205.662
1.789,164.586,166.078,0.31,5.517e-6,2598.749,0.289,85.161,63.61,2.737,167.68,50.044,0.634,0.067,5.126,207.202
1.8,164.945,166.447,0.177,5.392e-6,2597.395,0.289,85.251,63.592,2.751,153.827,50.255,0.634,0.038,5.133,208.39
1.817,165.392,166.905,0.082,5.682e-6,2596.233,0.288,85.318,63.577,2.761,138.394,50.537,0.635,0.017,5.184,209.758
1.842,165.883,167.402,0.403,3.58e-6,2594.49,0.288,85.109,63.555,2.737,115.244,50.869,0.635,0.087,5.195,211.044
1.856,166.055,167.573,0.485,3.515e-6,2593.566,0.288,85.057,63.543,2.732,102.974,50.979,0.635,0.105,5.197,211.531
1.867,166.151,167.667,0.487,3.545e-6,2592.8,0.288,85.056,63.533,2.733,92.801,51.025,0.635,0.105,5.195,211.842
1.878,166.202,167.717,0.446,4.039e-6,2592.039,0.288,85.083,63.523,2.738,82.688,51.037,0.635,0.096,5.188,212.06
1.89,166.209,167.722,0.357,4.304e-6,2591.207,0.288,85.141,63.512,2.747,71.644,51.013,0.635,0.077,5.178,212.188
1.9,166.175,167.687,0.255,4.357e-6,2590.51,0.288,85.208,63.503,2.757,62.381,50.968,0.635,0.055,5.161,212.205
1.915,166.069,167.581,0.09,4.719e-6,2590.109,0.288,85.317,63.498,2.771,53.303,50.877,0.635,0.019,5.166,212.011
1.938,165.808,167.321,0.165,4.864e-6,2589.507,0.288,85.265,63.49,2.765,39.686,50.693,0.635,0.035,5.158,211.272
1.97,165.235,166.756,0.372,8.127e-6,2588.661,0.287,85.125,63.479,2.749,20.558,50.326,0.635,0.08,5.158,209.646
1.973,165.165,166.686,0.377,8.134e-6,2588.655,0.287,85.121,63.479,2.749,0,50.281,0.635,0.081,5.161,209.45
1.976,165.055,166.577,0.381,8.114e-6,2588.655,0.287,85.118,63.479,2.748,0,50.209,0.635,0.082,5.155,209.143
1.982,164.89,166.413,0.379,8.035e-6,2588.655,0.287,85.118,63.479,2.748,0,50.101,0.634,0.082,5.145,208.688
1.99,164.643,166.167,0.361,8.013e-6,2588.655,0.287,85.128,63.479,2.749,0,49.938,0.634,0.078,5.127,208.017
2.003,164.274,165.8,0.3,8.181e-6,2588.655,0.287,85.166,63.479,2.754,0,49.691,0.634,0.064,5.099,207.034
2.021,163.744,165.27,0.16,8.359e-6,2588.655,0.287,85.254,63.479,2.765,0,49.334,0.634,0.034,5.065,205.649
2.049,162.96,164.482,0.096,9.093e-6,2588.655,0.287,85.291,63.479,2.77,0,48.816,0.634,0.02,5.033,203.52
2.09,161.803,163.311,0.278,1.169e-5,2588.655,0.287,85.163,63.479,2.754,0,48.048,0.633,0.06,5.014,200.232
2.11,161.236,162.736,0.273,1.098e-5,2588.655,0.287,85.162,63.479,2.754,0,47.672,0.633,0.058,4.988,198.68
2.131,160.656,162.149,0.206,8.589e-6,2588.655,0.287,85.202,63.479,2.759,0,47.292,0.632,0.044,4.948,197.136
2.159,159.884,161.37,0.029,1.149e-5,2588.655,0.287,85.315,63.479,2.773,0,46.789,0.632,0.006,4.918,195.143
2.201,158.726,160.21,0.228,8.058e-6,2588.655,0.287,85.175,63.479,2.755,0,46.057,0.632,0.049,4.896,191.961
2.227,158.011,159.496,0.25,6.417e-6,2588.655,0.287,85.155,63.479,2.753,0,45.613,0.631,0.053,4.868,190.071
2.251,157.356,158.841,0.178,6.28e-6,2588.655,0.287,85.199,63.479,2.758,0,45.202,0.631,0.038,4.826,188.394
2.285,156.439,157.922,0.054,5.22e-6,2588.655,0.287,85.275,63.479,2.768,0,44.606,0.631,0.011,4.78,186.06
2.335,155.11,156.584,0.136,3.864e-6,2588.655,0.287,85.211,63.479,2.76,0,43.753,0.63,0.029,4.742,182.565
2.381,153.908,155.37,0.206,-6.916e-6,2588.655,0.287,85.157,63.479,2.753,0,43.009,0.629,0.044,4.711,179.436
2.412,153.108,154.562,0.152,-8.147e-6,2588.655,0.287,85.187,63.479,2.757,0,42.523,0.629,0.032,4.665,177.421
2.454,152.017,153.464,0.028,-9.3e-6,2588.655,0.287,85.263,63.479,2.767,0,41.872,0.629,0.006,4.631,174.727
2.504,150.729,152.176,0.295,-5.116e-6,2588.655,0.287,85.077,63.479,2.743,0,41.088,0.628,0.063,4.613,171.403
2.527,150.152,151.601,0.273,-4.881e-6,2588.655,0.287,85.088,63.479,2.744,0,40.739,0.628,0.058,4.583,169.997
2.551,149.528,150.979,0.157,-6.429e-6,2588.655,0.287,85.16,63.479,2.754,0,40.359,0.628,0.033,4.553,168.522
2.588,148.606,150.052,0.197,-8.006e-6,2588.655,0.287,85.129,63.479,2.75,0,39.84,0.627,0.042,4.535,166.255
2.623,147.746,149.18,0.383,-7.97e-6,2588.655,0.287,85.001,63.479,2.733,0,39.365,0.627,0.082,4.521,164.073
2.641,147.302,148.729,0.379,-7.126e-6,2588.655,0.287,85.001,63.479,2.733,0,39.114,0.627,0.081,4.5,162.996
2.66,146.852,148.273,0.29,-8.346e-6,2588.655,0.287,85.056,63.479,2.74,0,38.851,0.626,0.062,4.466,161.945
2.684,146.259,147.674,0.085,-7.917e-6,2588.655,0.287,85.189,63.479,2.757,0,38.504,0.626,0.018,4.443,160.609
2.72,145.368,146.781,0.223,-7.239e-6,2588.655,0.287,85.092,63.479,2.745,0,38.01,0.626,0.047,4.424,158.44
2.753,144.583,145.999,0.349,-1.095e-5,2588.655,0.287,85.004,63.479,2.734,0,37.588,0.626,0.075,4.406,156.555
2.773,144.077,145.496,0.319,-1.121e-5,2588.655,0.287,85.021,63.479,2.736,0,37.313,0.625,0.068,4.381,155.396
2.796,143.523,144.943,0.204,-1.161e-5,2588.655,0.287,85.094,63.479,2.745,0,37.008,0.625,0.043,4.342,154.163
2.831,142.703,144.121,0.036,-1.205e-5,2588.655,0.287,85.2,63.479,2.759,0,36.558,0.625,0.008,4.322,152.334
2.881,141.531,142.937,0.385,-2.624e-6,2588.655,0.287,84.962,63.479,2.728,0,35.964,0.624,0.082,4.313,149.494
2.9,141.075,142.473,0.433,-2.601e-6,2588.655,0.287,84.929,63.479,2.724,0,35.737,0.624,0.092,4.292,148.427
2.918,140.666,142.058,0.321,-3.746e-6,2588.655,0.287,84.999,63.479,2.733,0,35.503,0.624,0.068,4.26,147.533
2.942,140.111,141.497,0.099,-5.062e-6,2588.655,0.287,85.143,63.479,2.751,0,35.189,0.624,0.021,4.243,146.357
2.978,139.273,140.659,0.363,-5.299e-6,2588.655,0.287,84.964,63.479,2.729,0,34.724,0.623,0.077,4.237,144.374
3,138.767,140.157,0.557,-2.714e-6,2588.655,0.287,84.834,63.479,2.712,0,34.453,0.623,0.119,4.225,143.181
3.014,138.435,139.827,0.526,-2.599e-6,2588.655,0.287,84.852,63.479,2.714,0,34.28,0.623,0.112,4.208,142.465
3.029,138.083,139.478,0.436,-2.111e-6,2588.655,0.287,84.909,63.479,2.722,0,34.093,0.623,0.093,4.184,141.73
3.048,137.659,139.057,0.266,-2.153e-6,2588.655,0.287,85.018,63.479,2.736,0,33.865,0.623,0.056,4.15,140.868
3.075,137.031,138.429,0.076,-2.015e-6,2588.655,0.287,85.141,63.479,2.751,0,33.509,0.623,0.016,4.126,139.56
3.117,136.103,137.495,0.252,-1.309e-6,2588.655,0.287,85.018,63.479,2.735,0,33.007,0.622,0.054,4.111,137.46
3.15,135.381,136.764,0.428,-1.612e-6,2588.655,0.287,84.898,63.479,2.72,0,32.636,0.622,0.091,4.101,135.819
3.169,134.952,136.328,0.486,-9.3e-7,2588.655,0.287,84.858,63.479,2.715,0,32.426,0.622,0.104,4.087,134.865
3.187,134.574,135.943,0.465,0,2588.655,0.287,84.869,63.479,2.717,0,32.235,0.622,0.099,4.068,134.052
3.205,134.177,135.54,0.359,-1.506e-6,2588.655,0.287,84.937,63.479,2.725,0,32.025,0.621,0.076,4.035,133.232
3.229,133.657,135.015,0.092,-1.474e-6,2588.655,0.287,85.111,63.479,2.747,0,31.742,0.621,0.019,4.019,132.213
3.265,132.874,134.232,0.332,-2.891e-6,2588.655,0.287,84.947,63.479,2.726,0,31.344,0.621,0.071,4.012,130.475
3.291,132.298,133.66,0.548,-3.248e-6,2588.655,0.287,84.802,63.479,2.708,0,31.062,0.621,0.117,4.002,129.202
3.307,131.944,133.31,0.574,-3.635e-6,2588.655,0.287,84.783,63.479,2.706,0,30.886,0.621,0.123,3.987,128.465
3.322,131.606,132.976,0.507,-4.011e-6,2588.655,0.287,84.825,63.479,2.711,0,30.715,0.62,0.108,3.967,127.793
3.34,131.224,132.596,0.37,-2.98e-6,2588.655,0.287,84.913,63.479,2.722,0,30.519,0.62,0.079,3.935,127.055
3.364,130.7,132.074,0.111,-3.66e-6,2588.655,0.287,85.081,63.479,2.743,0,30.252,0.62,0.023,3.917,126.066
3.401,129.927,131.297,0.283,-5.181e-6,2588.655,0.287,84.963,63.479,2.728,0,29.88,0.62,0.06,3.903,124.415
3.433,129.257,130.618,0.443,-6.107e-6,2588.655,0.287,84.854,63.479,2.715,0,29.552,0.62,0.094,3.889,122.98
3.454,128.825,130.179,0.442,-4.978e-6,2588.655,0.287,84.852,63.479,2.714,0,29.334,0.619,0.094,3.868,122.091
3.475,128.387,129.736,0.349,-4.764e-6,2588.655,0.287,84.911,63.479,2.722,0,29.106,0.619,0.074,3.838,121.227
3.502,127.829,129.173,0.151,-3.466e-6,2588.655,0.287,85.039,63.479,2.738,0,28.819,0.619,0.032,3.807,120.16
3.542,126.993,128.333,0.089,-5.255e-6,2588.655,0.287,85.075,63.479,2.743,0,28.426,0.619,0.019,3.781,118.507
3.592,125.961,127.302,0.237,-8.075e-6,2588.655,0.287,84.972,63.479,2.73,0,27.963,0.618,0.05,3.753,116.428
3.633,125.117,126.461,0.214,-6.42e-6,2588.655,0.287,84.983,63.479,2.731,0,27.58,0.618,0.045,3.716,114.791
3.68,124.177,125.522,0.085,-6.822e-6,2588.655,0.287,85.064,63.479,2.741,0,27.143,0.618,0.018,3.684,113.008
3.73,123.176,124.517,0.113,-7.843e-6,2588.655,0.287,85.041,63.479,2.738,0,26.684,0.617,0.024,3.661,111.071
3.78,122.189,123.523,0.295,-8.22e-6,2588.655,0.287,84.915,63.479,2.722,0,26.257,0.617,0.062,3.636,109.127
3.815,121.499,122.825,0.226,-7.63e-6,2588.655,0.287,84.957,63.479,2.728,0,25.946,0.617,0.048,3.595,107.832
3.862,120.59,121.912,0.039,-6.576e-6,2588.655,0.287,85.077,63.479,2.743,0,25.532,0.617,0.008,3.571,106.177
3.912,119.617,120.938,0.116,-7.726e-6,2588.655,0.287,85.021,63.479,2.736,0,25.133,0.616,0.024,3.547,104.354
3.962,118.647,119.971,0.32,-7.241e-6,2588.655,0.287,84.881,63.479,2.718,0,24.702,0.616,0.068,3.524,102.52
3.996,117.979,119.305,0.277,-8.261e-6,2588.655,0.287,84.906,63.479,2.721,0,24.405,0.616,0.059,3.486,101.321
4.037,117.206,118.533,0.009,-7.406e-6,2588.655,0.287,85.081,63.479,2.744,0,24.079,0.615,0.002,3.47,100
4.087,116.268,117.588,0.312,-1.208e-5,2588.655,0.287,84.874,63.479,2.717,0,23.696,0.615,0.066,3.449,98.229
4.124,115.585,116.897,0.309,-9.128e-6,2588.655,0.287,84.873,63.479,2.717,0,23.401,0.615,0.065,3.42,97.003
4.161,114.887,116.193,0.185,-7.397e-6,2588.655,0.287,84.952,63.479,2.727,0,23.102,0.615,0.039,3.383,95.795
4.211,113.966,115.267,0.01,-1.058e-5,2588.655,0.287,85.065,63.479,2.741,0,22.73,0.614,0.002,3.367,94.223
4.261,113.043,114.347,0.359,-8.576e-6,2588.655,0.287,84.828,63.479,2.711,0,22.342,0.614,0.076,3.348,92.539
4.296,112.414,113.722,0.353,-9.558e-6,2588.655,0.287,84.83,63.479,2.712,0,22.089,0.614,0.074,3.322,91.47
4.331,111.772,113.083,0.23,-9.803e-6,2588.655,0.287,84.908,63.479,2.722,0,21.826,0.614,0.048,3.287,90.411
4.381,110.871,112.181,0.1,-9.456e-6,2588.655,0.287,84.991,63.479,2.732,0,21.466,0.613,0.021,3.268,88.917
4.431,109.984,111.287,0.308,-1.074e-5,2588.655,0.287,84.848,63.479,2.714,0,21.117,0.613,0.065,3.242,87.371
4.473,109.244,110.541,0.263,-8.749e-6,2588.655,0.287,84.874,63.479,2.717,0,20.814,0.613,0.055,3.201,86.143
4.523,108.369,109.661,0.005,-9.057e-6,2588.655,0.287,85.043,63.479,2.739,0,20.449,0.613,0.001,3.181,84.752
4.573,107.492,108.784,0.191,-7.729e-6,2588.655,0.287,84.914,63.479,2.722,0,20.106,0.612,0.04,3.152,83.281
4.623,106.62,107.914,0.114,-8.768e-6,2588.655,0.287,84.962,63.479,2.728,0,19.783,0.612,0.024,3.121,81.896
4.673,105.758,107.051,0.017,-8.434e-6,2588.655,0.287,85.023,63.479,2.736,0,19.46,0.612,0.004,3.093,80.538
4.723,104.903,106.195,0.007,-8.387e-6,2588.655,0.287,85.026,63.479,2.737,0,19.128,0.612,0.001,3.07,79.183
4.773,104.054,105.345,0.087,-9.273e-6,2588.655,0.287,84.969,63.479,2.729,0,18.814,0.611,0.018,3.041,77.832
4.823,103.215,104.502,0.064,-9.436e-6,2588.655,0.287,84.981,63.479,2.731,0,18.498,0.611,0.013,3.012,76.526
4.873,102.377,103.664,0.008,-9.35e-6,2588.655,0.287,85.015,63.479,2.735,0,18.183,0.611,0.002,2.988,75.248
4.923,101.548,102.832,0.041,-9.39e-6,2588.655,0.287,84.989,63.479,2.732,0,17.891,0.611,0.009,2.962,73.974
4.973,100.722,102.006,0.057,-9.344e-6,2588.655,0.287,84.975,63.479,2.73,0,17.586,0.61,0.012,2.936,72.723
5.023,99.901,101.186,0.041,-8.648e-6,2588.655,0.287,84.982,63.479,2.731,0,17.296,0.61,0.009,2.912,71.499
5.073,99.088,100.371,0.055,-8.617e-6,2588.655,0.287,84.969,63.479,2.729,0,17.019,0.61,0.012,2.885,70.29
5.123,98.281,99.562,0.006,-8.728e-6,2588.655,0.287,84.999,63.479,2.733,0,16.732,0.61,0.001,2.862,69.112
5.173,97.476,98.758,0.101,-8.83e-6,2588.655,0.287,84.932,63.479,2.725,0,16.442,0.609,0.021,2.837,67.925
5.223,96.676,97.96,0.082,-9.26e-6,2588.655,0.287,84.942,63.479,2.726,0,16.165,0.609,0.017,2.811,66.779
5.273,95.882,97.167,0.078,-9.263e-6,2588.655,0.287,84.941,63.479,2.726,0,15.885,0.609,0.016,2.787,65.648
5.323,95.094,96.379,0.065,-9.147e-6,2588.655,0.287,84.947,63.479,2.726,0,15.621,0.609,0.014,2.769,64.538
5.373,94.316,95.597,0.227,-9.077e-6,2588.655,0.287,84.836,63.479,2.712,0,15.372,0.609,0.048,2.74,63.417
5.423,93.542,94.821,0.116,-8.143e-6,2588.655,0.287,84.907,63.479,2.721,0,15.104,0.608,0.024,2.713,62.36
5.473,92.77,94.049,0.027,-7.735e-6,2588.655,0.287,84.963,63.479,2.728,0,14.851,0.608,0.006,2.691,61.317
5.523,92.003,93.282,0.028,-7.506e-6,2588.655,0.287,84.96,63.479,2.728,0,14.615,0.608,0.006,2.667,60.276
5.573,91.241,92.519,0.001,-7.554e-6,2588.655,0.287,84.975,63.479,2.73,0,14.38,0.608,2.118e-4,2.649,59.255
5.623,90.482,91.761,0.119,-7.32e-6,2588.655,0.287,84.893,63.479,2.72,0,14.139,0.608,0.025,2.631,58.226
5.673,89.723,91.006,0.329,-6.269e-6,2588.655,0.287,84.75,63.479,2.701,0,13.886,0.607,0.069,2.608,57.196
5.723,88.967,90.256,0.356,-8.827e-6,2588.655,0.287,84.73,63.479,2.699,0,13.636,0.607,0.075,2.579,56.211
5.773,88.217,89.511,0.215,-8.526e-6,2588.655,0.287,84.821,63.479,2.71,0,13.387,0.607,0.045,2.549,55.268
5.823,87.475,88.771,0.058,-8.418e-6,2588.655,0.287,84.922,63.479,2.723,0,13.148,0.607,0.012,2.537,54.343
5.873,86.743,88.038,0.358,-7.672e-6,2588.655,0.287,84.72,63.479,2.698,0,12.926,0.607,0.075,2.523,53.367
5.923,86.019,87.309,0.566,-8.146e-6,2588.655,0.287,84.581,63.479,2.68,0,12.719,0.606,0.119,2.511,52.422
5.961,85.474,86.758,0.666,-7.286e-6,2588.655,0.287,84.514,63.479,2.671,0,12.573,0.606,0.141,2.492,51.722
5.993,85.006,86.286,0.512,-7.48e-6,2588.655,0.287,84.613,63.479,2.684,0,12.428,0.606,0.108,2.453,51.16
6.037,84.386,85.665,0.004,-7.275e-6,2588.655,0.287,84.948,63.479,2.727,0,12.219,0.606,8.291e-4,2.443,50.465
6.087,83.664,84.947,0.364,-7.663e-6,2588.655,0.287,84.705,63.479,2.696,0,12.017,0.606,0.076,2.426,49.542
6.137,82.943,84.233,0.425,-8.148e-6,2588.655,0.287,84.663,63.479,2.69,0,11.828,0.606,0.089,2.405,48.673
6.187,82.225,83.522,0.425,-9.23e-6,2588.655,0.287,84.66,63.479,2.69,0,11.628,0.606,0.089,2.374,47.824
6.237,81.513,82.816,0.089,-7.83e-6,2588.655,0.287,84.882,63.479,2.718,0,11.442,0.605,0.018,2.355,47.033
6.287,80.811,82.116,0.134,-8.197e-6,2588.655,0.287,84.849,63.479,2.714,0,11.252,0.605,0.028,2.339,46.205
6.337,80.115,81.419,0.256,-7.671e-6,2588.655,0.287,84.765,63.479,2.703,0,11.061,0.605,0.054,2.32,45.381
6.387,79.424,80.727,0.304,-8.406e-6,2588.655,0.287,84.731,63.479,2.699,0,10.876,0.605,0.064,2.295,44.579
6.437,78.737,80.038,0.185,-8.108e-6,2588.655,0.287,84.809,63.479,2.709,0,10.686,0.605,0.038,2.271,43.808
6.487,78.049,79.352,0.116,-8.275e-6,2588.655,0.287,84.852,63.479,2.714,0,10.487,0.605,0.024,2.258,43.042
6.537,77.36,78.669,0.375,-9.038e-6,2588.655,0.287,84.677,63.479,2.692,0,10.296,0.604,0.079,2.234,42.247
6.587,76.673,77.989,0.238,-8.894e-6,2588.655,0.287,84.766,63.479,2.703,0,10.124,0.604,0.05,2.211,41.511
6.637,75.993,77.313,0.145,-9.415e-6,2588.655,0.287,84.826,63.479,2.711,0,9.945,0.604,0.03,2.191,40.781
6.687,75.318,76.641,0.106,-9.47e-6,2588.655,0.287,84.85,63.479,2.714,0,9.779,0.604,0.022,2.175,40.056
6.737,74.649,75.974,0.218,-9.326e-6,2588.655,0.287,84.773,63.479,2.704,0,9.609,0.604,0.045,2.154,39.326
6.787,73.984,75.309,0.197,-8.886e-6,2588.655,0.287,84.786,63.479,2.706,0,9.434,0.604,0.041,2.133,38.622
6.837,73.322,74.649,0.161,-8.618e-6,2588.655,0.287,84.807,63.479,2.709,0,9.267,0.604,0.033,2.109,37.929
6.887,72.662,73.991,0.061,-8.978e-6,2588.655,0.287,84.872,63.479,2.717,0,9.09,0.603,0.013,2.091,37.252
6.937,72.002,73.335,0.108,-9e-6,2588.655,0.287,84.838,63.479,2.713,0,8.928,0.603,0.023,2.072,36.57
6.987,71.345,72.684,0.074,-9.035e-6,2588.655,0.287,84.86,63.479,2.715,0,8.773,0.603,0.015,2.053,35.906
7.037,70.692,72.035,0.094,-9.428e-6,2588.655,0.287,84.844,63.479,2.713,0,8.614,0.603,0.02,2.034,35.247
7.087,70.042,71.389,0.044,-9.381e-6,2588.655,0.287,84.876,63.479,2.717,0,8.467,0.603,0.009,2.017,34.604
7.137,69.397,70.747,0.096,-9.442e-6,2588.655,0.287,84.839,63.479,2.713,0,8.317,0.603,0.02,1.998,33.962
7.187,68.755,70.108,0.103,-9.013e-6,2588.655,0.287,84.833,63.479,2.712,0,8.168,0.603,0.021,1.977,33.333
7.237,68.115,69.472,0.068,-8.982e-6,2588.655,0.287,84.854,63.479,2.715,0,8.008,0.602,0.014,1.962,32.716
7.287,67.475,68.838,0.217,-8.921e-6,2588.655,0.287,84.753,63.479,2.702,0,7.852,0.602,0.045,1.941,32.092
7.337,66.837,68.208,0.125,-9.009e-6,2588.655,0.287,84.813,63.479,2.709,0,7.71,0.602,0.026,1.924,31.498
7.387,66.203,67.58,0.224,-9.095e-6,2588.655,0.287,84.744,63.479,2.701,0,7.555,0.602,0.047,1.903,30.896
7.437,65.572,66.955,0.077,-8.936e-6,2588.655,0.287,84.841,63.479,2.713,0,7.425,0.602,0.016,1.895,30.325
7.487,64.949,66.334,0.395,-9.551e-6,2588.655,0.287,84.628,63.479,2.686,0,7.306,0.602,0.083,1.882,29.725
7.537,64.33,65.717,0.523,-9.029e-6,2588.655,0.287,84.543,63.479,2.675,0,7.181,0.602,0.11,1.867,29.15
7.587,63.715,65.101,0.591,-8.665e-6,2588.655,0.287,84.497,63.479,2.669,0,7.063,0.602,0.124,1.832,28.588
7.637,63.1,64.489,0.034,-8.838e-6,2588.655,0.287,84.864,63.479,2.716,0,6.902,0.602,0.007,1.819,28.081
7.687,62.481,63.877,0.193,-9.027e-6,2588.655,0.287,84.756,63.479,2.702,0,6.775,0.601,0.04,1.804,27.526
7.737,61.866,63.268,0.098,-8.876e-6,2588.655,0.287,84.818,63.479,2.71,0,6.681,0.601,0.02,1.785,26.999
7.787,61.255,62.662,0.025,-8.853e-6,2588.655,0.287,84.866,63.479,2.716,0,6.562,0.601,0.005,1.773,26.478
7.837,60.643,62.058,0.206,-8.866e-6,2588.655,0.287,84.743,63.479,2.701,0,6.441,0.601,0.043,1.76,25.944
7.887,60.032,61.455,0.433,-9.676e-6,2588.655,0.287,84.591,63.479,2.681,0,6.315,0.601,0.091,1.745,25.415
7.937,59.421,60.854,0.497,-1.005e-5,2588.655,0.287,84.547,63.479,2.676,0,6.194,0.601,0.104,1.733,24.905
7.973,58.982,60.423,0.555,-1.009e-5,2588.655,0.287,84.508,63.479,2.671,0,6.103,0.601,0.117,1.714,24.542
8.023,58.374,59.827,0.564,-9.82e-6,2588.655,0.287,84.501,63.479,2.67,0,5.974,0.601,0.119,1.695,24.048
8.073,57.769,59.233,0.554,-9.37e-6,2588.655,0.287,84.506,63.479,2.67,0,5.84,0.601,0.116,1.67,23.563
8.123,57.167,58.643,0.282,-9.283e-6,2588.655,0.287,84.683,63.479,2.693,0,5.714,0.601,0.059,1.654,23.103
8.173,56.573,58.057,0.283,-9.167e-6,2588.655,0.287,84.681,63.479,2.693,0,5.609,0.6,0.059,1.645,22.634
8.223,55.986,57.473,0.622,-8.861e-6,2588.655,0.287,84.458,63.479,2.664,0,5.501,0.6,0.131,1.634,22.151
8.273,55.403,56.893,0.853,-9.44e-6,2588.655,0.287,84.307,63.479,2.645,0,5.397,0.6,0.18,1.62,21.683
8.323,54.824,56.315,0.971,-9.691e-6,2588.655,0.287,84.23,63.479,2.635,0,5.295,0.6,0.206,1.603,21.229
8.373,54.248,55.739,0.931,-9.999e-6,2588.655,0.287,84.254,63.479,2.638,0,5.192,0.6,0.197,1.579,20.792
8.423,53.671,55.166,0.6,-1.028e-5,2588.655,0.287,84.466,63.479,2.665,0,5.076,0.6,0.126,1.556,20.376
8.473,53.093,54.593,0.273,-1.05e-5,2588.655,0.287,84.68,63.479,2.693,0,4.971,0.6,0.057,1.536,19.965
8.523,52.515,54.023,0.117,-1.059e-5,2588.655,0.287,84.783,63.479,2.706,0,4.87,0.6,0.024,1.529,19.551
8.573,51.933,53.453,0.568,-1.05e-5,2588.655,0.287,84.484,63.479,2.668,0,4.769,0.6,0.119,1.518,19.109
8.623,51.349,52.884,0.76,-1.037e-5,2588.655,0.287,84.357,63.479,2.652,0,4.678,0.6,0.16,1.503,18.688
8.673,50.767,52.317,0.763,-9.753e-6,2588.655,0.287,84.354,63.479,2.651,0,4.587,0.6,0.161,1.486,18.282
8.723,50.187,51.752,0.712,-9.806e-6,2588.655,0.287,84.387,63.479,2.655,0,4.493,0.599,0.15,1.469,17.885
8.773,49.61,51.19,0.661,-9.178e-6,2588.655,0.287,84.418,63.479,2.659,0,4.393,0.599,0.139,1.45,17.495
8.823,49.035,50.63,0.611,-8.859e-6,2588.655,0.287,84.45,63.479,2.663,0,4.29,0.599,0.128,1.428,17.11
8.873,48.463,50.072,0.333,-8.75e-6,2588.655,0.287,84.631,63.479,2.686,0,4.193,0.599,0.069,1.413,16.742
8.923,47.897,49.518,0.269,-8.74e-6,2588.655,0.287,84.672,63.479,2.692,0,4.115,0.599,0.056,1.407,16.371
8.973,47.338,48.967,0.664,-9.051e-6,2588.655,0.287,84.412,63.479,2.658,0,4.035,0.599,0.14,1.396,15.986
9.023,46.782,48.419,0.901,-8.855e-6,2588.655,0.287,84.258,63.479,2.639,0,3.953,0.599,0.191,1.384,15.614
9.073,46.23,47.872,1.053,-9.553e-6,2588.655,0.287,84.16,63.479,2.627,0,3.874,0.599,0.224,1.367,15.252
9.123,45.679,47.328,0.963,-9.936e-6,2588.655,0.287,84.216,63.479,2.634,0,3.786,0.599,0.204,1.347,14.905
9.173,45.13,46.785,0.735,-9.896e-6,2588.655,0.287,84.362,63.479,2.652,0,3.696,0.599,0.155,1.324,14.57
9.223,44.578,46.243,0.362,-1.036e-5,2588.655,0.287,84.604,63.479,2.683,0,3.604,0.599,0.075,1.307,14.244
9.273,44.026,45.703,0.206,-1.048e-5,2588.655,0.287,84.707,63.479,2.696,0,3.53,0.599,0.043,1.293,13.915
9.323,43.475,45.165,0.141,-1.05e-5,2588.655,0.287,84.749,63.479,2.701,0,3.462,0.599,0.029,1.278,13.587
9.373,42.924,44.628,0.067,-1.051e-5,2588.655,0.287,84.799,63.479,2.708,0,3.39,0.599,0.014,1.27,13.265
9.423,42.372,44.092,0.539,-1.04e-5,2588.655,0.287,84.484,63.479,2.668,0,3.307,0.598,0.113,1.262,12.927
9.473,41.817,43.556,1.077,-1.089e-5,2588.655,0.287,84.137,63.479,2.624,0,3.225,0.598,0.229,1.25,12.592
9.523,41.26,43.022,1.273,-1.116e-5,2588.655,0.287,84.012,63.479,2.608,0,3.149,0.598,0.272,1.233,12.274
9.573,40.705,42.489,1.1,-1.076e-5,2588.655,0.287,84.12,63.479,2.621,0,3.077,0.598,0.234,1.216,11.975
9.623,40.153,41.959,1.097,-1.035e-5,2588.655,0.287,84.121,63.479,2.622,0,2.996,0.598,0.233,1.199,11.674
9.673,39.601,41.431,1.107,-1.035e-5,2588.655,0.287,84.114,63.479,2.621,0,2.911,0.598,0.235,1.177,11.379
9.723,39.053,40.906,0.678,-1.066e-5,2588.655,0.287,84.388,63.479,2.655,0,2.835,0.598,0.142,1.155,11.102
9.773,38.511,40.384,0.219,-1.07e-5,2588.655,0.287,84.688,63.479,2.694,0,2.761,0.598,0.046,1.138,10.831
9.823,37.972,39.865,0.133,-1.073e-5,2588.655,0.287,84.745,63.479,2.701,0,2.687,0.598,0.027,1.129,10.553
9.873,37.438,39.348,0.521,-1.066e-5,2588.655,0.287,84.487,63.479,2.668,0,2.619,0.598,0.109,1.119,10.268
9.923,36.906,38.833,0.841,-1.078e-5,2588.655,0.287,84.279,63.479,2.642,0,2.553,0.598,0.178,1.115,9.989
9.973,36.378,38.321,1.41,-1.096e-5,2588.655,0.287,83.918,63.479,2.596,0,2.506,0.598,0.303,1.107,9.71
10.023,35.855,37.81,1.718,-1.087e-5,2588.655,0.287,83.728,63.479,2.572,0,2.453,0.598,0.372,1.1,9.442
10.073,35.333,37.301,2.041,-1.105e-5,2588.655,0.287,83.532,63.479,2.547,0,2.408,0.598,0.446,1.088,9.18
10.123,34.816,36.794,2.131,-1.128e-5,2588.655,0.287,83.478,63.479,2.54,0,2.356,0.598,0.466,1.067,8.927
10.173,34.297,36.288,1.734,-1.137e-5,2588.655,0.287,83.716,63.479,2.57,0,2.28,0.598,0.375,1.051,8.691
10.223,33.777,35.784,1.511,-1.135e-5,2588.655,0.287,83.852,63.479,2.587,0,2.223,0.597,0.325,1.034,8.454
10.273,33.257,35.282,1.196,-1.129e-5,2588.655,0.287,84.048,63.479,2.612,0,2.166,0.597,0.255,1.014,8.223
10.323,32.737,34.781,0.71,-1.128e-5,2588.655,0.287,84.358,63.479,2.652,0,2.106,0.597,0.149,0.991,8
10.373,32.213,34.281,0.084,-1.126e-5,2588.655,0.287,84.77,63.479,2.704,0,2.046,0.597,0.017,0.982,7.783
10.423,31.688,33.782,0.296,-1.125e-5,2588.655,0.287,84.628,63.479,2.686,0,1.999,0.597,0.062,0.975,7.552
10.473,31.162,33.284,0.609,-1.116e-5,2588.655,0.287,84.422,63.479,2.66,0,1.955,0.597,0.128,0.968,7.324
10.523,30.634,32.788,1.014,-1.117e-5,2588.655,0.287,84.16,63.479,2.627,0,1.908,0.597,0.215,0.961,7.097
10.573,30.104,32.292,1.669,-1.105e-5,2588.655,0.287,83.75,63.479,2.574,0,1.855,0.597,0.36,0.952,6.87
10.623,29.571,31.797,2.147,-1.073e-5,2588.655,0.287,83.461,63.479,2.538,0,1.805,0.597,0.47,0.939,6.651
10.673,29.038,31.303,2.089,-1.071e-5,2588.655,0.287,83.495,63.479,2.542,0,1.758,0.597,0.456,0.924,6.446
10.723,28.507,30.813,1.723,-1.101e-5,2588.655,0.287,83.715,63.479,2.57,0,1.712,0.597,0.373,0.908,6.25
10.773,27.981,30.325,1.444,-1.099e-5,2588.655,0.287,83.887,63.479,2.592,0,1.664,0.597,0.31,0.893,6.058
10.823,27.455,29.84,1.573,-1.107e-5,2588.655,0.287,83.806,63.479,2.582,0,1.605,0.597,0.339,0.876,5.862
10.873,26.93,29.357,1.38,-1.121e-5,2588.655,0.287,83.925,63.479,2.597,0,1.551,0.597,0.296,0.857,5.676
10.923,26.409,28.877,0.775,-1.131e-5,2588.655,0.287,84.308,63.479,2.645,0,1.505,0.597,0.163,0.838,5.5
10.973,25.893,28.401,0.148,-1.13e-5,2588.655,0.287,84.72,63.479,2.698,0,1.463,0.597,0.031,0.824,5.328
11.023,25.38,27.928,0.169,-1.13e-5,2588.655,0.287,84.705,63.479,2.696,0,1.414,0.597,0.035,0.814,5.15
11.073,24.869,27.457,0.499,-1.13e-5,2588.655,0.287,84.485,63.479,2.668,0,1.367,0.597,0.104,0.812,4.973
11.123,24.361,26.989,1.242,-1.133e-5,2588.655,0.287,84.009,63.479,2.607,0,1.339,0.597,0.265,0.817,4.794
11.173,23.858,26.524,2.23,-1.131e-5,2588.655,0.287,83.406,63.479,2.531,0,1.329,0.597,0.489,0.817,4.617
11.223,23.36,26.061,3.007,-1.139e-5,2588.655,0.287,82.955,63.479,2.474,0,1.317,0.597,0.673,0.807,4.448
11.273,22.864,25.601,3.211,-1.128e-5,2588.655,0.287,82.84,63.479,2.459,0,1.281,0.597,0.722,0.793,4.289
11.323,22.369,25.143,3.167,-1.131e-5,2588.655,0.287,82.864,63.479,2.462,0,1.238,0.597,0.712,0.784,4.137
11.373,21.875,24.687,3.264,-1.113e-5,2588.655,0.287,82.809,63.479,2.455,0,1.207,0.597,0.736,0.772,3.987
11.423,21.382,24.234,3.216,-1.118e-5,2588.655,0.287,82.836,63.479,2.458,0,1.173,0.597,0.724,0.76,3.842
11.473,20.888,23.784,3.08,-1.113e-5,2588.655,0.287,82.912,63.479,2.468,0,1.139,0.596,0.691,0.748,3.701
11.523,20.395,23.336,2.856,-1.136e-5,2588.655,0.287,83.039,63.479,2.484,0,1.104,0.596,0.636,0.732,3.564
11.573,19.9,22.891,2.419,-1.125e-5,2588.655,0.287,83.291,63.479,2.516,0,1.064,0.596,0.533,0.715,3.433
11.623,19.404,22.448,1.931,-1.128e-5,2588.655,0.287,83.581,63.479,2.553,0,1.026,0.596,0.42,0.694,3.306
11.673,18.907,22.008,1.138,-1.133e-5,2588.655,0.287,84.069,63.479,2.615,0,0.98,0.596,0.242,0.666,3.184
11.723,18.405,21.571,0.037,-1.131e-5,2588.655,0.287,84.787,63.479,2.706,0,0.929,0.596,0.008,0.659,3.067
11.773,17.9,21.137,0.668,-1.131e-5,2588.655,0.287,84.37,63.479,2.653,0,0.894,0.596,0.14,0.653,2.939
11.823,17.395,20.706,0.849,-1.135e-5,2588.655,0.287,84.253,63.479,2.638,0,0.873,0.596,0.179,0.646,2.819
11.873,16.89,20.279,0.778,-1.135e-5,2588.655,0.287,84.297,63.479,2.644,0,0.857,0.596,0.164,0.639,2.704
11.923,16.385,19.856,0.856,-1.136e-5,2588.655,0.287,84.247,63.479,2.638,0,0.837,0.596,0.181,0.631,2.592
11.973,15.88,19.437,1.101,-1.137e-5,2588.655,0.287,84.091,63.479,2.618,0,0.811,0.596,0.234,0.623,2.482
12.023,15.376,19.023,1.019,-1.134e-5,2588.655,0.287,84.142,63.479,2.624,0,0.793,0.596,0.216,0.614,2.377
12.073,14.872,18.613,1.092,-1.134e-5,2588.655,0.287,84.096,63.479,2.618,0,0.769,0.596,0.232,0.605,2.275
12.123,14.368,18.209,1.098,-1.134e-5,2588.655,0.287,84.092,63.479,2.618,0,0.746,0.596,0.233,0.595,2.177
12.173,13.865,17.81,1.088,-1.133e-5,2588.655,0.287,84.098,63.479,2.619,0,0.723,0.596,0.231,0.585,2.083
12.223,13.362,17.416,1.068,-1.132e-5,2588.655,0.287,84.11,63.479,2.62,0,0.698,0.596,0.227,0.575,1.992
12.273,12.861,17.03,0.788,-1.132e-5,2588.655,0.287,84.289,63.479,2.643,0,0.68,0.596,0.166,0.565,1.905
12.323,12.361,16.649,0.61,-1.132e-5,2588.655,0.287,84.404,63.479,2.657,0,0.658,0.596,0.128,0.553,1.822
12.373,11.862,16.276,0.539,-1.132e-5,2588.655,0.287,84.45,63.479,2.663,0,0.632,0.596,0.113,0.542,1.741
12.423,11.364,15.911,0.208,-1.133e-5,2588.655,0.287,84.669,63.479,2.691,0,0.614,0.596,0.043,0.538,1.665
12.473,10.867,15.553,0.315,-1.133e-5,2588.655,0.287,84.597,63.479,2.682,0,0.601,0.596,0.065,0.54,1.591
12.523,10.373,15.204,1.021,-1.133e-5,2588.655,0.287,84.139,63.479,2.624,0,0.597,0.596,0.216,0.533,1.517
12.573,9.882,14.863,1.278,-1.133e-5,2588.655,0.287,83.976,63.479,2.603,0,0.578,0.596,0.273,0.525,1.449
12.623,9.39,14.532,1.495,-1.133e-5,2588.655,0.287,83.841,63.479,2.586,0,0.557,0.596,0.321,0.526,1.384
12.673,8.901,14.211,2.135,-1.133e-5,2588.655,0.287,83.452,63.479,2.537,0,0.554,0.596,0.467,0.528,1.321
12.723,8.414,13.9,2.752,-1.134e-5,2588.655,0.287,83.091,63.479,2.491,0,0.554,0.596,0.611,0.529,1.262
12.773,7.929,13.6,3.272,-1.137e-5,2588.655,0.287,82.796,63.479,2.453,0,0.551,0.596,0.737,0.525,1.206
12.823,7.446,13.311,3.562,-1.14e-5,2588.655,0.287,82.636,63.479,2.433,0,0.54,0.596,0.809,0.525,1.155
12.873,6.964,13.034,3.989,-1.138e-5,2588.655,0.287,82.404,63.479,2.404,0,0.539,0.596,0.915,0.528,1.106
12.923,6.485,12.77,4.452,-1.143e-5,2588.655,0.287,82.159,63.479,2.372,0,0.543,0.596,1.034,0.524,1.06
12.973,6.007,12.519,4.632,-1.146e-5,2588.655,0.287,82.066,63.479,2.361,0,0.535,0.596,1.081,0.514,1.018
13.023,5.529,12.282,4.562,-1.144e-5,2588.655,0.287,82.102,63.479,2.365,0,0.514,0.596,1.062,0.5,0.98
13.073,5.05,12.061,4.377,-1.142e-5,2588.655,0.287,82.198,63.479,2.377,0,0.487,0.596,1.015,0.49,0.946
13.123,4.571,11.855,4.304,-1.139e-5,2588.655,0.287,82.236,63.479,2.382,0,0.468,0.596,0.996,0.486,0.914
13.173,4.092,11.667,4.359,-1.137e-5,2588.655,0.287,82.207,63.479,2.378,0,0.46,0.596,1.01,0.482,0.885
13.223,3.613,11.495,4.378,-1.139e-5,2588.655,0.287,82.197,63.479,2.377,0,0.452,0.596,1.015,0.474,0.859
13.273,3.134,11.342,4.297,-1.138e-5,2588.655,0.287,82.239,63.479,2.383,0,0.438,0.596,0.994,0.472,0.836
13.323,2.655,11.208,4.302,-1.139e-5,2588.655,0.287,82.237,63.479,2.382,0,0.434,0.596,0.995,0.471,0.817
13.373,2.176,11.094,4.303,-1.138e-5,2588.655,0.287,82.236,63.479,2.382,0,0.433,0.596,0.995,0.463,0.8
13.423,1.698,10.999,4.171,-1.138e-5,2588.655,0.287,82.306,63.479,2.391,0,0.419,0.596,0.962,0.457,0.787
13.473,1.219,10.926,4.058,-1.138e-5,2588.655,0.287,82.366,63.479,2.399,0,0.408,0.596,0.933,0.458,0.777
13.523,0.739,10.873,3.984,-1.139e-5,2588.655,0.287,82.405,63.479,2.404,0,0.41,0.596,0.914,0.458,0.769
13.573,0.26,10.842,3.866,-1.139e-5,2588.655,0.287,82.469,63.479,2.412,0,0.411,0.596,0.884,0.456,0.765
13.623,-0.219,10.833,3.708,-1.14e-5,2588.655,0.287,82.554,63.479,2.423,0,0.408,0.596,0.845,0.45,0.764
13.673,-0.699,10.845,NaN,NaN,2588.655,0.287,0,63.479,-8.062,0,25.967,40.291,NaN,NaN,NaN
13.745,-1.381,10.185,NaN,NaN,2588.655,0.287,0,63.479,-8.062,0,24.187,40.291,NaN,NaN,NaN
13.823,-2.074,9.597,NaN,NaN,2588.655,0.287,0,63.479,-8.062,0,22.96,40.291,NaN,NaN,NaN
13.905,-2.772,9.087,NaN,NaN,2588.655,0.287,0,63.479,-8.062,0,21.16,40.291,NaN,NaN,NaN
13.992,-3.487,8.685,NaN,NaN,2588.655,0.287,0,63.479,-8.062,0,20.48,40.291,NaN,NaN,NaN
14.083,-4.201,8.383,NaN,NaN,2588.655,0.287,0,63.479,-8.062,0,17.271,40.291,NaN,NaN,NaN
14.184,-4.971,8.276,NaN,NaN,2588.655,0.287,0,63.479,-8.062,0,15.604,40.291,NaN,NaN,NaN
14.293,-5.771,8.337,NaN,NaN,2588.655,0.287,0,63.479,-8.062,0,15.912,40.291,NaN,NaN,NaN
14.407,-6.557,8.494,NaN,NaN,2588.655,0.287,0,63.479,-8.062,0,16.601,40.291,NaN,NaN,NaN
14.526,-7.32,8.727,NaN,NaN,2588.655,0.287,0,63.479,-8.062,0,16.158,40.291,NaN,NaN,NaN
14.652,-8.091,9.078,NaN,NaN,2588.655,0.287,0,63.479,-8.062,0,15.734,40.291,NaN,NaN,NaN
14.788,-8.877,9.54,NaN,NaN,2588.655,0.287,0,63.479,-8.062,0,15.442,40.291,NaN,NaN,NaN
14.936,-9.677,10.102,NaN,NaN,2588.655,0.287,0,63.479,-8.062,0,16.114,40.291,NaN,NaN,NaN
15.095,-10.463,10.709,NaN,NaN,2588.655,0.287,0,63.479,-8.062,0,16.92,40.291,NaN,NaN,NaN
15.27,-11.23,11.349,NaN,NaN,2588.655,0.287,0,63.479,-8.062,0,17.824,40.291,NaN,NaN,NaN
15.463,-11.973,12.012,NaN,NaN,2588.655,0.287,0,63.479,-8.062,0,18.577,40.291,NaN,NaN,NaN
15.683,-12.704,12.708,NaN,NaN,2588.655,0.287,0,63.479,-8.062,0,19.531,40.291,NaN,NaN,NaN
15.943,-13.418,13.425,NaN,NaN,2588.655,0.287,0,63.479,-8.062,0,21.05,40.291,NaN,NaN,NaN
16.249,-14.051,14.101,NaN,NaN,2588.655,0.287,0,63.479,-8.062,0,21.921,40.291,NaN,NaN,NaN
16.662,-14.686,14.816,NaN,NaN,2588.655,0.287,0,63.479,-8.062,0,23.608,40.291,NaN,NaN,NaN
17.162,-15.103,15.362,NaN,NaN,2588.655,0.287,0,63.479,-8.062,0,24.988,40.291,NaN,NaN,NaN
17.662,-15.259,15.703,NaN,NaN,2588.655,0.287,0,63.479,-8.062,0,25.012,40.291,NaN,NaN,NaN
18.162,-15.361,15.951,NaN,NaN,2588.655,0.287,0,63.479,-8.062,0,25.071,40.291,NaN,NaN,NaN
18.662,-15.424,16.087,NaN,NaN,2588.655,0.287,0,63.479,-8.062,0,25.235,40.291,NaN,NaN,NaN
19.162,-15.449,16.152,NaN,NaN,2588.655,0.287,0,63.479,-8.062,0,25.316,40.291,NaN,NaN,NaN
19.662,-15.457,16.158,NaN,NaN,2588.655,0.287,0,63.479,-8.062,0,25.38,40.291,NaN,NaN,NaN
20.162,-15.454,16.196,NaN,NaN,2588.655,0.287,0,63.479,-8.062,0,25.381,40.291,NaN,NaN,NaN
20.662,-15.45,16.162,NaN,NaN,2588.655,0.287,0,63.479,-8.062,0,25.384,40.291,NaN,NaN,NaN
21.162,-15.445,16.134,NaN,NaN,2588.655,0.287,0,63.479,-8.062,0,25.386,40.291,NaN,NaN,NaN
21.662,-15.44,16.108,NaN,NaN,2588.655,0.287,0,63.479,-8.062,0,25.383,40.291,NaN,NaN,NaN
22.162,-15.435,16.112,NaN,NaN,2588.655,0.287,0,63.479,-8.062,0,25.396,40.291,NaN,NaN,NaN
22.662,-15.428,16.136,NaN,NaN,2588.655,0.287,0,63.479,-8.062,0,25.413,40.291,NaN,NaN,NaN
23.162,-15.42,16.079,NaN,NaN,2588.655,0.287,0,63.479,-8.062,0,25.379,40.291,NaN,NaN,NaN
23.662,-15.416,16.093,NaN,NaN,2588.655,0.287,0,63.479,-8.062,0,25.396,40.291,NaN,NaN,NaN
24.162,-15.41,16.121,NaN,NaN,2588.655,0.287,0,63.479,-8.062,0,25.384,40.291,NaN,NaN,NaN
24.662,-15.405,16.135,NaN,NaN,2588.655,0.287,0,63.479,-8.062,0,25.388,40.291,NaN,NaN,NaN
25.162,-15.399,16.152,NaN,NaN,2588.655,0.287,0,63.479,-8.062,0,25.383,40.291,NaN,NaN,NaN
25.662,-15.394,16.152,NaN,NaN,2588.655,0.287,0,63.479,-8.062,0,25.426,40.291,NaN,NaN,NaN
26.162,-15.384,16.084,NaN,NaN,2588.655,0.287,0,63.479,-8.062,0,25.38,40.291,NaN,NaN,NaN
26.662,-15.38,16.056,NaN,NaN,2588.655,0.287,0,63.479,-8.062,0,25.382,40.291,NaN,NaN,NaN
27.162,-15.376,16.035,NaN,NaN,2588.655,0.287,0,63.479,-8.062,0,25.382,40.291,NaN,NaN,NaN
27.662,-15.371,16.031,NaN,NaN,2588.655,0.287,0,63.479,-8.062,0,25.435,40.291,NaN,NaN,NaN
28.162,-15.36,16.085,NaN,NaN,2588.655,0.287,0,63.479,-8.062,0,25.44,40.291,NaN,NaN,NaN
28.662,-15.351,16.154,NaN,NaN,2588.655,0.287,0,63.479,-8.062,0,25.358,40.291,NaN,NaN,NaN
29.162,-15.351,16.146,NaN,NaN,2588.655,0.287,0,63.479,-8.062,0,25.415,40.291,NaN,NaN,NaN
29.662,-15.343,16.08,NaN,NaN,2588.655,0.287,0,63.479,-8.062,0,25.396,40.291,NaN,NaN,NaN
30.162,-15.338,16.123,NaN,NaN,2588.655,0.287,0,63.479,-8.062,0,25.396,40.291,NaN,NaN,NaN
30.662,-15.333,16.072,NaN,NaN,2588.655,0.287,0,63.479,-8.062,0,25.376,40.291,NaN,NaN,NaN
31.162,-15.329,16.054,NaN,NaN,2588.655,0.287,0,63.479,-8.062,0,25.386,40.291,NaN,NaN,NaN
31.662,-15.324,16.028,NaN,NaN,2588.655,0.287,0,63.479,-8.062,0,25.396,40.291,NaN,NaN,NaN
32.162,-15.318,15.99,NaN,NaN,2588.655,0.287,0,63.479,-8.062,0,25.411,40.291,NaN,NaN,NaN
32.662,-15.311,16.031,NaN,NaN,2588.655,0.287,0,63.479,-8.062,0,25.405,40.291,NaN,NaN,NaN
33.162,-15.304,16.076,NaN,NaN,2588.655,0.287,0,63.479,-8.062,0,25.373,40.291,NaN,NaN,NaN
33.662,-15.301,16.065,NaN,NaN,2588.655,0.287,0,63.479,-8.062,0,25.412,40.291,NaN,NaN,NaN
34.162,-15.294,16.111,NaN,NaN,2588.655,0.287,0,63.479,-8.062,0,25.426,40.291,NaN,NaN,NaN
34.662,-15.285,16.034,NaN,NaN,2588.655,0.287,0,63.479,-8.062,0,25.459,40.291,NaN,NaN,NaN
35.162,-15.275,16.117,NaN,NaN,2588.655,0.287,0,63.479,-8.062,0,25.354,40.291,NaN,NaN,NaN
35.662,-15.276,16.139,NaN,NaN,2588.655,0.287,0,63.479,-8.062,0,25.373,40.291,NaN,NaN,NaN
36.162,-15.273,16.152,NaN,NaN,2588.655,0.287,0,63.479,-8.062,0,25.438,40.291,NaN,NaN,NaN
36.662,-15.263,16.067,NaN,NaN,2588.655,0.287,0,63.479,-8.062,0,25.392,40.291,NaN,NaN,NaN
37.162,-15.259,16.015,NaN,NaN,2588.655,0.287,0,63.479,-8.062,0,25.37,40.291,NaN,NaN,NaN
37.662,-15.256,16.008,NaN,NaN,2588.655,0.287,0,63.479,-8.062,0,25.446,40.291,NaN,NaN,NaN
38.162,-15.246,16.075,NaN,NaN,2588.655,0.287,0,63.479,-8.062,0,25.393,40.291,NaN,NaN,NaN
38.662,-15.242,16.124,NaN,NaN,2588.655,0.287,0,63.479,-8.062,0,25.46,40.291,NaN,NaN,NaN
39.162,-15.231,16.021,NaN,NaN,2588.655,0.287,0,63.479,-8.062,0,25.398,40.291,NaN,NaN,NaN
39.662,-15.227,15.954,NaN,NaN,2588.655,0.287,0,63.479,-8.062,0,25.363,40.291,NaN,NaN,NaN
40.162,-15.226,15.94,NaN,NaN,2588.655,0.287,0,63.479,-8.062,0,25.385,40.291,NaN,NaN,NaN
40.662,-15.222,15.96,NaN,NaN,2588.655,0.287,0,63.479,-8.062,0,25.479,40.291,NaN,NaN,NaN
41.162,-15.208,16.04,NaN,NaN,2588.655,0.287,0,63.479,-8.062,0,25.358,40.291,NaN,NaN,NaN
41.662,-15.208,16.023,NaN,NaN,2588.655,0.287,0,63.479,-8.062,0,25.379,40.291,NaN,NaN,NaN
42.162,-15.204,16.038,NaN,NaN,2588.655,0.287,0,63.479,-8.062,0,25.383,40.291,NaN,NaN,NaN
42.662,-15.2,16.039,NaN,NaN,2588.655,0.287,0,63.479,-8.062,0,25.414,40.291,NaN,NaN,NaN
43.162,-15.192,16.084,NaN,NaN,2588.655,0.287,0,63.479,-8.062,0,25.401,40.291,NaN,NaN,NaN
43.662,-15.186,16.127,NaN,NaN,2588.655,0.287,0,63.479,-8.062,0,25.414,40.291,NaN,NaN,NaN
44.162,-15.178,16.058,NaN,NaN,2588.655,0.287,0,63.479,-8.062,0,25.409,40.291,NaN,NaN,NaN
44.662,-15.172,15.992,NaN,NaN,2588.655,0.287,0,63.479,-8.062,0,25.389,40.291,NaN,NaN,NaN
45.162,-15.168,16.029,NaN,NaN,2588.655,0.287,0,63.479,-8.062,0,25.379,40.291,NaN,NaN,NaN
45.662,-15.164,16.009,NaN,NaN,2588.655,0.287,0,63.479,-8.062,0,25.396,40.291,NaN,NaN,NaN
46.162,-15.158,15.969,NaN,NaN,2588.655,0.287,0,63.479,-8.062,0,25.408,40.291,NaN,NaN,NaN
46.662,-15.151,15.913,NaN,NaN,2588.655,0.287,0,63.479,-8.062,0,25.405,40.291,NaN,NaN,NaN
47.162,-15.145,15.957,NaN,NaN,2588.655,0.287,0,63.479,-8.062,0,25.493,40.291,NaN,NaN,NaN
47.662,-15.131,16.051,NaN,NaN,2588.655,0.287,0,63.479,-8.062,0,25.348,40.291,NaN,NaN,NaN
48.162,-15.133,16.038,NaN,NaN,2588.655,0.287,0,63.479,-8.062,0,25.509,40.291,NaN,NaN,NaN
48.662,-15.117,15.907,NaN,NaN,2588.655,0.287,0,63.479,-8.062,0,25.339,40.291,NaN,NaN,NaN
48.663,-15.117,15.907,NaN,NaN,2588.655,0.287,0,63.479,-8.062,0,184.361,293.153,NaN,NaN,NaN
48.679,-14.117,14.958,NaN,NaN,2588.655,0.287,0,63.479,-8.062,0,160.779,293.153,NaN,NaN,NaN
48.698,-13.117,14.018,NaN,NaN,2588.655,0.287,0,63.479,-8.062,0,138.811,293.153,NaN,NaN,NaN
48.721,-12.117,13.088,NaN,NaN,2588.655,0.287,0,63.479,-8.062,0,118.456,293.153,NaN,NaN,NaN
48.749,-11.117,12.167,NaN,NaN,2588.655,0.287,0,63.479,-8.062,0,99.715,293.153,NaN,NaN,NaN
48.784,-10.117,11.259,NaN,NaN,2588.655,0.287,0,63.479,-8.062,0,82.727,293.153,NaN,NaN,NaN
48.829,-9.119,10.399,NaN,NaN,2588.655,0.287,0,63.479,-8.062,0,67.313,293.153,NaN,NaN,NaN
48.89,-8.123,9.586,NaN,NaN,2588.655,0.287,0,63.479,-8.062,0,53.419,293.153,NaN,NaN,NaN
48.982,-7.129,8.824,NaN,NaN,2588.655,0.287,0,63.479,-8.062,0,41.023,293.153,NaN,NaN,NaN
49.148,-6.13,8.01,NaN,NaN,2588.655,0.287,0,63.479,-8.062,0,30.535,293.153,NaN,NaN,NaN
49.409,-5.617,7.8,NaN,NaN,2588.655,0.287,0,63.479,-8.062,0,25.47,293.153,NaN,NaN,NaN
49.695,-5.605,7.786,NaN,NaN,2588.655,0.287,0,63.479,-8.062,0,25.7,293.153,NaN,NaN,NaN
49.981,-5.586,7.55,NaN,NaN,2588.655,0.287,0,63.479,-8.062,0,25.238,293.153,NaN,NaN,NaN
50.268,-5.602,7.639,NaN,NaN,2588.655,0.287,0,63.479,-8.062,0,25.409,293.153,NaN,NaN,NaN
50.554,-5.6,7.54,NaN,NaN,2588.655,0.287,0,63.479,-8.062,0,25.553,293.153,NaN,NaN,NaN
50.84,-5.591,7.713,NaN,NaN,2588.655,0.287,0,63.479,-8.062,0,25.255,293.153,NaN,NaN,NaN
51.126,-5.603,7.699,NaN,NaN,2588.655,0.287,0,63.479,-8.062,0,25.397,293.153,NaN,NaN,NaN
51.412,-5.6,7.625,NaN,NaN,2588.655,0.287,0,63.479,-8.062,0,25.35,293.153,NaN,NaN,NaN
51.698,-5.602,7.654,NaN,NaN,2588.655,0.287,0,63.479,-8.062,0,25.898,293.153,NaN,NaN,NaN
51.984,-5.572,7.356,NaN,NaN,2588.655,0.287,0,63.479,-8.062,0,25.164,293.153,NaN,NaN,NaN
52.272,-5.597,7.282,NaN,NaN,2588.655,0.287,0,63.479,-8.062,0,25.382,293.153,NaN,NaN,NaN
52.558,-5.598,7.202,NaN,NaN,2588.655,0.287,0,63.479,-8.062,0,25.575,293.153,NaN,NaN,NaN
52.844,-5.587,7.368,NaN,NaN,2588.655,0.287,0,63.479,-8.062,0,25.246,293.153,NaN,NaN,NaN
53.13,-5.6,7.391,NaN,NaN,2588.655,0.287,0,63.479,-8.062,0,25.828,293.153,NaN,NaN,NaN
53.416,-5.574,7.127,NaN,NaN,2588.655,0.287,0,63.479,-8.062,0,25.239,293.153,NaN,NaN,NaN
53.703,-5.593,7.029,NaN,NaN,2588.655,0.287,0,63.479,-8.062,0,25.48,293.153,NaN,NaN,NaN
53.989,-5.589,7.168,NaN,NaN,2588.655,0.287,0,63.479,-8.062,0,25.288,293.153,NaN,NaN,NaN
54.275,-5.597,7.139,NaN,NaN,2588.655,0.287,0,63.479,-8.062,0,25.942,293.153,NaN,NaN,NaN
54.561,-5.566,7.389,NaN,NaN,2588.655,0.287,0,63.479,-8.062,0,25.088,293.153,NaN,NaN,NaN
54.848,-5.596,7.456,NaN,NaN,2588.655,0.287,0,63.479,-8.062,0,25.575,293.153,NaN,NaN,NaN
55.134,-5.585,7.277,NaN,NaN,2588.655,0.287,0,63.479,-8.062,0,25.265,293.153,NaN,NaN,NaN
55.42,-5.596,7.249,NaN,NaN,2588.655,0.287,0,63.479,-8.062,0,25.359,293.153,NaN,NaN,NaN
55.706,-5.596,7.259,NaN,NaN,2588.655,0.287,0,63.479,-8.062,0,25.4,293.153,NaN,NaN,NaN
55.991,-5.593,7.325,NaN,NaN,2588.655,0.287,0,63.479,-8.062,0,25.435,293.153,NaN,NaN,NaN
56.277,-5.59,7.431,NaN,NaN,2588.655,0.287,0,63.479,-8.062,0,26.619,293.153,NaN,NaN,NaN
56.563,-5.524,7.827,NaN,NaN,2588.655,0.287,0,63.479,-8.062,0,25.076,293.153,NaN,NaN,NaN
56.852,-5.575,8.101,NaN,NaN,2588.655,0.287,0,63.479,-8.062,0,25.195,293.153,NaN,NaN,NaN
57.138,-5.593,8.084,NaN,NaN,2588.655,0.287,0,63.479,-8.062,0,25.869,293.153,NaN,NaN,NaN
57.424,-5.565,7.78,NaN,NaN,2588.655,0.287,0,63.479,-8.062,0,25.337,293.153,NaN,NaN,NaN
57.711,-5.58,7.608,NaN,NaN,2588.655,0.287,0,63.479,-8.062,0,25.503,293.153,NaN,NaN,NaN
57.997,-5.578,7.419,NaN,NaN,2588.655,0.287,0,63.479,-8.062,0,25.241,293.153,NaN,NaN,NaN
58.283,-5.592,7.406,NaN,NaN,2588.655,0.287,0,63.479,-8.062,0,25.413,293.153,NaN,NaN,NaN
58.568,-5.589,7.321,NaN,NaN,2588.655,0.287,0,63.479,-8.062,0,25.338,293.153,NaN,NaN,NaN
58.853,-5.591,7.327,NaN,NaN,2588.655,0.287,0,63.479,-8.062,0,25.416,293.153,NaN,NaN,NaN
59.139,-5.588,7.243,NaN,NaN,2588.655,0.287,0,63.479,-8.062,0,25.603,293.153,NaN,NaN,NaN
59.424,-5.575,7.42,NaN,NaN,2588.655,0.287,0,63.479,-8.062,0,25.364,293.153,NaN,NaN,NaN
59.71,-5.582,7.561,NaN,NaN,2588.655,0.287,0,63.479,-8.062,0,25.334,293.153,NaN,NaN,NaN
59.996,-5.587,7.493,NaN,NaN,2588.655,0.287,0,63.479,-8.062,0,25.35,293.153,NaN,NaN,NaN
60.281,-5.589,7.468,NaN,NaN,2588.655,0.287,0,63.479,-8.062,0,25.414,293.153,NaN,NaN,NaN
60.566,-5.585,7.552,NaN,NaN,2588.655,0.287,0,63.479,-8.062,0,25.338,293.153,NaN,NaN,NaN
60.852,-5.588,7.54,NaN,NaN,2588.655,0.287,0,63.479,-8.062,0,25.461,293.153,NaN,NaN,NaN
61.137,-5.582,7.42,NaN,NaN,2588.655,0.287,0,63.479,-8.062,0,25.579,293.153,NaN,NaN,NaN
61.422,-5.572,7.227,NaN,NaN,2588.655,0.287,0,63.479,-8.062,0,25.232,293.153,NaN,NaN,NaN
61.708,-5.587,7.248,NaN,NaN,2588.655,0.287,0,63.479,-8.062,0,25.394,293.153,NaN,NaN,NaN
61.993,-5.585,7.308,NaN,NaN,2588.655,0.287,0,63.479,-8.062,0,25.644,293.153,NaN,NaN,NaN
62.278,-5.57,7.496,NaN,NaN,2588.655,0.287,0,63.479,-8.062,0,25.219,293.153,NaN,NaN,NaN
62.564,-5.585,7.526,NaN,NaN,2588.655,0.287,0,63.479,-8.062,0,26.215,293.153,NaN,NaN,NaN
62.849,-5.538,7.151,NaN,NaN,2588.655,0.287,0,63.479,-8.062,0,25.593,293.153,NaN,NaN,NaN
63.137,-5.549,7.453,NaN,NaN,2588.655,0.287,0,63.479,-8.062,0,25.253,293.153,NaN,NaN,NaN
63.424,-5.572,7.644,NaN,NaN,2588.655,0.287,0,63.479,-8.062,0,25.361,293.153,NaN,NaN,NaN
63.709,-5.578,7.527,NaN,NaN,2588.655,0.287,0,63.479,-8.062,0,25.49,293.153,NaN,NaN,NaN
63.994,-5.573,7.368,NaN,NaN,2588.655,0.287,0,63.479,-8.062,0,25.363,293.153,NaN,NaN,NaN
64.28,-5.578,7.48,NaN,NaN,2588.655,0.287,0,63.479,-8.062,0,25.324,293.153,NaN,NaN,NaN
64.565,-5.582,7.457,NaN,NaN,2588.655,0.287,0,63.479,-8.062,0,25.793,293.153,NaN,NaN,NaN
64.85,-5.558,7.688,NaN,NaN,2588.655,0.287,0,63.479,-8.062,0,25.227,293.153,NaN,NaN,NaN
65.136,-5.577,7.595,NaN,NaN,2588.655,0.287,0,63.479,-8.062,0,25.565,293.153,NaN,NaN,NaN
65.421,-5.568,7.776,NaN,NaN,2588.655,0.287,0,63.479,-8.062,0,25.694,293.153,NaN,NaN,NaN
65.706,-5.556,8.034,NaN,NaN,2588.655,0.287,0,63.479,-8.062,0,25.169,293.153,NaN,NaN,NaN
65.992,-5.578,8.12,NaN,NaN,2588.655,0.287,0,63.479,-8.062,0,25.349,293.153,NaN,NaN,NaN
66.277,-5.58,8.121,NaN,NaN,2588.655,0.287,0,63.479,-8.062,0,25.365,293.153,NaN,NaN,NaN
66.562,-5.579,8.104,NaN,NaN,2588.655,0.287,0,63.479,-8.062,0,25.879,293.153,NaN,NaN,NaN
66.847,-5.551,7.797,NaN,NaN,2588.655,0.287,0,63.479,-8.062,0,25.167,293.153,NaN,NaN,NaN
67.133,-5.575,7.91,NaN,NaN,2588.655,0.287,0,63.479,-8.062,0,26.285,293.153,NaN,NaN,NaN
67.418,-5.526,7.493,NaN,NaN,2588.655,0.287,0,63.479,-8.062,0,25.744,293.153,NaN,NaN,NaN
67.705,-5.531,7.156,NaN,NaN,2588.655,0.287,0,63.479,-8.062,0,25.265,293.153,NaN,NaN,NaN
67.992,-5.559,7.383,NaN,NaN,2588.655,0.287,0,63.479,-8.062,0,25.24,293.153,NaN,NaN,NaN
68.278,-5.575,7.464,NaN,NaN,2588.655,0.287,0,63.479,-8.062,0,25.457,293.153,NaN,NaN,NaN
68.562,-5.57,7.585,NaN,NaN,2588.655,0.287,0,63.479,-8.062,0,25.465,293.153,NaN,NaN,NaN
68.847,-5.567,7.734,NaN,NaN,2588.655,0.287,0,63.479,-8.062,0,25.768,293.153,NaN,NaN,NaN
69.132,-5.549,7.456,NaN,NaN,2588.655,0.287,0,63.479,-8.062,0,25.173,293.153,NaN,NaN,NaN
69.418,-5.572,7.391,NaN,NaN,2588.655,0.287,0,63.479,-8.062,0,25.611,293.153,NaN,NaN,NaN
69.703,-5.56,7.194,NaN,NaN,2588.655,0.287,0,63.479,-8.062,0,26.373,293.153,NaN,NaN,NaN
69.988,-5.512,6.787,NaN,NaN,2588.655,0.287,0,63.479,-8.062,0,24.823,293.153,NaN,NaN,NaN
70.276,-5.573,6.885,NaN,NaN,2588.655,0.287,0,63.479,-8.062,0,25.372,293.153,NaN,NaN,NaN
70.56,-5.572,6.926,NaN,NaN,2588.655,0.287,0,63.479,-8.062,0,25.625,293.153,NaN,NaN,NaN
70.844,-5.558,6.747,NaN,NaN,2588.655,0.287,0,63.479,-8.062,0,25.461,293.153,NaN,NaN,NaN
71.13,-5.56,6.903,NaN,NaN,2588.655,0.287,0,63.479,-8.062,0,26.042,293.153,NaN,NaN,NaN
71.415,-5.529,7.187,NaN,NaN,2588.655,0.287,0,63.479,-8.062,0,25.055,293.153,NaN,NaN,NaN
71.701,-5.567,7.319,NaN,NaN,2588.655,0.287,0,63.479,-8.062,0,25.536,293.153,NaN,NaN,NaN
71.986,-5.559,7.482,NaN,NaN,2588.655,0.287,0,63.479,-8.062,0,25.366,293.153,NaN,NaN,NaN
72.271,-5.565,7.365,NaN,NaN,2588.655,0.287,0,63.479,-8.062,0,25.372,293.153,NaN,NaN,NaN
72.555,-5.567,7.458,NaN,NaN,2588.655,0.287,0,63.479,-8.062,0,25.475,293.153,NaN,NaN,NaN
72.84,-5.562,7.595,NaN,NaN,2588.655,0.287,0,63.479,-8.062,0,25.316,293.153,NaN,NaN,NaN
73.124,-5.568,7.542,NaN,NaN,2588.655,0.287,0,63.479,-8.062,0,25.413,293.153,NaN,NaN,NaN
73.409,-5.566,7.633,NaN,NaN,2588.655,0.287,0,63.479,-8.062,0,25.439,293.153,NaN,NaN,NaN
73.693,-5.563,7.755,NaN,NaN,2588.655,0.287,0,63.479,-8.062,0,25.36,293.153,NaN,NaN,NaN
73.977,-5.565,7.843,NaN,NaN,2588.655,0.287,0,63.479,-8.062,0,25.398,293.153,NaN,NaN,NaN
74.262,-5.564,7.937,NaN,NaN,2588.655,0.287,0,63.479,-8.062,0,25.345,293.153,NaN,NaN,NaN
74.546,-5.567,7.898,NaN,NaN,2588.655,0.287,0,63.479,-8.062,0,25.375,293.153,NaN,NaN,NaN
74.83,-5.566,7.847,NaN,NaN,2588.655,0.287,0,63.479,-8.062,0,25.658,293.153,NaN,NaN,NaN
75.114,-5.55,7.623,NaN,NaN,2588.655,0.287,0,63.479,-8.062,0,25.248,293.153,NaN,NaN,NaN
75.399,-5.564,7.562,NaN,NaN,2588.655,0.287,0,63.479,-8.062,0,25.483,293.153,NaN,NaN,NaN
75.683,-5.558,7.421,NaN,NaN,2588.655,0.287,0,63.479,-8.062,0,25.678,293.153,NaN,NaN,NaN
75.968,-5.544,7.643,NaN,NaN,2588.655,0.287,0,63.479,-8.062,0,25.174,293.153,NaN,NaN,NaN
76.253,-5.565,7.662,NaN,NaN,2588.655,0.287,0,63.479,-8.062,0,25.383,293.153,NaN,NaN,NaN
76.537,-5.563,7.608,NaN,NaN,2588.655,0.287,0,63.479,-8.062,0,25.369,293.153,NaN,NaN,NaN
76.821,-5.563,7.563,NaN,NaN,2588.655,0.287,0,63.479,-8.062,0,25.358,293.153,NaN,NaN,NaN
77.105,-5.563,7.575,NaN,NaN,2588.655,0.287,0,63.479,-8.062,0,25.365,293.153,NaN,NaN,NaN
77.389,-5.563,7.561,NaN,NaN,2588.655,0.287,0,63.479,-8.062,0,25.413,293.153,NaN,NaN,NaN
77.672,-5.56,7.643,NaN,NaN,2588.655,0.287,0,63.479,-8.062,0,25.436,293.153,NaN,NaN,NaN
77.956,-5.557,7.524,NaN,NaN,2588.655,0.287,0,63.479,-8.062,0,25.318,293.153,NaN,NaN,NaN
78.241,-5.562,7.51,NaN,NaN,2588.655,0.287,0,63.479,-8.062,0,25.492,293.153,NaN,NaN,NaN
78.524,-5.554,7.64,NaN,NaN,2588.655,0.287,0,63.479,-8.062,0,25.302,293.153,NaN,NaN,NaN
78.809,-5.561,7.661,NaN,NaN,2588.655,0.287,0,63.479,-8.062,0,25.45,293.153,NaN,NaN,NaN
79.092,-5.556,7.546,NaN,NaN,2588.655,0.287,0,63.479,-8.062,0,25.776,293.153,NaN,NaN,NaN
79.376,-5.535,7.281,NaN,NaN,2588.655,0.287,0,63.479,-8.062,0,25.147,293.153,NaN,NaN,NaN
79.661,-5.559,7.334,NaN,NaN,2588.655,0.287,0,63.479,-8.062,0,25.361,293.153,NaN,NaN,NaN
79.945,-5.559,7.321,NaN,NaN,2588.655,0.287,0,63.479,-8.062,0,26.009,293.153,NaN,NaN,NaN
80.229,-5.524,7.595,NaN,NaN,2588.655,0.287,0,63.479,-8.062,0,25.078,293.153,NaN,NaN,NaN
80.514,-5.557,7.55,NaN,NaN,2588.655,0.287,0,63.479,-8.062,0,25.709,293.153,NaN,NaN,NaN
80.798,-5.538,7.766,NaN,NaN,2588.655,0.287,0,63.479,-8.062,0,25.219,293.153,NaN,NaN,NaN
81.083,-5.556,7.707,NaN,NaN,2588.655,0.287,0,63.479,-8.062,0,25.385,293.153,NaN,NaN,NaN
81.366,-5.555,7.781,NaN,NaN,2588.655,0.287,0,63.479,-8.062,0,25.363,293.153,NaN,NaN,NaN
81.65,-5.556,7.731,NaN,NaN,2588.655,0.287,0,63.479,-8.062,0,25.357,293.153,NaN,NaN,NaN
81.934,-5.556,7.746,NaN,NaN,2588.655,0.287,0,63.479,-8.062,0,25.415,293.153,NaN,NaN,NaN
82.217,-5.553,7.832,NaN,NaN,2588.655,0.287,0,63.479,-8.062,0,25.444,293.153,NaN,NaN,NaN
82.501,-5.55,7.957,NaN,NaN,2588.655,0.287,0,63.479,-8.062,0,25.34,293.153,NaN,NaN,NaN
82.785,-5.553,7.892,NaN,NaN,2588.655,0.287,0,63.479,-8.062,0,25.822,293.153,NaN,NaN,NaN
83.068,-5.529,7.607,NaN,NaN,2588.655,0.287,0,63.479,-8.062,0,25.515,293.153,NaN,NaN,NaN
83.353,-5.533,7.377,NaN,NaN,2588.655,0.287,0,63.479,-8.062,0,25.404,293.153,NaN,NaN,NaN
83.637,-5.541,7.209,NaN,NaN,2588.655,0.287,0,63.479,-8.062,0,25.258,293.153,NaN,NaN,NaN
83.921,-5.553,7.184,NaN,NaN,2588.655,0.287,0,63.479,-8.062,0,25.368,293.153,NaN,NaN,NaN
84.205,-5.553,7.216,NaN,NaN,2588.655,0.287,0,63.479,-8.062,0,25.529,293.153,NaN,NaN,NaN
84.488,-5.543,7.065,NaN,NaN,2588.655,0.287,0,63.479,-8.062,0,25.292,293.153,NaN,NaN,NaN
84.772,-5.551,7.034,NaN,NaN,2588.655,0.287,0,63.479,-8.062,0,25.387,293.153,NaN,NaN,NaN
85.055,-5.55,7.09,NaN,NaN,2588.655,0.287,0,63.479,-8.062,0,25.351,293.153,NaN,NaN,NaN
85.339,-5.551,7.099,NaN,NaN,2588.655,0.287,0,63.479,-8.062,0,25.368,293.153,NaN,NaN,NaN
85.622,-5.551,7.119,NaN,NaN,2588.655,0.287,0,63.479,-8.062,0,26.969,293.153,NaN,NaN,NaN
85.905,-5.464,7.527,NaN,NaN,2588.655,0.287,0,63.479,-8.062,0,24.662,293.153,NaN,NaN,NaN
86.193,-5.546,7.696,NaN,NaN,2588.655,0.287,0,63.479,-8.062,0,25.403,293.153,NaN,NaN,NaN
86.477,-5.546,7.592,NaN,NaN,2588.655,0.287,0,63.479,-8.062,0,25.674,293.153,NaN,NaN,NaN
86.76,-5.53,7.361,NaN,NaN,2588.655,0.287,0,63.479,-8.062,0,25.199,293.153,NaN,NaN,NaN
87.044,-5.548,7.344,NaN,NaN,2588.655,0.287,0,63.479,-8.062,0,25.429,293.153,NaN,NaN,NaN
87.327,-5.545,7.248,NaN,NaN,2588.655,0.287,0,63.479,-8.062,0,25.36,293.153,NaN,NaN,NaN
87.611,-5.546,7.189,NaN,NaN,2588.655,0.287,0,63.479,-8.062,0,25.403,293.153,NaN,NaN,NaN
87.894,-5.545,7.269,NaN,NaN,2588.655,0.287,0,63.479,-8.062,0,25.441,293.153,NaN,NaN,NaN
88.177,-5.542,7.383,NaN,NaN,2588.655,0.287,0,63.479,-8.062,0,25.313,293.153,NaN,NaN,NaN
88.46,-5.547,7.381,NaN,NaN,2588.655,0.287,0,63.479,-8.062,0,25.42,293.153,NaN,NaN,NaN
88.743,-5.543,7.465,NaN,NaN,2588.655,0.287,0,63.479,-8.062,0,25.337,293.153,NaN,NaN,NaN
89.027,-5.546,7.472,NaN,NaN,2588.655,0.287,0,63.479,-8.062,0,25.371,293.153,NaN,NaN,NaN
89.31,-5.545,7.441,NaN,NaN,2588.655,0.287,0,63.479,-8.062,0,25.39,293.153,NaN,NaN,NaN
89.593,-5.543,7.502,NaN,NaN,2588.655,0.287,0,63.479,-8.062,0,25.365,293.153,NaN,NaN,NaN
89.876,-5.544,7.457,NaN,NaN,2588.655,0.287,0,63.479,-8.062,0,25.485,293.153,NaN,NaN,NaN
90.159,-5.537,7.585,NaN,NaN,2588.655,0.287,0,63.479,-8.062,0,25.613,293.153,NaN,NaN,NaN
90.442,-5.527,7.793,NaN,NaN,2588.655,0.287,0,63.479,-8.062,0,25.216,293.153,NaN,NaN,NaN
90.726,-5.543,7.838,NaN,NaN,2588.655,0.287,0,63.479,-8.062,0,25.536,293.153,NaN,NaN,NaN
91.009,-5.533,7.669,NaN,NaN,2588.655,0.287,0,63.479,-8.062,0,25.819,293.153,NaN,NaN,NaN
91.292,-5.513,7.376,NaN,NaN,2588.655,0.287,0,63.479,-8.062,0,25.76,293.153,NaN,NaN,NaN
91.576,-5.506,7.077,NaN,NaN,2588.655,0.287,0,63.479,-8.062,0,25.373,293.153,NaN,NaN,NaN
91.861,-5.523,6.893,NaN,NaN,2588.655,0.287,0,63.479,-8.062,0,25.207,293.153,NaN,NaN,NaN
92.145,-5.541,6.874,NaN,NaN,2588.655,0.287,0,63.479,-8.062,0,25.385,293.153,NaN,NaN,NaN
92.427,-5.54,6.924,NaN,NaN,2588.655,0.287,0,63.479,-8.062,0,25.454,293.153,NaN,NaN,NaN
92.71,-5.535,7.027,NaN,NaN,2588.655,0.287,0,63.479,-8.062,0,25.704,293.153,NaN,NaN,NaN
92.993,-5.519,7.233,NaN,NaN,2588.655,0.287,0,63.479,-8.062,0,25.541,293.153,NaN,NaN,NaN
93.277,-5.52,7.456,NaN,NaN,2588.655,0.287,0,63.479,-8.062,0,26.038,293.153,NaN,NaN,NaN
93.561,-5.493,7.794,NaN,NaN,2588.655,0.287,0,63.479,-8.062,0,25.059,293.153,NaN,NaN,NaN
93.846,-5.532,7.958,NaN,NaN,2588.655,0.287,0,63.479,-8.062,0,25.588,293.153,NaN,NaN,NaN
94.129,-5.523,7.743,NaN,NaN,2588.655,0.287,0,63.479,-8.062,0,25.532,293.153,NaN,NaN,NaN
94.412,-5.521,7.529,NaN,NaN,2588.655,0.287,0,63.479,-8.062,0,25.233,293.153,NaN,NaN,NaN
94.696,-5.536,7.485,NaN,NaN,2588.655,0.287,0,63.479,-8.062,0,25.387,293.153,NaN,NaN,NaN
94.978,-5.535,7.417,NaN,NaN,2588.655,0.287,0,63.479,-8.062,0,25.369,293.153,NaN,NaN,NaN
95.261,-5.536,7.47,NaN,NaN,2588.655,0.287,0,63.479,-8.062,0,25.355,293.153,NaN,NaN,NaN
95.544,-5.536,7.475,NaN,NaN,2588.655,0.287,0,63.479,-8.062,0,25.365,293.153,NaN,NaN,NaN
95.826,-5.536,7.482,NaN,NaN,2588.655,0.287,0,63.479,-8.062,0,25.493,293.153,NaN,NaN,NaN
96.109,-5.529,7.345,NaN,NaN,2588.655,0.287,0,63.479,-8.062,0,25.305,293.153,NaN,NaN,NaN
96.391,-5.535,7.374,NaN,NaN,2588.655,0.287,0,63.479,-8.062,0,25.72,293.153,NaN,NaN,NaN
96.674,-5.515,7.582,NaN,NaN,2588.655,0.287,0,63.479,-8.062,0,25.347,293.153,NaN,NaN,NaN
96.957,-5.526,7.742,NaN,NaN,2588.655,0.287,0,63.479,-8.062,0,25.382,293.153,NaN,NaN,NaN
97.24,-5.529,7.625,NaN,NaN,2588.655,0.287,0,63.479,-8.062,0,25.408,293.153,NaN,NaN,NaN
97.523,-5.529,7.741,NaN,NaN,2588.655,0.287,0,63.479,-8.062,0,25.438,293.153,NaN,NaN,NaN
97.805,-5.527,7.874,NaN,NaN,2588.655,0.287,0,63.479,-8.062,0,25.608,293.153,NaN,NaN,NaN
98.088,-5.516,8.086,NaN,NaN,2588.655,0.287,0,63.479,-8.062,0,25.217,293.153,NaN,NaN,NaN
98.371,-5.532,8.075,NaN,NaN,2588.655,0.287,0,63.479,-8.062,0,25.424,293.153,NaN,NaN,NaN
98.654,-5.529,8.171,NaN,NaN,2588.655,0.287,0,63.479,-8.062,0,25.345,293.153,NaN,NaN,NaN
98.936,-5.531,8.131,NaN,NaN,2588.655,0.287,0,63.479,-8.062,0,25.382,293.153,NaN,NaN,NaN
99.218,-5.53,8.069,NaN,NaN,2588.655,0.287,0,63.479,-8.062,0,26.83,293.153,NaN,NaN,NaN
99.501,-5.451,7.527,NaN,NaN,2588.655,0.287,0,63.479,-8.062,0,24.643,293.153,NaN,NaN,NaN
99.787,-5.531,7.571,NaN,NaN,2588.655,0.287,0,63.479,-8.062,0,25.571,293.153,NaN,NaN,NaN
100.069,-5.519,7.395,NaN,NaN,2588.655,0.287,0,63.479,-8.062,0,25.274,293.153,NaN,NaN,NaN
100.352,-5.529,7.44,NaN,NaN,2588.655,0.287,0,63.479,-8.062,0,25.414,293.153,NaN,NaN,NaN
100.634,-5.526,7.353,NaN,NaN,2588.655,0.287,0,63.479,-8.062,0,25.339,293.153,NaN,NaN,NaN
100.916,-5.529,7.364,NaN,NaN,2588.655,0.287,0,63.479,-8.062,0,25.708,293.153,NaN,NaN,NaN
101.198,-5.51,7.568,NaN,NaN,2588.655,0.287,0,63.479,-8.062,0,25.225,293.153,NaN,NaN,NaN
101.481,-5.526,7.514,NaN,NaN,2588.655,0.287,0,63.479,-8.062,0,25.372,293.153,NaN,NaN,NaN
101.981,-5.526,7.614,NaN,NaN,2588.655,0.287,0,63.479,-8.062,0,25.36,293.153,NaN,NaN,NaN
102.264,-5.526,7.591,NaN,NaN,2588.655,0.287,0,63.479,-8.062,0,25.364,293.153,NaN,NaN,NaN
102.546,-5.526,7.578,NaN,NaN,2588.655,0.287,0,63.479,-8.062,0,25.411,293.153,NaN,NaN,NaN
102.828,-5.523,7.657,NaN,NaN,2588.655,0.287,0,63.479,-8.062,0,25.452,293.153,NaN,NaN,NaN
103.11,-5.519,7.782,NaN,NaN,2588.655,0.287,0,63.479,-8.062,0,25.558,293.153,NaN,NaN,NaN
103.392,-5.512,7.585,NaN,NaN,2588.655,0.287,0,63.479,-8.062,0,25.552,293.153,NaN,NaN,NaN
103.675,-5.508,7.374,NaN,NaN,2588.655,0.287,0,63.479,-8.062,0,25.242,293.153,NaN,NaN,NaN
103.957,-5.523,7.451,NaN,NaN,2588.655,0.287,0,63.479,-8.062,0,25.355,293.153,NaN,NaN,NaN
104.239,-5.524,7.479,NaN,NaN,2588.655,0.287,0,63.479,-8.062,0,25.694,293.153,NaN,NaN,NaN
104.521,-5.505,7.684,NaN,NaN,2588.655,0.287,0,63.479,-8.062,0,25.524,293.153,NaN,NaN,NaN
104.804,-5.505,7.906,NaN,NaN,2588.655,0.287,0,63.479,-8.062,0,25.519,293.153,NaN,NaN,NaN
105.304,-5.505,7.522,NaN,NaN,2588.655,0.287,0,63.479,-8.062,0,25.742,293.153,NaN,NaN,NaN
105.587,-5.493,7.243,NaN,NaN,2588.655,0.287,0,63.479,-8.062,0,25.207,293.153,NaN,NaN,NaN
105.87,-5.516,7.378,NaN,NaN,2588.655,0.287,0,63.479,-8.062,0,25.314,293.153,NaN,NaN,NaN
106.152,-5.521,7.368,NaN,NaN,2588.655,0.287,0,63.479,-8.062,0,25.366,293.153,NaN,NaN,NaN
106.434,-5.521,7.381,NaN,NaN,2588.655,0.287,0,63.479,-8.062,0,25.595,293.153,NaN,NaN,NaN
106.715,-5.508,7.198,NaN,NaN,2588.655,0.287,0,63.479,-8.062,0,25.253,293.153,NaN,NaN,NaN
106.998,-5.52,7.225,NaN,NaN,2588.655,0.287,0,63.479,-8.062,0,25.412,293.153,NaN,NaN,NaN
107.279,-5.517,7.301,NaN,NaN,2588.655,0.287,0,63.479,-8.062,0,25.742,293.153,NaN,NaN,NaN
107.561,-5.497,7.521,NaN,NaN,2588.655,0.287,0,63.479,-8.062,0,25.207,293.153,NaN,NaN,NaN
107.844,-5.516,7.611,NaN,NaN,2588.655,0.287,0,63.479,-8.062,0,25.426,293.153,NaN,NaN,NaN
108.126,-5.514,7.717,NaN,NaN,2588.655,0.287,0,63.479,-8.062,0,25.456,293.153,NaN,NaN,NaN
108.407,-5.511,7.855,NaN,NaN,2588.655,0.287,0,63.479,-8.062,0,25.346,293.153,NaN,NaN,NaN
108.689,-5.515,7.774,NaN,NaN,2588.655,0.287,0,63.479,-8.062,0,25.354,293.153,NaN,NaN,NaN
108.971,-5.516,7.817,NaN,NaN,2588.655,0.287,0,63.479,-8.062,0,25.366,293.153,NaN,NaN,NaN
109.253,-5.516,7.785,NaN,NaN,2588.655,0.287,0,63.479,-8.062,0,25.406,293.153,NaN,NaN,NaN
109.534,-5.514,7.703,NaN,NaN,2588.655,0.287,0,63.479,-8.062,0,25.808,293.153,NaN,NaN,NaN
109.816,-5.491,7.427,NaN,NaN,2588.655,0.287,0,63.479,-8.062,0,25.273,293.153,NaN,NaN,NaN
110.098,-5.508,7.304,NaN,NaN,2588.655,0.287,0,63.479,-8.062,0,25.449,293.153,NaN,NaN,NaN
110.38,-5.507,7.164,NaN,NaN,2588.655,0.287,0,63.479,-8.062,0,25.313,293.153,NaN,NaN,NaN
110.662,-5.513,7.223,NaN,NaN,2588.655,0.287,0,63.479,-8.062,0,25.463,293.153,NaN,NaN,NaN
110.944,-5.508,7.103,NaN,NaN,2588.655,0.287,0,63.479,-8.062,0,25.313,293.153,NaN,NaN,NaN
111.225,-5.514,7.094,NaN,NaN,2588.655,0.287,0,63.479,-8.062,0,25.552,293.153,NaN,NaN,NaN
111.507,-5.503,7.238,NaN,NaN,2588.655,0.287,0,63.479,-8.062,0,25.277,293.153,NaN,NaN,NaN
111.788,-5.513,7.27,NaN,NaN,2588.655,0.287,0,63.479,-8.062,0,25.522,293.153,NaN,NaN,NaN
112.07,-5.504,7.408,NaN,NaN,2588.655,0.287,0,63.479,-8.062,0,25.425,293.153,NaN,NaN,NaN
112.351,-5.504,7.274,NaN,NaN,2588.655,0.287,0,63.479,-8.062,0,25.584,293.153,NaN,NaN,NaN
112.633,-5.496,7.463,NaN,NaN,2588.655,0.287,0,63.479,-8.062,0,25.369,293.153,NaN,NaN,NaN
112.915,-5.503,7.328,NaN,NaN,2588.655,0.287,0,63.479,-8.062,0,25.737,293.153,NaN,NaN,NaN
113.197,-5.487,7.077,NaN,NaN,2588.655,0.287,0,63.479,-8.062,0,25.241,293.153,NaN,NaN,NaN
113.479,-5.505,7.2,NaN,NaN,2588.655,0.287,0,63.479,-8.062,0,25.696,293.153,NaN,NaN,NaN
113.761,-5.489,7.411,NaN,NaN,2588.655,0.287,0,63.479,-8.062,0,25.181,293.153,NaN,NaN,NaN
114.043,-5.509,7.404,NaN,NaN,2588.655,0.287,0,63.479,-8.062,0,25.369,293.153,NaN,NaN,NaN
114.324,-5.509,7.428,NaN,NaN,2588.655,0.287,0,63.479,-8.062,0,25.609,293.153,NaN,NaN,NaN
114.605,-5.495,7.603,NaN,NaN,2588.655,0.287,0,63.479,-8.062,0,25.265,293.153,NaN,NaN,NaN
114.887,-5.507,7.556,NaN,NaN,2588.655,0.287,0,63.479,-8.062,0,25.364,293.153,NaN,NaN,NaN
115.168,-5.507,7.521,NaN,NaN,2588.655,0.287,0,63.479,-8.062,0,25.513,293.153,NaN,NaN,NaN
115.449,-5.499,7.371,NaN,NaN,2588.655,0.287,0,63.479,-8.062,0,25.907,293.153,NaN,NaN,NaN
115.73,-5.473,7.069,NaN,NaN,2588.655,0.287,0,63.479,-8.062,0,25.248,293.153,NaN,NaN,NaN
116.013,-5.496,6.939,NaN,NaN,2588.655,0.287,0,63.479,-8.062,0,25.272,293.153,NaN,NaN,NaN
116.295,-5.506,6.943,NaN,NaN,2588.655,0.287,0,63.479,-8.062,0,25.5,293.153,NaN,NaN,NaN
116.576,-5.498,7.061,NaN,NaN,2588.655,0.287,0,63.479,-8.062,0,25.577,293.153,NaN,NaN,NaN
116.857,-5.49,7.24,NaN,NaN,2588.655,0.287,0,63.479,-8.062,0,25.294,293.153,NaN,NaN,NaN
117.139,-5.501,7.157,NaN,NaN,2588.655,0.287,0,63.479,-8.062,0,25.357,293.153,NaN,NaN,NaN
117.42,-5.503,7.213,NaN,NaN,2588.655,0.287,0,63.479,-8.062,0,25.356,293.153,NaN,NaN,NaN
117.701,-5.504,7.229,NaN,NaN,2588.655,0.287,0,63.479,-8.062,0,25.37,293.153,NaN,NaN,NaN
117.981,-5.503,7.203,NaN,NaN,2588.655,0.287,0,63.479,-8.062,0,25.43,293.153,NaN,NaN,NaN
118.262,-5.499,7.292,NaN,NaN,2588.655,0.287,0,63.479,-8.062,0,25.34,293.153,NaN,NaN,NaN
118.543,-5.502,7.325,NaN,NaN,2588.655,0.287,0,63.479,-8.062,0,25.372,293.153,NaN,NaN,NaN
118.824,-5.502,7.288,NaN,NaN,2588.655,0.287,0,63.479,-8.062,0,25.363,293.153,NaN,NaN,NaN
119.324,-5.502,7.321,NaN,NaN,2588.655,0.287,0,63.479,-8.062,0,25.727,293.153,NaN,NaN,NaN
119.605,-5.482,7.528,NaN,NaN,2588.655,0.287,0,63.479,-8.062,0,25.195,293.153,NaN,NaN,NaN
119.886,-5.5,7.575,NaN,NaN,2588.655,0.287,0,63.479,-8.062,0,25.584,293.153,NaN,NaN,NaN
120.167,-5.488,7.391,NaN,NaN,2588.655,0.287,0,63.479,-8.062,0,26.455,293.153,NaN,NaN,NaN
120.448,-5.435,6.954,NaN,NaN,2588.655,0.287,0,63.479,-8.062,0,24.784,293.153,NaN,NaN,NaN
120.732,-5.499,6.973,NaN,NaN,2588.655,0.287,0,63.479,-8.062,0,25.847,293.153,NaN,NaN,NaN
121.013,-5.473,7.195,NaN,NaN,2588.655,0.287,0,63.479,-8.062,0,25.373,293.153,NaN,NaN,NaN
121.295,-5.485,7.383,NaN,NaN,2588.655,0.287,0,63.479,-8.062,0,25.25,293.153,NaN,NaN,NaN
121.576,-5.498,7.363,NaN,NaN,2588.655,0.287,0,63.479,-8.062,0,25.405,293.153,NaN,NaN,NaN
121.857,-5.495,7.287,NaN,NaN,2588.655,0.287,0,63.479,-8.062,0,25.351,293.153,NaN,NaN,NaN
122.137,-5.497,7.26,NaN,NaN,2588.655,0.287,0,63.479,-8.062,0,25.363,293.153,NaN,NaN,NaN
122.418,-5.497,7.26,NaN,NaN,2588.655,0.287,0,63.479,-8.062,0,25.437,293.153,NaN,NaN,NaN
122.698,-5.493,7.352,NaN,NaN,2588.655,0.287,0,63.479,-8.062,0,25.333,293.153,NaN,NaN,NaN
122.979,-5.496,7.372,NaN,NaN,2588.655,0.287,0,63.479,-8.062,0,25.372,293.153,NaN,NaN,NaN
123.259,-5.495,7.34,NaN,NaN,2588.655,0.287,0,63.479,-8.062,0,25.363,293.153,NaN,NaN,NaN
123.54,-5.495,7.33,NaN,NaN,2588.655,0.287,0,63.479,-8.062,0,25.416,293.153,NaN,NaN,NaN
123.82,-5.492,7.409,NaN,NaN,2588.655,0.287,0,63.479,-8.062,0,25.418,293.153,NaN,NaN,NaN
124.101,-5.49,7.306,NaN,NaN,2588.655,0.287,0,63.479,-8.062,0,25.346,293.153,NaN,NaN,NaN
124.381,-5.493,7.357,NaN,NaN,2588.655,0.287,0,63.479,-8.062,0,25.622,293.153,NaN,NaN,NaN
124.662,-5.479,7.537,NaN,NaN,2588.655,0.287,0,63.479,-8.062,0,25.3,293.153,NaN,NaN,NaN
124.943,-5.49,7.641,NaN,NaN,2588.655,0.287,0,63.479,-8.062,0,25.505,293.153,NaN,NaN,NaN
125.223,-5.483,7.481,NaN,NaN,2588.655,0.287,0,63.479,-8.062,0,25.388,293.153,NaN,NaN,NaN
125.504,-5.486,7.362,NaN,NaN,2588.655,0.287,0,63.479,-8.062,0,25.361,293.153,NaN,NaN,NaN
125.785,-5.489,7.284,NaN,NaN,2588.655,0.287,0,63.479,-8.062,0,25.556,293.153,NaN,NaN,NaN
126.065,-5.48,7.446,NaN,NaN,2588.655,0.287,0,63.479,-8.062,0,25.412,293.153,NaN,NaN,NaN
126.346,-5.483,7.595,NaN,NaN,2588.655,0.287,0,63.479,-8.062,0,25.502,293.153,NaN,NaN,NaN
126.626,-5.479,7.769,NaN,NaN,2588.655,0.287,0,63.479,-8.062,0,25.35,293.153,NaN,NaN,NaN
126.907,-5.485,7.89,NaN,NaN,2588.655,0.287,0,63.479,-8.062,0,25.374,293.153,NaN,NaN,NaN
127.187,-5.487,7.801,NaN,NaN,2588.655,0.287,0,63.479,-8.062,0,25.376,293.153,NaN,NaN,NaN
127.468,-5.487,7.876,NaN,NaN,2588.655,0.287,0,63.479,-8.062,0,25.572,293.153,NaN,NaN,NaN
127.748,-5.477,7.684,NaN,NaN,2588.655,0.287,0,63.479,-8.062,0,25.694,293.153,NaN,NaN,NaN
128.029,-5.465,7.424,NaN,NaN,2588.655,0.287,0,63.479,-8.062,0,26.4,293.153,NaN,NaN,NaN
128.31,-5.421,6.982,NaN,NaN,2588.655,0.287,0,63.479,-8.062,0,25.042,293.153,NaN,NaN,NaN
128.593,-5.472,6.84,NaN,NaN,2588.655,0.287,0,63.479,-8.062,0,25.328,293.153,NaN,NaN,NaN
128.874,-5.482,6.742,NaN,NaN,2588.655,0.287,0,63.479,-8.062,0,25.371,293.153,NaN,NaN,NaN
129.155,-5.484,6.82,NaN,NaN,2588.655,0.287,0,63.479,-8.062,0,25.789,293.153,NaN,NaN,NaN
129.435,-5.462,7.029,NaN,NaN,2588.655,0.287,0,63.479,-8.062,0,25.262,293.153,NaN,NaN,NaN
129.793,-5.484,7.2,NaN,NaN,2588.655,0.287,0,63.479,-8.062,0,25.396,293.153,NaN,0.18,NaN
