time,w_1,w_2,w_3,v_1,v_2,v_3,q_w,q_x,q_y,q_z,zeta,AoA,M1,M2,M3
0.0,0.0,0.0,0.0,0.0,0.0,-0.24525000000000002,1.0,0.0,0.0,0.0,0.0,,0.0,0.0,0.0
0.025,0.0,0.0,0.0,0.0,0.0,2.312948983836503,1.0,0.0,0.0,0.0,0.0,,0.0,0.0,0.0
0.05,0.0,0.0,0.0,0.0,0.0,4.603351647874327,1.0,0.0,0.0,0.0,0.0,,0.0,0.0,0.0
0.07500000000000001,0.0,0.0,0.0,0.0,0.0,6.961954702098504,1.0,0.0,0.0,0.0,0.0,,0.0,0.0,0.0
0.1,0.0,0.0,0.0,0.0,0.0,9.388547967877727,1.0,0.0,0.0,0.0,0.0,,0.0,0.0,0.0
0.125,0.0,0.0,0.0,0.0,0.0,11.869434158881607,1.0,0.0,0.0,0.0,0.0,,0.0,0.0,0.0
0.15,0.0,0.0,0.0,0.0,0.0,14.393889770036917,1.0,0.0,0.0,0.0,0.0,,0.0,0.0,0.0
0.175,0.0,0.0,0.011879102103055204,0.0,0.0,16.959040606334995,1.0,0.0,0.0,0.0,0.0,,0.0,0.0,0.0
0.19999999999999998,0.0,0.0,0.026850108241265914,0.0,0.0,19.520774655290573,0.9999999559021695,0.0,0.0,0.00029697753948031434,0.0,,0.0,0.0,0.0
0.22499999999999998,0.0,0.0,0.04474571362342463,0.0,0.0,22.06708437794148,0.9999995312652259,0.0,0.0,0.0009682299977785681,0.0,,0.0,0.0,0.0
0.24999999999999997,0.0,0.0,0.06521907155260816,0.0,0.0,24.596138298396433,0.9999978224823267,0.0,0.0,0.002086871008302458,0.0,,0.0,0.0,0.0
0.27499999999999997,0.0,0.0,0.08780765993040746,0.0,0.0,27.09998175973623,0.9999930906703745,0.0,0.0,0.00371733930554011,0.0,,0.0,0.0,0.0
0.3,0.0,0.0,0.1119695393373008,0.0,0.0,29.572314602482468,0.9999825210108946,0.0,0.0,0.005912501390740686,0.0,,0.0,0.0,0.0
0.325,0.0,0.0,0.1371389575247637,0.0,0.0,32.01285679617229,0.9999620527977715,0.0,0.0,0.00871165681525927,0.0,,0.0,0.0,0.0
0.35000000000000003,0.0,0.0,0.1627884360828229,0.0,0.0,34.44071958342846,0.9999263083430215,0.0,0.0,0.012139929303598047,0.0,,0.0,0.0,0.0
0.37500000000000006,0.0,0.0,0.18851520149246218,0.0,0.0,36.865803292311384,0.9998686221892318,0.0,0.0,0.016209206069617357,0.0,,0.0,0.0,0.0
0.4000000000000001,0.0,0.0,0.21402660407764762,0.0,0.0,39.2876804883806,0.9997811270187758,0.0,0.0,0.020921234597094322,0.0,,0.0,0.0,0.0
0.4250000000000001,0.0,0.0,0.2391105291048862,0.0,0.0,41.70602125522849,0.9996548747332331,0.0,0.0,0.026270352530638516,0.0,,0.0,0.0,0.0
0.4500000000000001,0.0,0.0,0.2636315771957936,0.0,0.0,44.120460804281386,0.9994799794099396,0.0,0.0,0.03224547656194028,0.0,,0.0,0.0,0.0
0.47500000000000014,0.0,0.0,0.2875207369021901,0.0,0.0,46.53062676266523,0.9992457536285461,0.0,0.0,0.03883199525286967,0.0,,0.0,0.0,0.0
0.5000000000000001,0.0,0.0,0.31076170744587595,0.0,0.0,48.93591438042037,0.9989408224227796,0.0,0.0,0.04601340345269965,0.0,,0.0,0.0,0.0
0.5250000000000001,0.0,0.0,0.3333754514458256,0.0,0.0,51.333614275097254,0.9985532074325754,0.0,0.0,0.05377259456373991,0.0,,0.0,0.0,0.0
0.5500000000000002,0.0,0.0,0.35539948132277643,0.0,0.0,53.72336317107826,0.998070382479967,0.0,0.0,0.06209276621549992,0.0,,0.0,0.0,0.0
0.5750000000000002,0.0,0.0,0.37688649580960376,0.0,0.0,56.10475205892789,0.9974793178321105,0.0,0.0,0.07095780786627814,0.0,,0.0,0.0,0.0
0.6000000000000002,0.0,0.0,0.3978947366738628,0.0,0.0,58.47737148746633,0.9967664977835728,0.0,0.0,0.08035265332439771,0.0,,0.0,0.0,0.0
0.6250000000000002,0.0,0.0,0.41848139213316116,0.0,0.0,60.84365292365211,0.9959179284480809,0.0,0.0,0.0902633912263598,0.0,,0.0,0.0,0.0
0.6500000000000002,0.0,0.0,0.4387094114630648,0.0,0.0,63.2035074025133,0.9949191421718719,0.0,0.0,0.10067720963548024,0.0,,0.0,0.0,0.0
0.6750000000000003,0.0,0.0,0.45863175120053773,0.0,0.0,65.55657032735677,0.9937551729748068,0.0,0.0,0.11158250842229696,0.0,,0.0,0.0,0.0
0.7000000000000003,0.0,0.0,0.47829057788597,0.0,0.0,67.90250381873513,0.9924105597448096,0.0,0.0,0.1229686175696627,0.0,,0.0,0.0,0.0
0.7250000000000003,0.0,0.0,0.4977188897270083,0.0,0.0,70.24733287188526,0.9908693586431396,0.0,0.0,0.13482549500051316,0.0,,0.0,0.0,0.0
0.7500000000000003,0.0,0.0,0.5169695241834629,0.0,0.0,72.59234550534838,0.9891151605722103,0.0,0.0,0.14714346443594084,0.0,,0.0,0.0,0.0
0.7750000000000004,0.0,0.0,0.5360839160941799,0.0,0.0,74.93722503832186,0.9871310036718584,0.0,0.0,0.15991366917743272,0.0,,0.0,0.0,0.0
0.8000000000000004,0.0,0.0,0.5550881371341584,0.0,0.0,77.28154480264145,0.9848993770374905,0.0,0.0,0.1731277479526698,0.0,,0.0,0.0,0.0
0.8250000000000004,0.0,0.0,0.5739982467050544,0.0,0.0,79.61894582766634,0.9824022586844073,0.0,0.0,0.18677741333409323,0.0,,0.0,0.0,0.0
0.8500000000000004,0.0,0.0,0.5927957605928125,0.0,0.0,81.94857403888997,0.9796211537795095,0.0,0.0,0.20085416368027414,0.0,,0.0,0.0,0.0
0.8750000000000004,0.0,0.0,0.6114717846936819,0.0,0.0,84.27008954645403,0.9765372841689773,0.0,0.0,0.21534839824776522,0.0,,0.0,0.0,0.0
0.9000000000000005,0.0,0.0,0.6300243715343209,0.0,0.0,86.58315622964395,0.9731316004165357,0.0,0.0,0.23024962165170162,0.0,,0.0,0.0,0.0
0.9250000000000005,0.0,0.0,0.6484544352607224,0.0,0.0,88.878452272249,0.9693847927334709,0.0,0.0,0.2455465813589874,0.0,,0.0,0.0,0.0
0.9500000000000005,0.0,0.0,0.6667161368822011,0.0,0.0,91.15493515737953,0.965277315415161,0.0,0.0,0.2612273039804599,0.0,,0.0,0.0,0.0
0.9750000000000005,0.0,0.0,0.6847892359071149,0.0,0.0,93.41226992121021,0.9607897503835645,0.0,0.0,0.2772779391835705,0.0,,0.0,0.0,0.0
1.0000000000000004,0.0,0.0,0.7026676042549537,0.0,0.0,95.65013754528002,0.955902756474659,0.0,0.0,0.29368336719015764,0.0,,0.0,0.0,0.0
1.0250000000000004,0.0,0.0,0.7203503184926499,0.0,0.0,97.97446026867588,0.9505970513801523,0.0,0.0,0.31042752118225647,0.0,,0.0,0.0,0.0
1.0500000000000003,0.0,0.0,0.7384538268348562,0.0,0.0,100.2335310666021,0.9448534344643863,0.0,0.0,0.32749349211984935,0.0,,0.0,0.0,0.0
1.0750000000000002,0.0,0.0,0.7562725612884204,0.0,0.0,102.46308436200552,0.9386475220013146,0.0,0.0,0.3448779921085017,0.0,,0.0,0.0,0.0
1.1,0.0,0.0,0.7738164772871405,0.0,0.0,104.67794203942073,0.9319604199889902,0.0,0.0,0.3625600303038727,0.0,,0.0,0.0,0.0
1.125,0.0,0.0,0.7911827017976902,0.0,0.0,106.93470775809641,0.9247735171247111,0.0,0.0,0.3805179917228512,0.0,,0.0,0.0,0.0
1.15,0.0,0.0,0.80875464692475,0.0,0.0,109.1958416776887,0.9170676605649806,0.0,0.0,0.3987316214521661,0.0,,0.0,0.0,0.0
1.1749999999999998,0.0,0.0,0.8263838364527754,0.0,0.0,111.4096992512685,0.908820014283806,0.0,0.0,0.41718842462031785,0.0,,0.0,0.0,0.0
1.1999999999999997,0.0,0.0,0.8436996677138469,0.0,0.0,113.5771615838911,0.9000090200713033,0.0,0.0,0.4358712697463463,0.0,,0.0,0.0,0.0
1.2249999999999996,0.0,0.0,0.8606348347455512,0.0,0.0,115.71871014066838,0.8906173161686384,0.0,0.0,0.4547535553907979,0.0,,0.0,0.0,0.0
1.2499999999999996,0.0,0.0,0.8773185296495584,0.0,0.0,117.83922644439765,0.8806290849792566,0.0,0.0,0.4738063050325494,0.0,,0.0,0.0,0.0
1.2749999999999995,0.0,0.0,0.8938080802771499,0.0,0.0,119.93825973812872,0.8700278682941303,0.0,0.0,0.4930025440011153,0.0,,0.0,0.0,0.0
1.2999999999999994,0.0,0.0,0.9101104589561632,0.0,0.0,122.02224417227625,0.8587972514233521,0.0,0.0,0.5123156067774004,0.0,,0.0,0.0,0.0
1.3249999999999993,0.0,0.0,0.9262738090091169,0.0,0.0,124.16622882650535,0.8469214643825922,0.0,0.0,0.5317180015459748,0.0,,0.0,0.0,0.0
1.3499999999999992,0.0,0.0,0.9428487895833443,0.0,0.0,126.29656020318228,0.8343848678463428,0.0,0.0,0.5511822677745004,0.0,,0.0,0.0,0.0
1.3749999999999991,0.0,0.0,0.9593470281870706,0.0,0.0,128.35325532195415,0.8211647406230024,0.0,0.0,0.5706912201511052,0.0,,0.0,0.0,0.0
1.399999999999999,0.0,0.0,0.9752793118887751,0.0,0.0,130.33677675861964,0.8072453303512485,0.0,0.0,0.5902160423320463,0.0,,0.0,0.0,0.0
1.424999999999999,0.0,0.0,0.9906197734549995,0.0,0.0,132.29839706869944,0.7926191294247055,0.0,0.0,0.6097170783814589,0.0,,0.0,0.0,0.0
1.4499999999999988,0.0,0.0,1.0057648341406769,0.0,0.0,134.23805333194062,0.7772808563900833,0.0,0.0,0.6291537731663848,0.0,,0.0,0.0,0.0
1.4749999999999988,0.0,0.0,1.0207281803877157,0.0,0.0,136.15563821205726,0.7612207438210205,0.0,0.0,0.6484928520628214,0.0,,0.0,0.0,0.0
1.4999999999999987,0.0,0.0,1.0355100405049813,0.0,0.0,138.05090571909975,0.7444300315311604,0.0,0.0,0.6677004778750092,0.0,,0.0,0.0,0.0
1.5249999999999986,0.0,0.0,1.0501092279952442,0.0,0.0,139.94193311869032,0.7269012328508763,0.0,0.0,0.6867420168301022,0.0,,0.0,0.0,0.0
1.5499999999999985,0.0,0.0,1.0646734129201763,0.0,0.0,141.82873540967452,0.7086282263171397,0.0,0.0,0.7055820553745853,0.0,,0.0,0.0,0.0
1.5749999999999984,0.0,0.0,1.0791988938267343,0.0,0.0,143.74539094748164,0.6896036313034749,0.0,0.0,0.724187014308501,0.0,,0.0,0.0,0.0
1.5999999999999983,0.0,0.0,1.0939704268071198,0.0,0.0,145.66837298980448,0.6698213422227222,0.0,0.0,0.7425223023606436,0.0,,0.0,0.0,0.0
1.6249999999999982,0.0,0.0,1.1087725197068754,0.0,0.0,147.50703303473824,0.6492711300332,0.0,0.0,0.7605570325132832,0.0,,0.0,0.0,0.0
1.6499999999999981,0.0,0.0,1.1228451437736617,0.0,0.0,149.18185084225314,0.6279478128342387,0.0,0.0,0.7782554492945718,0.0,,0.0,0.0,0.0
1.674999999999998,0.0,0.0,1.1355701368360882,0.0,0.0,150.73330294071098,0.6058626447179962,0.0,0.0,0.7955692652027948,0.0,,0.0,0.0,0.0
1.699999999999998,0.0,0.0,1.147370167328188,0.0,0.0,152.1704932356264,0.5830421232399299,0.0,0.0,0.8124419256339952,0.0,,0.0,0.0,0.0
1.7249999999999979,0.0,0.0,1.1582799234007244,0.0,0.0,153.4365564291713,0.5595077021885796,0.0,0.0,0.8288251511577431,0.0,,0.0,0.0,0.0
1.7499999999999978,0.0,0.0,1.167794046935306,0.0,0.0,154.4277832205378,0.5352830414121978,0.0,0.0,0.8446727565018936,0.0,,0.0,0.0,0.0
1.7749999999999977,0.0,0.0,1.175065579613531,0.0,0.0,155.11786469077742,0.5104054729955163,0.0,0.0,0.8599338655595692,0.0,,0.0,0.0,0.0
1.7999999999999976,0.0,0.0,1.1800004285909098,0.0,0.0,155.50602862266888,0.48493430497825496,0.0,0.0,0.8745505816447993,0.0,,0.0,0.0,0.0
1.8249999999999975,0.0,0.0,1.1826210207181111,0.0,0.0,155.67275368407064,0.4589354024642154,0.0,0.0,0.8884696372780607,0.0,,0.0,0.0,0.0
1.8499999999999974,0.0,0.0,1.1836558691311465,0.0,0.0,155.62050521695656,0.4324783529660132,0.0,0.0,0.9016443169098359,0.0,,0.0,0.0,0.0
1.8749999999999973,0.0,0.0,1.1830096283347147,0.0,0.0,155.35058527289522,0.4056198864553883,0.0,0.0,0.9140418522758781,0.0,,0.0,0.0,0.0
1.8999999999999972,0.0,0.0,1.1807174263727311,0.0,0.0,154.8619266222259,0.3784214131987653,0.0,0.0,0.9256334231393382,0.0,,0.0,0.0,0.0
1.9249999999999972,0.0,0.0,1.1767706783116778,0.0,0.0,154.23378253875248,0.3509457676400532,0.0,0.0,0.93639578607314,0.0,,0.0,0.0,0.0
1.949999999999997,0.0,0.0,1.1718759824793317,0.0,0.0,153.4684028914251,0.32325783154794463,0.0,0.0,0.9463109289989843,0.0,,0.0,0.0,0.0
1.974999999999997,0.0,0.0,1.1659360023697678,0.0,0.0,152.39657530426112,0.29540710730845865,0.0,0.0,0.9553714675201729,0.0,,0.0,0.0,0.0
1.999999999999997,0.0,0.0,1.1574990998455483,0.0,0.0,151.33625308105738,0.2674459667355345,0.0,0.0,0.9635728591429376,0.0,,0.0,0.0,0.0
2.024999999999997,0.0,0.0,1.1495498130700734,0.0,0.0,150.28723337764598,0.2394623595798884,0.0,0.0,0.970905648528441,0.0,,0.0,0.0,0.0
2.0499999999999967,0.0,0.0,1.1416262864951996,0.0,0.0,149.2493180584257,0.21147243825422646,0.0,0.0,0.9773839613267717,0.0,,0.0,0.0,0.0
2.0749999999999966,0.0,0.0,1.1337943706817928,0.0,0.0,148.2223135600692,0.18350253516306905,0.0,0.0,0.9830192366320849,0.0,,0.0,0.0,0.0
2.0999999999999965,0.0,0.0,1.1260433007410522,0.0,0.0,147.20603075994,0.15557650829353892,0.0,0.0,0.9878238456664176,0.0,,0.0,0.0,0.0
2.1249999999999964,0.0,0.0,1.1183728836688585,0.0,0.0,146.2002848490304,0.12771760068054283,0.0,0.0,0.9918105738881822,0.0,,0.0,0.0,0.0
2.1499999999999964,0.0,0.0,1.1107815903938498,0.0,0.0,145.2048952092399,0.09994819108847239,0.0,0.0,0.9949926427356849,0.0,,0.0,0.0,0.0
2.1749999999999963,0.0,0.0,1.103268090144483,0.0,0.0,144.21968529482209,0.07228983564957692,0.0,0.0,0.997383667232303,0.0,,0.0,0.0,0.0
2.199999999999996,0.0,0.0,1.0958310632088097,0.0,0.0,143.2444825178353,0.044763272707868396,0.0,0.0,0.9989976223277416,0.0,,0.0,0.0,0.0
2.224999999999996,0.0,0.0,1.0884692213191935,0.0,0.0,142.27911813744052,0.017388433008376534,0.0,0.0,0.9998488097695136,0.0,,0.0,0.0,0.0
2.249999999999996,0.0,0.0,1.081181304573582,0.0,0.0,141.323427152896,-0.009815549948521608,0.0,0.0,0.9999518263292527,0.0,,0.0,0.0,0.0
2.274999999999996,0.0,0.0,1.073966080869739,0.0,0.0,140.3772482001055,-0.03683032886880158,0.0,0.0,0.9993215332791623,0.0,,0.0,0.0,0.0
2.299999999999996,0.0,0.0,1.0668223451206011,0.0,0.0,139.4404234515832,-0.06363833106328722,0.0,0.0,0.9979730271001714,0.0,,0.0,0.0,0.0
2.3249999999999957,0.0,0.0,1.0597489185171054,0.0,0.0,138.51279851970392,-0.09022274633280557,0.0,0.0,0.9959216113952775,0.0,,0.0,0.0,0.0
2.3499999999999956,0.0,0.0,1.0527446478132783,0.0,0.0,137.59422236311363,-0.11656751439353796,0.0,0.0,0.9931827699814935,0.0,,0.0,0.0,0.0
2.3749999999999956,0.0,0.0,1.045808404634685,0.0,0.0,136.68454719618023,-0.1426573118926313,0.0,0.0,0.9897721411332855,0.0,,0.0,0.0,0.0
2.3999999999999955,0.0,0.0,1.0389390848092201,0.0,0.0,135.78362840137,-0.16847753906143115,0.0,0.0,0.9857054929500007,0.0,,0.0,0.0,0.0
2.4249999999999954,0.0,0.0,1.0321356077194068,0.0,0.0,134.89132444443973,-0.19401430605104972,0.0,0.0,0.9809986998194898,0.0,,0.0,0.0,0.0
2.4499999999999953,0.0,0.0,1.025396915675399,0.0,0.0,134.0074967923397,-0.21925441899244638,0.0,0.0,0.9756677199499247,0.0,,0.0,0.0,0.0
2.474999999999995,0.0,0.0,1.018721973307924,0.0,0.0,133.1320098337267,-0.24418536582076722,0.0,0.0,0.9697285739416871,0.0,,0.0,0.0,0.0
2.499999999999995,0.0,0.0,1.0121097669804233,0.0,0.0,132.2647308019906,-0.2687953019013605,0.0,0.0,0.9631973243711573,0.0,,0.0,0.0,0.0
2.524999999999995,0.0,0.0,1.0055593042196895,0.0,0.0,131.40552970070257,-0.29307303549265545,0.0,0.0,0.9560900563582495,0.0,,0.0,0.0,0.0
2.549999999999995,0.0,0.0,0.9990696131643247,0.0,0.0,130.55427923139592,-0.31700801307895937,0.0,0.0,0.9484228590896207,0.0,,0.0,0.0,0.0
2.574999999999995,0.0,0.0,0.9926397420303664,0.0,0.0,129.7108547235951,-0.3405903046041858,0.0,0.0,0.9402118082696196,0.0,,0.0,0.0,0.0
2.5999999999999948,0.0,0.0,0.9862687585934712,0.0,0.0,128.87513406701157,-0.36381058863558163,0.0,0.0,0.9314729494712294,0.0,,0.0,0.0,0.0
2.6249999999999947,0.0,0.0,0.9799557496870496,0.0,0.0,128.0469976458283,-0.3866601374846547,0.0,0.0,0.9222222823594904,0.0,,0.0,0.0,0.0
2.6499999999999946,0.0,0.0,0.9736998207157832,0.0,0.0,127.2263282749986,-0.40913080231073234,0.0,0.0,0.912475745760169,0.0,,0.0,0.0,0.0
2.6749999999999945,0.0,0.0,0.9675000951839892,0.0,0.0,126.41301113848711,-0.4312149982308828,0.0,0.0,0.9022492035467471,0.0,,0.0,0.0,0.0
2.6999999999999944,0.0,0.0,0.9613557142382835,0.0,0.0,125.60693372938444,-0.45290568945832116,0.0,0.0,0.8915584313191607,0.0,,0.0,0.0,0.0
2.7249999999999943,0.0,0.0,0.9552658362240602,0.0,0.0,124.80798579182927,-0.47419637448987767,0.0,0.0,0.8804191038480795,0.0,,0.0,0.0,0.0
2.7499999999999942,0.0,0.0,0.949229636255291,0.0,0.0,124.01605926467464,-0.49508107136164764,0.0,0.0,0.8688467832589377,0.0,,0.0,0.0,0.0
2.774999999999994,0.0,0.0,0.9432463057971816,0.0,0.0,123.23104822683744,-0.5155543029905443,0.0,0.0,0.8568569079303345,0.0,,0.0,0.0,0.0
2.799999999999994,0.0,0.0,0.9373150522612422,0.0,0.0,122.4528488442728,-0.5356110826181553,0.0,0.0,0.8444647820818862,0.0,,0.0,0.0,0.0
2.824999999999994,0.0,0.0,0.9314350986123402,0.0,0.0,121.68135931851705,-0.555246899372039,0.0,0.0,0.8316855660270512,0.0,,0.0,0.0,0.0
2.849999999999994,0.0,0.0,0.9256056829873234,0.0,0.0,120.91647983674565,-0.574457703958408,0.0,0.0,0.8185342670669531,0.0,,0.0,0.0,0.0
2.874999999999994,0.0,0.0,0.91982605832482,0.0,0.0,120.15811252329381,-0.5932398944990069,0.0,0.0,0.8050257310016911,0.0,,0.0,0.0,0.0
2.8999999999999937,0.0,0.0,0.9140954920058335,0.0,0.0,119.40616139259048,-0.6115903025239197,0.0,0.0,0.7911746342361464,0.0,,0.0,0.0,0.0
2.9249999999999936,0.0,0.0,0.9084132655047663,0.0,0.0,118.66053230345746,-0.6295061791310176,0.0,0.0,0.7769954764577893,0.0,,0.0,0.0,0.0
2.9499999999999935,0.0,0.0,0.9027786740505221,0.0,0.0,117.92113291472788,-0.6469851813217976,0.0,0.0,0.7625025738645087,0.0,,0.0,0.0,0.0
2.9749999999999934,0.0,0.0,0.8971910262973479,0.0,0.0,117.1878726421396,-0.6640253585224436,0.0,0.0,0.7477100529210106,0.0,,0.0,0.0,0.0
2.9999999999999933,0.0,0.0,0.891649644005092,0.0,0.0,116.46066261646102,-0.6806251392980771,0.0,0.0,0.7326318446228454,0.0,,0.0,0.0,0.0
3.0249999999999932,0.0,0.0,0.8861538617285614,0.0,0.0,115.73941564280841,-0.6967833182673525,0.0,0.0,0.7172816792476561,0.0,,0.0,0.0,0.0
3.049999999999993,0.0,0.0,0.8807030265156847,0.0,0.0,115.02404616111525,-0.7124990432237706,0.0,0.0,0.7016730815737566,0.0,,0.0,0.0,0.0
3.074999999999993,0.0,0.0,0.8752964976141822,0.0,0.0,114.31447020771576,-0.7277718024693658,0.0,0.0,0.6858193665466806,0.0,,0.0,0.0,0.0
3.099999999999993,0.0,0.0,0.8699336461864712,0.0,0.0,113.61060537800601,-0.7426014123657293,0.0,0.0,0.6697336353748586,0.0,,0.0,0.0,0.0
3.124999999999993,0.0,0.0,0.8646138550325354,0.0,0.0,112.91237079014762,-0.756988005106682,0.0,0.0,0.6534287720361004,0.0,,0.0,0.0,0.0
3.149999999999993,0.0,0.0,0.8593365183205005,0.0,0.0,112.21968704978,-0.7709320167163097,0.0,0.0,0.6369174401770794,0.0,,0.0,0.0,0.0
3.1749999999999927,0.0,0.0,0.8541010413246669,0.0,0.0,111.53247621570885,-0.7844341752754913,0.0,0.0,0.6202120803885229,0.0,,0.0,0.0,0.0
3.1999999999999926,0.0,0.0,0.8489068401707593,0.0,0.0,110.85066176653913,-0.7974954893795173,0.0,0.0,0.6033249078393202,0.0,,0.0,0.0,0.0
3.2249999999999925,0.0,0.0,0.8437533415881633,0.0,0.0,110.17416856822267,-0.8101172368288899,0.0,0.0,0.5862679102532599,0.0,,0.0,0.0,0.0
3.2499999999999925,0.0,0.0,0.838639982668927,0.0,0.0,109.50292284249103,-0.8223009535549219,0.0,0.0,0.5690528462126047,0.0,,0.0,0.0,0.0
3.2749999999999924,0.0,0.0,0.8335662106333116,0.0,0.0,108.83685213614557,-0.834048422781307,0.0,0.0,0.5516912437731945,0.0,,0.0,0.0,0.0
3.2999999999999923,0.0,0.0,0.8285314826016831,0.0,0.0,108.1758852911777,-0.8453616644224202,0.0,0.0,0.5341943993762527,0.0,,0.0,0.0,0.0
3.324999999999992,0.0,0.0,0.8235352653725513,0.0,0.0,107.5199524156933,-0.8562429247187189,0.0,0.0,0.51657337704254,0.0,,0.0,0.0,0.0
3.349999999999992,0.0,0.0,0.818577035206558,0.0,0.0,106.86898485561586,-0.8666946661092519,0.0,0.0,0.4988390078349651,0.0,,0.0,0.0,0.0
3.374999999999992,0.0,0.0,0.8136562776162318,0.0,0.0,106.22291516714452,-0.876719557340948,0.0,0.0,0.4810018895762182,0.0,,0.0,0.0,0.0
3.399999999999992,0.0,0.0,0.8087724871613305,0.0,0.0,105.58167708994313,-0.8863204638140401,0.0,0.0,0.46307238680843904,0.0,,0.0,0.0,0.0
3.424999999999992,0.0,0.0,0.8039251672495996,0.0,0.0,104.94520552103808,-0.8955004381626926,0.0,0.0,0.44506063098237,0.0,,0.0,0.0,0.0
3.4499999999999917,0.0,0.0,0.7991138299427779,0.0,0.0,104.31343648940309,-0.9042627110696219,0.0,0.0,0.4269765208638731,0.0,,0.0,0.0,0.0
3.4749999999999917,0.0,0.0,0.7943379957676938,0.0,0.0,103.68630713120972,-0.9126106823132591,0.0,0.0,0.4088297231461137,0.0,,0.0,0.0,0.0
3.4999999999999916,0.0,0.0,0.7895971935322926,0.0,0.0,103.06375566572352,-0.9205479120457657,0.0,0.0,0.39062967325611775,0.0,,0.0,0.0,0.0
3.5249999999999915,0.0,0.0,0.7848909601464488,0.0,0.0,102.44572137182624,-0.9280781123000027,0.0,0.0,0.3723855763448197,0.0,,0.0,0.0,0.0
3.5499999999999914,0.0,0.0,0.7802188404474188,0.0,0.0,101.83214456514497,-0.9352051387233553,0.0,0.0,0.3541064084501012,0.0,,0.0,0.0,0.0
3.5749999999999913,0.0,0.0,0.7755803870297916,0.0,0.0,101.22296657577024,-0.9419329825361381,0.0,0.0,0.33580091782271115,0.0,,0.0,0.0,0.0
3.599999999999991,0.0,0.0,0.7709751600798072,0.0,0.0,100.61812972654522,-0.9482657627121415,0.0,0.0,0.31747762640532734,0.0,,0.0,0.0,0.0
3.624999999999991,0.0,0.0,0.7664027272139082,0.0,0.0,100.0175773119091,-0.954207718378724,0.0,0.0,0.2991448314553835,0.0,,0.0,0.0,0.0
3.649999999999991,0.0,0.0,0.7618626633214036,0.0,0.0,99.42125357727816,-0.9597632014337293,0.0,0.0,0.28081060730264235,0.0,,0.0,0.0,0.0
3.674999999999991,0.0,0.0,0.7573545504111188,0.0,0.0,98.82910369894873,-0.9649366693763733,0.0,0.0,0.2624828072328386,0.0,,0.0,0.0,0.0
3.699999999999991,0.0,0.0,0.7528779774619184,0.0,0.0,98.24107376450638,-0.9697326783491429,0.0,0.0,0.24416906548905343,0.0,,0.0,0.0,0.0
3.7249999999999908,0.0,0.0,0.7484325402769864,0.0,0.0,97.65711075372695,-0.9741558763876442,0.0,0.0,0.22587679938280672,0.0,,0.0,0.0,0.0
3.7499999999999907,0.0,0.0,0.7440178413417533,0.0,0.0,97.07716251995464,-0.9782109968752536,0.0,0.0,0.20761321150717377,0.0,,0.0,0.0,0.0
3.7749999999999906,0.0,0.0,0.7396334896853687,0.0,0.0,96.50117777194347,-0.9819028521993428,0.0,0.0,0.18938529204453972,0.0,,0.0,0.0,0.0
3.7999999999999905,0.0,0.0,0.7352791007456094,0.0,0.0,95.92910605614884,-0.9852363276057841,0.0,0.0,0.17119982116190546,0.0,,0.0,0.0,0.0
3.8249999999999904,0.0,0.0,0.7309542962371338,0.0,0.0,95.36089773945584,-0.9882163752483802,0.0,0.0,0.15306337148695082,0.0,,0.0,0.0,0.0
3.8499999999999903,0.0,0.0,0.7266587040229757,0.0,0.0,94.79650399233215,-0.9908480084298169,0.0,0.0,0.13498231065834182,0.0,,0.0,0.0,0.0
3.8749999999999902,0.0,0.0,0.7223919579891958,0.0,0.0,94.23587677239318,-0.9931362960306842,0.0,0.0,0.11696280394404361,0.0,,0.0,0.0,0.0
3.89999999999999,0.0,0.0,0.7181536979225926,0.0,0.0,93.67896880836769,-0.9950863571230911,0.0,0.0,0.09901081692166647,0.0,,0.0,0.0,0.0
3.92499999999999,0.0,0.0,0.7139435693913915,0.0,0.0,93.12573358445265,-0.9967033557653583,0.0,0.0,0.08113211821512915,0.0,,0.0,0.0,0.0
3.94999999999999,0.0,0.0,0.7097612236288245,0.0,0.0,92.5761253250463,-0.9979924959742588,0.0,0.0,0.06333228228217358,0.0,,0.0,0.0,0.0
3.97499999999999,0.0,0.0,0.7056063174195236,0.0,0.0,92.0300989798487,-0.9989590168712611,0.0,0.0,0.045616692247505974,0.0,,0.0,0.0,0.0
3.99999999999999,0.0,0.0,0.7014785129886435,0.0,0.0,91.48761020931951,-0.9996081879992145,0.0,0.0,0.02799054277657352,0.0,,0.0,0.0,0.0
4.02499999999999,0.0,0.0,0.6973774778936435,0.0,0.0,90.94861537048314,-0.9999453048059231,0.0,0.0,0.010458842985211872,0.0,,0.0,0.0,0.0
4.04999999999999,0.0,0.0,0.6933028849186509,0.0,0.0,90.41307150307141,-0.9999756842910457,0.0,0.0,-0.006973580619383137,0.0,,0.0,0.0,0.0
4.07499999999999,0.0,0.0,0.6892544119713367,0.0,0.0,89.8809363159945,-0.9997046608127687,0.0,0.0,-0.024302081170694115,0.0,,0.0,0.0,0.0
4.099999999999991,0.0,0.0,0.6852317419822321,0.0,0.0,89.35216817413118,-0.999137582050716,0.0,0.0,-0.04152218845206176,0.0,,0.0,0.0,0.0
4.124999999999991,0.0,0.0,0.6812345628064232,0.0,0.0,88.82672608542936,-0.9982798051215613,0.0,0.0,-0.05862960588693857,0.0,,0.0,0.0,0.0
4.1499999999999915,0.0,0.0,0.6772625671275537,0.0,0.0,88.30456968830867,-0.9971366928438374,0.0,0.0,-0.07562020751395938,0.0,,0.0,0.0,0.0
4.174999999999992,0.0,0.0,0.673315452364078,0.0,0.0,87.78565923935678,-0.9957136101484584,0.0,0.0,-0.09249003495038734,0.0,,0.0,0.0,0.0
4.199999999999992,0.0,0.0,0.6693929205776995,0.0,0.0,87.2699556013113,-0.9940159206314831,0.0,0.0,-0.10923529434731603,0.0,,0.0,0.0,0.0
4.2249999999999925,0.0,0.0,0.6654946783839389,0.0,0.0,86.75742023131991,-0.9920489832456987,0.0,0.0,-0.12585235333983846,0.0,,0.0,0.0,0.0
4.249999999999993,0.0,0.0,0.6616204368647727,0.0,0.0,86.24801516947086,-0.9898181491276072,0.0,0.0,-0.1423377379952264,0.0,,0.0,0.0,0.0
4.274999999999993,0.0,0.0,0.6577699114832872,0.0,0.0,85.7417030275867,-0.9873287585564581,0.0,0.0,-0.15868812976200708,0.0,,0.0,0.0,0.0
4.299999999999994,0.0,0.0,0.6539428220002964,0.0,0.0,85.23844697827433,-0.9845861380419793,0.0,0.0,-0.17490036242266807,0.0,,0.0,0.0,0.0
4.324999999999994,0.0,0.0,0.650138892392868,0.0,0.0,84.7382107442244,-0.9815955975375222,0.0,0.0,-0.19097141905257603,0.0,,0.0,0.0,0.0
4.349999999999994,0.0,0.0,0.6463578507747108,0.0,0.0,84.24095858775348,-0.9783624277753533,0.0,0.0,-0.20689842898755065,0.0,,0.0,0.0,0.0
4.374999999999995,0.0,0.0,0.6425994293183716,0.0,0.0,83.74665530058252,-0.974891897720881,0.0,0.0,-0.2226786648023999,0.0,,0.0,0.0,0.0
4.399999999999995,0.0,0.0,0.6388633641791973,0.0,0.0,83.25526619384553,-0.9711892521426435,0.0,0.0,-0.23830953930258975,0.0,,0.0,0.0,0.0
4.424999999999995,0.0,0.0,0.6351493954210128,0.0,0.0,82.76675708832235,-0.9672597092949304,0.0,0.0,-0.25378860253109603,0.0,,0.0,0.0,0.0
4.449999999999996,0.0,0.0,0.631457266943473,0.0,0.0,82.28109430488956,-0.963108458709948,0.0,0.0,-0.2691135387923625,0.0,,0.0,0.0,0.0
4.474999999999996,0.0,0.0,0.6277867264110437,0.0,0.0,81.79824465518402,-0.9587406590964992,0.0,0.0,-0.2842821636951749,0.0,,0.0,0.0,0.0
4.4999999999999964,0.0,0.0,0.6241375251835706,0.0,0.0,81.3181754324734,-0.9541614363421829,0.0,0.0,-0.2992924212161456,0.0,,0.0,0.0,0.0
4.524999999999997,0.0,0.0,0.6205094182483951,0.0,0.0,80.84085440272843,-0.9493758816161715,0.0,0.0,-0.31414238078539675,0.0,,0.0,0.0,0.0
4.549999999999997,0.0,0.0,0.6169021641539779,0.0,0.0,80.36624979589156,-0.944389049569678,0.0,0.0,-0.32883023439592696,0.0,,0.0,0.0,0.0
4.5749999999999975,0.0,0.0,0.6133155249449904,0.0,0.0,79.89433029733718,-0.9392059566312643,0.0,0.0,-0.343354293738045,0.0,,0.0,0.0,0.0
4.599999999999998,0.0,0.0,0.6097492660988401,0.0,0.0,79.42506503951824,-0.9338315793942017,0.0,0.0,-0.3577129873601609,0.0,,0.0,0.0,0.0
4.624999999999998,0.0,0.0,0.6062031564635901,0.0,0.0,78.95842359379482,-0.9282708530931404,0.0,0.0,-0.3719048578571318,0.0,,0.0,0.0,0.0
4.649999999999999,0.0,0.0,0.6026769681972395,0.0,0.0,78.49437596243972,-0.9225286701673945,0.0,0.0,-0.38592855908727275,0.0,,0.0,0.0,0.0
4.674999999999999,0.0,0.0,0.5991704767083311,0.0,0.0,78.03289257081687,-0.9166098789082054,0.0,0.0,-0.39978285341905934,0.0,,0.0,0.0,0.0
4.699999999999999,0.0,0.0,0.5956834605978526,0.0,0.0,77.57394425972805,-0.9105192821873898,0.0,0.0,-0.41346660900846677,0.0,,0.0,0.0,0.0
4.725,0.0,0.0,0.592215701602398,0.0,0.0,77.11750227792368,-0.9042616362648379,0.0,0.0,-0.42697879710781644,0.0,,0.0,0.0,0.0
4.75,0.0,0.0,0.5887669845385616,0.0,0.0,76.66353827477367,-0.8978416496723716,0.0,0.0,-0.44031848940692275,0.0,,0.0,0.0,0.0
4.775,0.0,0.0,0.5853370972485303,0.0,0.0,76.21202429309429,-0.8912639821715279,0.0,0.0,-0.45348485540726735,0.0,,0.0,0.0,0.0
4.800000000000001,0.0,0.0,0.5819258305468473,0.0,0.0,75.76293276212714,-0.8845332437828831,0.0,0.0,-0.46647715982985777,0.0,,0.0,0.0,0.0
4.825000000000001,0.0,0.0,0.5785329781683175,0.0,0.0,75.31623649066654,-0.8776539938845803,0.0,0.0,-0.4792947600573629,0.0,,0.0,0.0,0.0
4.850000000000001,0.0,0.0,0.5751583367170281,0.0,0.0,74.8719086603316,-0.8706307403777804,0.0,0.0,-0.49193710361105913,0.0,,0.0,0.0,0.0
4.875000000000002,0.0,0.0,0.5718017056164558,0.0,0.0,74.42992281897949,-0.863467938916799,0.0,0.0,-0.5044037256630598,0.0,,0.0,0.0,0.0
4.900000000000002,0.0,0.0,0.5684628870606364,0.0,0.0,73.99025287425634,-0.8561699922017467,0.0,0.0,-0.5166942465842453,0.0,,0.0,0.0,0.0
4.9250000000000025,0.0,0.0,0.5651416859663689,0.0,0.0,73.55287308728253,-0.8487412493315404,0.0,0.0,-0.5288083695282594,0.0,,0.0,0.0,0.0
4.950000000000003,0.0,0.0,0.5618379099264318,0.0,0.0,73.11775806646905,-0.8411860052151944,0.0,0.0,-0.540745878051884,0.0,,0.0,0.0,0.0
4.975000000000003,0.0,0.0,0.5585513691637862,0.0,0.0,72.68488276146168,-0.8335085000393613,0.0,0.0,-0.5525066337720607,0.0,,0.0,0.0,0.0
5.0000000000000036,0.0,0.0,0.5552818764867434,0.0,0.0,72.25422245721005,-0.8257129187901288,0.0,0.0,-0.5640905740597749,0.0,,0.0,0.0,0.0
5.025000000000004,0.0,0.0,0.5520292472450721,0.0,0.0,71.82575276815844,-0.8178033908271322,0.0,0.0,-0.5754977097709816,0.0,,0.0,0.0,0.0
5.050000000000004,0.0,0.0,0.5487932992870267,0.0,0.0,71.39944963255546,-0.809783989508091,0.0,0.0,-0.5867281230147059,0.0,,0.0,0.0,0.0
5.075000000000005,0.0,0.0,0.5455738529172715,0.0,0.0,70.97528930687976,-0.8016587318619177,0.0,0.0,-0.5977819649584136,0.0,,0.0,0.0,0.0
5.100000000000005,0.0,0.0,0.5423707308556834,0.0,0.0,70.55324836037899,-0.7934315783085986,0.0,0.0,-0.608659453670709,0.0,,0.0,0.0,0.0
5.125000000000005,0.0,0.0,0.5391837581970109,0.0,0.0,70.13330366971931,-0.7851064324240923,0.0,0.0,-0.6193608720013835,0.0,,0.0,0.0,0.0
5.150000000000006,0.0,0.0,0.5360127623713689,0.0,0.0,69.7154324137429,-0.7766871407485281,0.0,0.0,-0.6298865654988016,0.0,,0.0,0.0,0.0
5.175000000000006,0.0,0.0,0.5328575731055528,0.0,0.0,69.29961206833082,-0.7681774926360421,0.0,0.0,-0.6402369403645836,0.0,,0.0,0.0,0.0
5.200000000000006,0.0,0.0,0.5297180223851519,0.0,0.0,68.88582040136876,-0.7595812201446225,0.0,0.0,-0.6504124614455097,0.0,,0.0,0.0,0.0
5.225000000000007,0.0,0.0,0.5265939444174427,0.0,0.0,68.47403546781345,-0.750901997964382,0.0,0.0,-0.6604136502625453,0.0,,0.0,0.0,0.0
5.250000000000007,0.0,0.0,0.5234851755950479,0.0,0.0,68.06423560485703,-0.7421434433827195,0.0,0.0,-0.6702410830768584,0.0,,0.0,0.0,0.0
5.2750000000000075,0.0,0.0,0.5203915544603407,0.0,0.0,67.6563994271874,-0.7333091162848699,0.0,0.0,-0.6798953889926765,0.0,,0.0,0.0,0.0
5.300000000000008,0.0,0.0,0.5173129216705789,0.0,0.0,67.2505058223422,-0.7244025191883832,0.0,0.0,-0.6893772480968055,0.0,,0.0,0.0,0.0
5.325000000000008,0.0,0.0,0.5142491199637539,0.0,0.0,66.84653394615431,-0.7154270973101159,0.0,0.0,-0.6986873896346076,0.0,,0.0,0.0,0.0
5.3500000000000085,0.0,0.0,0.5111999941251378,0.0,0.0,66.4444632182866,-0.7063862386643568,0.0,0.0,-0.7078265902222256,0.0,,0.0,0.0,0.0
5.375000000000009,0.0,0.0,0.5081653909545127,0.0,0.0,66.04427331785412,-0.6972832741907405,0.0,0.0,-0.7167956720948031,0.0,,0.0,0.0,0.0
5.400000000000009,0.0,0.0,0.5051451592340683,0.0,0.0,65.64594417913153,-0.6881214779106528,0.0,0.0,-0.7255955013904503,0.0,,0.0,0.0,0.0
5.42500000000001,0.0,0.0,0.5021391496969544,0.0,0.0,65.24945598734394,-0.678904067110856,0.0,0.0,-0.7342269864696735,0.0,,0.0,0.0,0.0
5.45000000000001,0.0,0.0,0.4991472149964713,0.0,0.0,64.85478917453909,-0.6696342025531085,0.0,0.0,-0.742691076269981,0.0,,0.0,0.0,0.0
5.47500000000001,0.0,0.0,0.49616920967588807,0.0,0.0,64.4619244155394,-0.6603149887085811,0.0,0.0,-0.7509887586953528,0.0,,0.0,0.0,0.0
5.500000000000011,0.0,0.0,0.49320499013887237,0.0,0.0,64.07084262397152,-0.6509494740159141,0.0,0.0,-0.7591210590402593,0.0,,0.0,0.0,0.0
5.525000000000011,0.0,0.0,0.49025441462052083,0.0,0.0,63.681524948372164,-0.6415406511617882,0.0,0.0,-0.7670890384478904,0.0,,0.0,0.0,0.0
5.550000000000011,0.0,0.0,0.4873173431589771,0.0,0.0,63.29395276836824,-0.6320914573829163,0.0,0.0,-0.7748937924022499,0.0,,0.0,0.0,0.0
5.575000000000012,0.0,0.0,0.4843936375676248,0.0,0.0,62.90810769092958,-0.6226047747884023,0.0,0.0,-0.7825364492537603,0.0,,0.0,0.0,0.0
5.600000000000012,0.0,0.0,0.48148316140784425,0.0,0.0,62.52397154669283,-0.6130834307014343,0.0,0.0,-0.7900181687780092,0.0,,0.0,0.0,0.0
5.625000000000012,0.0,0.0,0.4785857799623212,0.0,0.0,62.141526386354734,-0.6035301980193228,0.0,0.0,-0.7973401407672618,0.0,,0.0,0.0,0.0
5.650000000000013,0.0,0.0,0.4757013602088967,0.0,0.0,61.760754477133425,-0.593947795590913,0.0,0.0,-0.8045035836543522,0.0,,0.0,0.0,0.0
5.675000000000013,0.0,0.0,0.47282977079494654,0.0,0.0,61.38163829929606,-0.5843388886104437,0.0,0.0,-0.8115097431685656,0.0,,0.0,0.0,0.0
5.7000000000000135,0.0,0.0,0.4699708820122807,0.0,0.0,61.004160542751464,-0.5747060890269432,0.0,0.0,-0.8183598910231091,0.0,,0.0,0.0,0.0
5.725000000000014,0.0,0.0,0.46712456577255207,0.0,0.0,60.62830410370631,-0.5650519559682868,0.0,0.0,-0.8250553236337629,0.0,,0.0,0.0,0.0
5.750000000000014,0.0,0.0,0.4642906955831644,0.0,0.0,60.25405208138341,-0.5553789961790677,0.0,0.0,-0.8315973608683057,0.0,,0.0,0.0,0.0
5.775000000000015,0.0,0.0,0.46146914652367044,0.0,0.0,59.88138777480079,-0.5456896644714618,0.0,0.0,-0.8379873448262948,0.0,,0.0,0.0,0.0
5.800000000000015,0.0,0.0,0.4586597952226502,0.0,0.0,59.510294679610205,-0.5359863641882904,0.0,0.0,-0.8442266386487799,0.0,,0.0,0.0,0.0
5.825000000000015,0.0,0.0,0.45586251983506043,0.0,0.0,59.140756484993844,-0.5262714476775132,0.0,0.0,-0.8503166253575277,0.0,,0.0,0.0,0.0
5.850000000000016,0.0,0.0,0.4530772000200472,0.0,0.0,58.77275707061791,-0.5165472167774112,0.0,0.0,-0.8562587067233303,0.0,,0.0,0.0,0.0
5.875000000000016,0.0,0.0,0.45030371691921256,0.0,0.0,58.40628050364186,-0.5068159233117377,0.0,0.0,-0.8620543021629616,0.0,,0.0,0.0,0.0
5.900000000000016,0.0,0.0,0.4475419531353262,0.0,0.0,58.041311035782144,-0.4970797695941487,0.0,0.0,-0.8677048476643588,0.0,,0.0,0.0,0.0
5.925000000000017,0.0,0.0,0.444791792711476,0.0,0.0,57.67783310042919,-0.4873409089412397,0.0,0.0,-0.8732117947395845,0.0,,0.0,0.0,0.0
5.950000000000017,0.0,0.0,0.4420531211106479,0.0,0.0,57.315831309816616,-0.4776014461935444,0.0,0.0,-0.8785766094051416,0.0,,0.0,0.0,0.0
5.975000000000017,0.0,0.0,0.4393258251957282,0.0,0.0,56.95529045224141,-0.4678634382438694,0.0,0.0,-0.8838007711892003,0.0,,0.0,0.0,0.0
6.000000000000018,0.0,0.0,0.43660979320992177,0.0,0.0,56.5961954893341,-0.458128894572364,0.0,0.0,-0.8888857721653013,0.0,,0.0,0.0,0.0
6.025000000000018,0.0,0.0,0.4339049147575778,0.0,0.0,56.23853155337784,-0.4483997777877447,0.0,0.0,-0.8938331160121007,0.0,,0.0,0.0,0.0
6.0500000000000185,0.0,0.0,0.4312110807854172,0.0,0.0,55.8822839446753,-0.4386780041741124,0.0,0.0,-0.898644317098716,0.0,,0.0,0.0,0.0
6.075000000000019,0.0,0.0,0.4285281835641546,0.0,0.0,55.52743812896244,-0.428965444242825,0.0,0.0,-0.9033208995952412,0.0,,0.0,0.0,0.0
6.100000000000019,0.0,0.0,0.42585611667050954,0.0,0.0,55.17397973486813,-0.4192639232889032,0.0,0.0,-0.9078643966079938,0.0,,0.0,0.0,0.0
6.1250000000000195,0.0,0.0,0.42319477496959884,0.0,0.0,54.82189455141868,-0.4095752219514706,0.0,0.0,-0.9122763493390605,0.0,,0.0,0.0,0.0
6.15000000000002,0.0,0.0,0.4205440545977067,0.0,0.0,54.47116852558631,-0.3999010767777446,0.0,0.0,-0.9165583062697106,0.0,,0.0,0.0,0.0
6.17500000000002,0.0,0.0,0.41790385294542426,0.0,0.0,54.121787759880654,-0.3902431807901147,0.0,0.0,-0.9207118223672451,0.0,,0.0,0.0,0.0
6.200000000000021,0.0,0.0,0.4152740686411553,0.0,0.0,53.773738509982444,-0.3806031840558626,0.0,0.0,-0.9247384583148575,0.0,,0.0,0.0,0.0
6.225000000000021,0.0,0.0,0.4126546015349818,0.0,0.0,53.42700718241841,-0.37098269425909286,0.0,0.0,-0.9286397797640721,0.0,,0.0,0.0,0.0
6.250000000000021,0.0,0.0,0.410045352682884,0.0,0.0,53.08158033227664,-0.3613832772744655,0.0,0.0,-0.9324173566093494,0.0,,0.0,0.0,0.0
6.275000000000022,0.0,0.0,0.4074462243313114,0.0,0.0,52.73744466096148,-0.35180645774233016,0.0,0.0,-0.9360727622844252,0.0,,0.0,0.0,0.0
6.300000000000022,0.0,0.0,0.40485711990209816,0.0,0.0,52.39458701398722,-0.3422537196448852,0.0,0.0,-0.9396075730799749,0.0,,0.0,0.0,0.0
6.325000000000022,0.0,0.0,0.4022779439777204,0.0,0.0,52.05299437880974,-0.3327265068829943,0.0,0.0,-0.9430233674821854,0.0,,0.0,0.0,0.0
6.350000000000023,0.0,0.0,0.39970860228688987,0.0,0.0,51.71265388269535,-0.3232262238533121,0.0,0.0,-0.9463217255318239,0.0,,0.0,0.0,0.0
6.375000000000023,0.0,0.0,0.3971490016904804,0.0,0.0,51.37355279062603,-0.3137542360253826,0.0,0.0,-0.9495042282033969,0.0,,0.0,0.0,0.0
6.4000000000000234,0.0,0.0,0.3945990501677834,0.0,0.0,51.0356785032404,-0.3043118705183888,0.0,0.0,-0.9525724568039952,0.0,,0.0,0.0,0.0
6.425000000000024,0.0,0.0,0.39205865680308855,0.0,0.0,50.699018554809626,-0.2949004166772461,0.0,0.0,-0.9555279923914247,0.0,,0.0,0.0,0.0
6.450000000000024,0.0,0.0,0.38952773177258637,0.0,0.0,50.36356061124759,-0.2855211266477445,0.0,0.0,-0.9583724152112281,0.0,,0.0,0.0,0.0
6.4750000000000245,0.0,0.0,0.3870061863315896,0.0,0.0,50.0292924681546,-0.2761752159504582,0.0,0.0,-0.9611073041522041,0.0,,0.0,0.0,0.0
6.500000000000025,0.0,0.0,0.38449393280206984,0.0,0.0,49.696202048894,-0.2668638640531529,0.0,0.0,-0.9637342362200382,0.0,,0.0,0.0,0.0
6.525000000000025,0.0,0.0,0.38199088456050734,0.0,0.0,49.36427740270101,-0.25758821494143336,0.0,0.0,-0.966254786028657,0.0,,0.0,0.0,0.0
6.550000000000026,0.0,0.0,0.3794969560260506,0.0,0.0,49.03350670282312,-0.24834937768738707,0.0,0.0,-0.9686705253089348,0.0,,0.0,0.0,0.0
6.575000000000026,0.0,0.0,0.377012062648984,0.0,0.0,48.70387824469143,-0.23914842701598774,0.0,0.0,-0.9709830224343673,0.0,,0.0,0.0,0.0
6.600000000000026,0.0,0.0,0.37453612089950084,0.0,0.0,48.37538044412236,-0.22998640386903732,0.0,0.0,-0.973193841963351,0.0,,0.0,0.0,0.0
6.625000000000027,0.0,0.0,0.3720690482567796,0.0,0.0,48.04800183554899,-0.22086431596643313,0.0,0.0,-0.9753045441976981,0.0,,0.0,0.0,0.0
6.650000000000027,0.0,0.0,0.36961076319836245,0.0,0.0,47.72173107028164,-0.21178313836455764,0.0,0.0,-0.9773166847570232,0.0,,0.0,0.0,0.0
6.675000000000027,0.0,0.0,0.36716118518983326,0.0,0.0,47.39655691479693,-0.2027438140115997,0.0,0.0,-0.9792318141686522,0.0,,0.0,0.0,0.0
6.700000000000028,0.0,0.0,0.36472023467479453,0.0,0.0,47.072468249054864,-0.19374725429962358,0.0,0.0,-0.9810514774726945,0.0,,0.0,0.0,0.0
6.725000000000028,0.0,0.0,0.3622878330651421,0.0,0.0,46.74945406484332,-0.18479433961321373,0.0,0.0,-0.9827772138419348,0.0,,0.0,0.0,0.0
6.750000000000028,0.0,0.0,0.3598639027316359,0.0,0.0,46.427503464149495,-0.1758859198745298,0.0,0.0,-0.9844105562162011,0.0,,0.0,0.0,0.0
6.775000000000029,0.0,0.0,0.35744836699476673,0.0,0.0,46.106605657557665,-0.16702281508461805,0.0,0.0,-0.9859530309508711,0.0,,0.0,0.0,0.0
6.800000000000029,0.0,0.0,0.35504115011591864,0.0,0.0,45.786749962672836,-0.1582058158608311,0.0,0.0,-0.9874061574791847,0.0,,0.0,0.0,0.0
6.8250000000000295,0.0,0.0,0.3526421772888258,0.0,0.0,45.467925802569724,-0.14943568397021767,0.0,0.0,-0.9887714479880337,0.0,,0.0,0.0,0.0
6.85000000000003,0.0,0.0,0.3502513746313246,0.0,0.0,45.150122704266614,-0.14071315285875183,0.0,0.0,-0.9900504071069056,0.0,,0.0,0.0,0.0
6.87500000000003,0.0,0.0,0.34786866917740067,0.0,0.0,44.83333029722357,-0.1320389281762778,0.0,0.0,-0.9912445316096629,0.0,,0.0,0.0,0.0
6.9000000000000306,0.0,0.0,0.34549398886953175,0.0,0.0,44.517538311864556,-0.12341368829705546,0.0,0.0,-0.9923553101288455,0.0,,0.0,0.0,0.0
6.925000000000031,0.0,0.0,0.34312726255132653,0.0,0.0,44.202736578123,-0.11483808483579697,0.0,0.0,-0.9933842228821868,0.0,,0.0,0.0,0.0
6.950000000000031,0.0,0.0,0.34076841996046053,0.0,0.0,43.88891502401034,-0.10631274315909314,0.0,0.0,-0.9943327414110372,0.0,,0.0,0.0,0.0
6.975000000000032,0.0,0.0,0.3384173917219105,0.0,0.0,43.576063674207106,-0.09783826289213429,0.0,0.0,-0.9952023283304,0.0,,0.0,0.0,0.0
7.000000000000032,0.0,0.0,0.3360741093414883,0.0,0.0,43.26417264867613,-0.08941521842063677,0.0,0.0,-0.995994437090283,0.0,,0.0,0.0,0.0
7.025000000000032,0.0,0.0,0.33373850519967635,0.0,0.0,42.953232161297414,-0.08104415938789217,0.0,0.0,-0.9967105117480752,0.0,,0.0,0.0,0.0
7.050000000000033,0.0,0.0,0.3314105125457667,0.0,0.0,42.643232518524314,-0.07272561118686297,0.0,0.0,-0.997351986751667,0.0,,0.0,0.0,0.0
7.075000000000033,0.0,0.0,0.3290900654923054,0.0,0.0,42.334164118060535,-0.06446007544725321,0.0,0.0,-0.9979202867330308,0.0,,0.0,0.0,0.0
7.100000000000033,0.0,0.0,0.3267770990098457,0.0,0.0,42.02601744755764,-0.05624803051748874,0.0,0.0,-0.9984168263119887,0.0,,0.0,0.0,0.0
7.125000000000034,0.0,0.0,0.32447154892201197,0.0,0.0,41.71878308333262,-0.04808993194154669,0.0,0.0,-0.9988430099098944,0.0,,0.0,0.0,0.0
7.150000000000034,0.0,0.0,0.3221733519008783,0.0,0.0,41.41245168910513,-0.03998621293057928,0.0,0.0,-0.9992002315729668,0.0,,0.0,0.0,0.0
7.1750000000000345,0.0,0.0,0.3198824454626652,0.0,0.0,41.10701401475414,-0.0319372848292812,0.0,0.0,-0.9994898748050094,0.0,,0.0,0.0,0.0
7.200000000000035,0.0,0.0,0.31759876796375786,0.0,0.0,40.80246089509343,-0.023943537576955342,0.0,0.0,-0.999713312409263,0.0,,0.0,0.0,0.0
7.225000000000035,0.0,0.0,0.31532225859705054,0.0,0.0,40.49878324866577,-0.01600534016323557,0.0,0.0,-0.9998719063391366,0.0,,0.0,0.0,0.0
7.2500000000000355,0.0,0.0,0.3130528573886218,0.0,0.0,40.195972076555314,-0.008123041078429764,0.0,0.0,-0.9999670075575684,0.0,,0.0,0.0,0.0
7.275000000000036,0.0,0.0,0.31079050519474555,0.0,0.0,39.894018461217954,-0.0002969687584505408,0.0,0.0,-0.9999999559047772,0.0,,0.0,0.0,0.0
7.300000000000036,0.0,0.0,0.30853514369924256,0.0,0.0,39.59291356532916,0.007472567975695118,0.0,0.0,-0.9999720799741604,0.0,,0.0,0.0,0.0
7.325000000000037,0.0,0.0,0.30628671541117963,0.0,0.0,39.29264863064915,0.015185279483882165,0.0,0.0,-0.9998846969961068,0.0,,0.0,0.0,0.0
7.350000000000037,0.0,0.0,0.30404516366292117,0.0,0.0,38.993214976904916,0.02284089487833099,0.0,0.0,-0.9997391127294946,0.0,,0.0,0.0,0.0
7.375000000000037,0.0,0.0,0.30181043260854096,0.0,0.0,38.69460400068893,0.0304391616005759,0.0,0.0,-0.9995366213606452,0.0,,0.0,0.0,0.0
7.400000000000038,0.0,0.0,0.2995824672226006,0.0,0.0,38.39680717437409,0.0379798450039531,0.0,0.0,-0.9992785054095158,0.0,,0.0,0.0,0.0
7.425000000000038,0.0,0.0,0.29736121329930265,0.0,0.0,38.09981604504466,0.04546272794161941,0.0,0.0,-0.9989660356429073,0.0,,0.0,0.0,0.0
7.450000000000038,0.0,0.0,0.2951466174520262,0.0,0.0,37.80362223344297,0.05288761036011004,0.0,0.0,-0.9986004709944799,0.0,,0.0,0.0,0.0
7.475000000000039,0.0,0.0,0.2929386271132539,0.0,0.0,37.508217432931446,0.06025430889844095,0.0,0.0,-0.9981830584913627,0.0,,0.0,0.0,0.0
7.500000000000039,0.0,0.0,0.29073719053489955,0.0,0.0,37.213593408469826,0.06756265649275833,0.0,0.0,-0.9977150331871529,0.0,,0.0,0.0,0.0
7.525000000000039,0.0,0.0,0.2885422567890457,0.0,0.0,36.91974199560719,0.07481250198653544,0.0,0.0,-0.9971976181011036,0.0,,0.0,0.0,0.0
7.55000000000004,0.0,0.0,0.28635377576910265,0.0,0.0,36.62665509948857,0.08200370974631446,0.0,0.0,-0.9966320241633029,0.0,,0.0,0.0,0.0
7.57500000000004,0.0,0.0,0.2841716981913983,0.0,0.0,36.33432469387588,0.08913615928298861,0.0,0.0,-0.9960194501656471,0.0,,0.0,0.0,0.0
7.6000000000000405,0.0,0.0,0.28199597559721234,0.0,0.0,36.04274282018282,0.09620974487861786,0.0,0.0,-0.995361082718423,0.0,,0.0,0.0,0.0
7.625000000000041,0.0,0.0,0.2798265603552656,0.0,0.0,35.751901586523694,0.1032243752187691,0.0,0.0,-0.9946580962123089,0.0,,0.0,0.0,0.0
7.650000000000041,0.0,0.0,0.2776634056646788,0.0,0.0,35.4617931667756,0.11017997303037007,0.0,0.0,-0.9939116527856119,0.0,,0.0,0.0,0.0
7.675000000000042,0.0,0.0,0.2755064655584142,0.0,0.0,35.17240979965403,0.11707647472506441,0.0,0.0,-0.9931229022965643,0.0,,0.0,0.0,0.0
7.700000000000042,0.0,0.0,0.2733556949072145,0.0,0.0,34.88374378780145,0.12391383004805312,0.0,0.0,-0.9922929823005009,0.0,,0.0,0.0,0.0
7.725000000000042,0.0,0.0,0.27121104942405544,0.0,0.0,34.595787496888725,0.1306920017324069,0.0,0.0,-0.9914230180317464,0.0,,0.0,0.0,0.0
7.750000000000043,0.0,0.0,0.26907248566912745,0.0,0.0,34.30853335472906,0.13741096515883158,0.0,0.0,-0.9905141223900438,0.0,,0.0,0.0,0.0
7.775000000000043,0.0,0.0,0.26693996105536477,0.0,0.0,34.02197385040431,0.14407070802086802,0.0,0.0,-0.9895673959313563,0.0,,0.0,0.0,0.0
7.800000000000043,0.0,0.0,0.2648134338545395,0.0,0.0,33.73610153340344,0.15067122999550628,0.0,0.0,-0.9885839268628848,0.0,,0.0,0.0,0.0
7.825000000000044,0.0,0.0,0.26269286320394086,0.0,0.0,33.450909012772854,0.15721254241919264,0.0,0.0,-0.987564791042134,0.0,,0.0,0.0,0.0
7.850000000000044,0.0,0.0,0.2605782091136595,0.0,0.0,33.16638895627838,0.1636946679692078,0.0,0.0,-0.9865110519798806,0.0,,0.0,0.0,0.0
7.875000000000044,0.0,0.0,0.2584694324744986,0.0,0.0,32.88253408957879,0.17011764035039248,0.0,0.0,-0.9854237608468829,0.0,,0.0,0.0,0.0
7.900000000000045,0.0,0.0,0.25636649506653536,0.0,0.0,32.59933719541052,0.17648150398719617,0.0,0.0,-0.9843039564841833,0.0,,0.0,0.0,0.0
7.925000000000045,0.0,0.0,0.25426935956835556,0.0,0.0,32.31679111278351,0.18278631372102527,0.0,0.0,-0.9831526654168613,0.0,,0.0,0.0,0.0
7.9500000000000455,0.0,0.0,0.25217798956698845,0.0,0.0,32.03488873618788,0.18903213451286371,0.0,0.0,-0.9819709018710842,0.0,,0.0,0.0,0.0
7.975000000000046,0.0,0.0,0.2500923495685676,0.0,0.0,31.75362301481123,0.19521904115114158,0.0,0.0,-0.9807596677943219,0.0,,0.0,0.0,0.0
8.000000000000046,0.0,0.0,0.2480124050097466,0.0,0.0,31.472986951766494,0.20134711796482402,0.0,0.0,-0.979519952878582,0.0,,0.0,0.0,0.0
8.025000000000047,0.0,0.0,0.24593812226989983,0.0,0.0,31.192973603330028,0.20741645854169422,0.0,0.0,-0.9782527345865287,0.0,,0.0,0.0,0.0
8.050000000000047,0.0,0.0,0.2438694686841395,0.0,0.0,30.913576078189806,0.21342716545180404,0.0,0.0,-0.9769589781803575,0.0,,0.0,0.0,0.0
8.075000000000047,0.0,0.0,0.241806412557183,0.0,0.0,30.634787536703545,0.21937934997606348,0.0,0.0,-0.9756396367532839,0.0,,0.0,0.0,0.0
8.100000000000048,0.0,0.0,0.23974892317810553,0.0,0.0,30.356601190166565,0.22527313183994355,0.0,0.0,-0.9742956512635287,0.0,,0.0,0.0,0.0
8.125000000000048,0.0,0.0,0.23769697083601565,0.0,0.0,30.079010300089212,0.23110863895226402,0.0,0.0,-0.9729279505706638,0.0,,0.0,0.0,0.0
8.150000000000048,0.0,0.0,0.2356505268366927,0.0,0.0,29.80200817748369,0.23688600714903985,0.0,0.0,-0.9715374514742007,0.0,,0.0,0.0,0.0
8.175000000000049,0.0,0.0,0.2336095635202285,0.0,0.0,29.5255881821601,0.24260537994235867,0.0,0.0,-0.9701250587542948,0.0,,0.0,0.0,0.0
8.200000000000049,0.0,0.0,0.23157405427971678,0.0,0.0,29.24974372203156,0.24826690827426323,0.0,0.0,-0.968691665214447,0.0,,0.0,0.0,0.0
8.22500000000005,0.0,0.0,0.22954397358103704,0.0,0.0,28.97446825242821,0.25387075027561307,0.0,0.0,-0.9672381517260872,0.0,,0.0,0.0,0.0
8.25000000000005,0.0,0.0,0.22751929698378212,0.0,0.0,28.699755275419964,0.2594170710298987,0.0,0.0,-0.965765387274916,0.0,,0.0,0.0,0.0
8.27500000000005,0.0,0.0,0.2255000011633814,0.0,0.0,28.42559833914784,0.26490604234198467,0.0,0.0,-0.9642742290088991,0.0,,0.0,0.0,0.0
8.30000000000005,0.0,0.0,0.2234860639344744,0.0,0.0,28.151991037163732,0.27033784251175613,0.0,0.0,-0.962765522287794,0.0,,0.0,0.0,0.0
8.32500000000005,0.0,0.0,0.22147746427559334,0.0,0.0,27.878927007778447,0.2757126561126468,0.0,0.0,-0.9612401007341035,0.0,,0.0,0.0,0.0
8.350000000000051,0.0,0.0,0.2194741823552157,0.0,0.0,27.606399933417872,0.28103067377502366,0.0,0.0,-0.9596987862853409,0.0,,0.0,0.0,0.0
8.375000000000052,0.0,0.0,0.21747619955925201,0.0,0.0,27.33440353998715,0.28629209197440975,0.0,0.0,-0.9581423892475042,0.0,,0.0,0.0,0.0
8.400000000000052,0.0,0.0,0.21548349852003754,0.0,0.0,27.062931596242667,0.29149711282452284,0.0,0.0,-0.9565717083496498,0.0,,0.0,0.0,0.0
8.425000000000052,0.0,0.0,0.213496063146901,0.0,0.0,26.79197791317176,0.29664594387511084,0.0,0.0,-0.9549875307994574,0.0,,0.0,0.0,0.0
8.450000000000053,0.0,0.0,0.2115138786583871,0.0,0.0,26.521536343379996,0.30173879791456804,0.0,0.0,-0.9533906323396886,0.0,,0.0,0.0,0.0
8.475000000000053,0.0,0.0,0.20953693161621448,0.0,0.0,26.25160078048585,0.3067758927773142,0.0,0.0,-0.9517817773054293,0.0,,0.0,0.0,0.0
8.500000000000053,0.0,0.0,0.2075652099610558,0.0,0.0,25.982165158522726,0.31175745115592274,0.0,0.0,-0.950161718682016,0.0,,0.0,0.0,0.0
8.525000000000054,0.0,0.0,0.20559870305023142,0.0,0.0,25.713223451348085,0.31668370041798566,0.0,0.0,-0.9485311981635458,0.0,,0.0,0.0,0.0
8.550000000000054,0.0,0.0,0.2036374016974138,0.0,0.0,25.44476967205966,0.32155487242770336,0.0,0.0,-0.9468909462118661,0.0,,0.0,0.0,0.0
8.575000000000054,0.0,0.0,0.2016812982144451,0.0,0.0,25.176797872418565,0.326371203372192,0.0,0.0,-0.9452416821159484,0.0,,0.0,0.0,0.0
8.600000000000055,0.0,0.0,0.1997303864553779,0.0,0.0,24.909302142279167,0.3311329335924991,0.0,0.0,-0.943584114051538,0.0,,0.0,0.0,0.0
8.625000000000055,0.0,0.0,0.19778466186285382,0.0,0.0,24.642276609025664,0.335840307419327,0.0,0.0,-0.941918939140992,0.0,,0.0,0.0,0.0
8.650000000000055,0.0,0.0,0.1958441215169434,0.0,0.0,24.375715437015177,0.3404935730134586,0.0,0.0,-0.9402468435131961,0.0,,0.0,0.0,0.0
8.675000000000056,0.0,0.0,0.19390876418657735,0.0,0.0,24.10961282702727,0.34509298221088786,0.0,0.0,-0.938568502363464,0.0,,0.0,0.0,0.0
8.700000000000056,0.0,0.0,0.1919785903837073,0.0,0.0,23.843963015719794,0.34963879037265927,0.0,0.0,-0.9368845800133248,0.0,,0.0,0.0,0.0
8.725000000000056,0.0,0.0,0.19005360242034294,0.0,0.0,23.578760275090925,0.3541312562394218,0.0,0.0,-0.9351957299700898,0.0,,0.0,0.0,0.0
8.750000000000057,0.0,0.0,0.1881338044686217,0.0,0.0,23.313998911947277,0.35857064179070797,0.0,0.0,-0.9335025949861092,0.0,,0.0,0.0,0.0
8.775000000000057,0.0,0.0,0.18621920262407646,0.0,0.0,23.049673267377987,0.36295721210895066,0.0,0.0,-0.9318058071176087,0.0,,0.0,0.0,0.0
8.800000000000058,0.0,0.0,0.1843098049722774,0.0,0.0,22.785777716234687,0.3672912352482555,0.0,0.0,-0.9301059877830109,0.0,,0.0,0.0,0.0
8.825000000000058,0.0,0.0,0.1824056216590357,0.0,0.0,22.52230666661722,0.3715729821079493,0.0,0.0,-0.9284037478206374,0.0,,0.0,0.0,0.0
8.850000000000058,0.0,0.0,0.1805066649643678,0.0,0.0,22.25925455936499,0.3758027263109286,0.0,0.0,-0.9266996875456868,0.0,,0.0,0.0,0.0
8.875000000000059,0.0,0.0,0.17861294938043237,0.0,0.0,21.99661586755392,0.3799807440868392,0.0,0.0,-0.9249943968063871,0.0,,0.0,0.0,0.0
8.900000000000059,0.0,0.0,0.17672449169366578,0.0,0.0,21.734385095998796,0.3841073141601196,0.0,0.0,-0.9232884550392143,0.0,,0.0,0.0,0.0
8.92500000000006,0.0,0.0,0.17484131107135578,0.0,0.0,21.472556780761,0.38818271764294704,0.0,0.0,-0.9215824313230674,0.0,,0.0,0.0,0.0
8.95000000000006,0.0,0.0,0.17296342915290994,0.0,0.0,21.21112548866148,0.39220723793313095,0.0,0.0,-0.9198768844322943,0.0,,0.0,0.0,0.0
8.97500000000006,0.0,0.0,0.1710908701460907,0.0,0.0,20.950085816798886,0.3961811606170034,0.0,0.0,-0.9181723628884525,0.0,,0.0,0.0,0.0
9.00000000000006,0.0,0.0,0.16922366092850827,0.0,0.0,20.689432392072746,0.40010477337736183,0.0,0.0,-0.916469405010691,0.0,,0.0,0.0,0.0
9.02500000000006,0.0,0.0,0.16736183115468062,0.0,0.0,20.42915987071163,0.4039783659065257,0.0,0.0,-0.9147685389646351,0.0,,0.0,0.0,0.0
9.050000000000061,0.0,0.0,0.16550541336899166,0.0,0.0,20.16926293780617,0.4078022298245769,0.0,0.0,-0.9130702828096547,0.0,,0.0,0.0,0.0
9.075000000000061,0.0,0.0,0.16365444312489968,0.0,0.0,19.909736306846877,0.41157665860285875,0.0,0.0,-0.9113751445443891,0.0,,0.0,0.0,0.0
9.100000000000062,0.0,0.0,0.1618089591107732,0.0,0.0,19.650574719266633,0.4153019474928164,0.0,0.0,-0.9096836221504013,0.0,,0.0,0.0,0.0
9.125000000000062,0.0,0.0,0.15996900328275565,0.0,0.0,19.391772943987814,0.41897839346027216,0.0,0.0,-0.9079962036338308,0.0,,0.0,0.0,0.0
9.150000000000063,0.0,0.0,0.1581346210050891,0.0,0.0,19.133325776973905,0.4226062951252336,0.0,0.0,-0.9063133670649043,0.0,,0.0,0.0,0.0
9.175000000000063,0.0,0.0,0.1563058611983556,0.0,0.0,18.87522804078557,0.4261859527073445,0.0,0.0,-0.9046355806151629,0.0,,0.0,0.0,0.0
9.200000000000063,0.0,0.0,0.15448277649612754,0.0,0.0,18.617474584141046,0.4297176679770982,0.0,0.0,-0.9029633025922618,0.0,,0.0,0.0,0.0
9.225000000000064,0.0,0.0,0.15266542341055184,0.0,0.0,18.36006028148084,0.43320174421294166,0.0,0.0,-0.9012969814721812,0.0,,0.0,0.0,0.0
9.250000000000064,0.0,0.0,0.15085386250742988,0.0,0.0,18.10298003253658,0.43663848616441225,0.0,0.0,-0.8996370559286953,0.0,,0.0,0.0,0.0
9.275000000000064,0.0,0.0,0.1490481585913953,0.0,0.0,17.846228761903962,0.44002820002145826,0.0,0.0,-0.8979839548599271,0.0,,0.0,0.0,0.0
9.300000000000065,0.0,0.0,0.14724838090183318,0.0,0.0,17.589801418619768,0.44337119339010844,0.0,0.0,-0.8963380974118144,0.0,,0.0,0.0,0.0
9.325000000000065,0.0,0.0,0.14545460332023175,0.0,0.0,17.333692975742782,0.4466677752746704,0.0,0.0,-0.8946998929983041,0.0,,0.0,0.0,0.0
9.350000000000065,0.0,0.0,0.1436669045897063,0.0,0.0,17.077898429938603,0.4499182560666494,0.0,0.0,-0.8930697413180816,0.0,,0.0,0.0,0.0
9.375000000000066,0.0,0.0,0.14188536854748907,0.0,0.0,16.82241280106824,0.4531229475405971,0.0,0.0,-0.8914480323676314,0.0,,0.0,0.0,0.0
9.400000000000066,0.0,0.0,0.14011008437123662,0.0,0.0,16.567231131780424,0.4562821628571147,0.0,0.0,-0.889835146450416,0.0,,0.0,0.0,0.0
9.425000000000066,0.0,0.0,0.13834114684006873,0.0,0.0,16.31234848710759,0.4593962165732543,0.0,0.0,-0.888231454181949,0.0,,0.0,0.0,0.0
9.450000000000067,0.0,0.0,0.13657865661132032,0.0,0.0,16.057759954065393,0.46246542466057766,0.0,0.0,-0.8866373164905207,0.0,,0.0,0.0,0.0
9.475000000000067,0.0,0.0,0.13482272051406088,0.0,0.0,15.803460641255741,0.4654901045311588,0.0,0.0,-0.8850530846133304,0.0,,0.0,0.0,0.0
9.500000000000068,0.0,0.0,0.1330734518605149,0.0,0.0,15.549445678473276,0.4684705750718294,0.0,0.0,-0.883479100087755,0.0,,0.0,0.0,0.0
9.525000000000068,0.0,0.0,0.1313309707766019,0.0,0.0,15.295710216315184,0.471407156686998,0.0,0.0,-0.8819156947374733,0.0,,0.0,0.0,0.0
9.550000000000068,0.0,0.0,0.12959540455290794,0.0,0.0,15.042249425794315,0.4743001713503923,0.0,0.0,-0.8803631906531466,0.0,,0.0,0.0,0.0
9.575000000000069,0.0,0.0,0.12786688801749904,0.0,0.0,14.789058497955521,0.4771499426661065,0.0,0.0,-0.8788219001673384,0.0,,0.0,0.0,0.0
9.600000000000069,0.0,0.0,0.12614556393209758,0.0,0.0,14.536132643495145,0.479956795939359,0.0,0.0,-0.8772921258233339,0.0,,0.0,0.0,0.0
9.62500000000007,0.0,0.0,0.12443158341325841,0.0,0.0,14.283467092383606,0.4827210582574016,0.0,0.0,-0.8757741603375007,0.0,,0.0,0.0,0.0
9.65000000000007,0.0,0.0,0.12272510638031046,0.0,0.0,14.031057093491002,0.48544305858105047,0.0,0.0,-0.874268286554805,0.0,,0.0,0.0,0.0
9.67500000000007,0.0,0.0,0.12102630203196724,0.0,0.0,13.778897914215676,0.4881231278473504,0.0,0.0,-0.8727747773970781,0.0,,0.0,0.0,0.0
9.70000000000007,0.0,0.0,0.11933534935366058,0.0,0.0,13.526984840115677,0.4907615990839156,0.0,0.0,-0.8712938958035906,0.0,,0.0,0.0,0.0
9.72500000000007,0.0,0.0,0.1176524376578153,0.0,0.0,13.27531317454305,0.49335880753553846,0.0,0.0,-0.8698258946634732,0.0,,0.0,0.0,0.0
9.750000000000071,0.0,0.0,0.11597776715945972,0.0,0.0,13.023878238280902,0.4959150908036986,0.0,0.0,-0.8683710167394805,0.0,,0.0,0.0,0.0
9.775000000000071,0.0,0.0,0.11431154958976068,0.0,0.0,12.772675369183165,0.49843078899965415,0.0,0.0,-0.8669294945825654,0.0,,0.0,0.0,0.0
9.800000000000072,0.0,0.0,0.11265400885028168,0.0,0.0,12.521699921817023,0.5009062449118488,0.0,0.0,-0.8655015504366882,0.0,,0.0,0.0,0.0
9.825000000000072,0.0,0.0,0.11100538171099159,0.0,0.0,12.270947267107912,0.5033418041884267,0.0,0.0,-0.8640873961332498,0.0,,0.0,0.0,0.0
9.850000000000072,0.0,0.0,0.10936591855530092,0.0,0.0,12.020412791987063,0.505737815535704,0.0,0.0,-0.8626872329744856,0.0,,0.0,0.0,0.0
9.875000000000073,0.0,0.0,0.10773588417567435,0.0,0.0,11.770091899041493,0.5080946309335155,0.0,0.0,-0.8613012516051132,0.0,,0.0,0.0,0.0
9.900000000000073,0.0,0.0,0.1061155586236644,0.0,0.0,11.519980006166433,0.5104126058684236,0.0,0.0,-0.8599296318714719,0.0,,0.0,0.0,0.0
9.925000000000074,0.0,0.0,0.10450523811853496,0.0,0.0,11.270072546220094,0.5126920995858538,0.0,0.0,-0.8585725426673328,0.0,,0.0,0.0,0.0
9.950000000000074,0.0,0.0,0.10290523601899616,0.0,0.0,11.02036496668073,0.5149334753623054,0.0,0.0,-0.8572301417654994,0.0,,0.0,0.0,0.0
9.975000000000074,0.0,0.0,0.10131588386295791,0.0,0.0,10.770852729305954,0.517137100798875,0.0,0.0,-0.855902575634245,0.0,,0.0,0.0,0.0
10.000000000000075,0.0,0.0,0.09973753248063105,0.0,0.0,10.521531309794227,0.519303348137427,0.0,0.0,-0.854589979237563,0.0,,0.0,0.0,0.0
10.025000000000075,0.0,0.0,0.09817055318676632,0.0,0.0,10.272396197448487,0.5214325946008536,0.0,0.0,-0.853292475818123,0.0,,0.0,0.0,0.0
10.050000000000075,0.0,0.0,0.09661533905832566,0.0,0.0,10.02344289484185,0.5235252227589785,0.0,0.0,-0.8520101766617355,0.0,,0.0,0.0,0.0
10.075000000000076,0.0,0.0,0.09507230630443325,0.0,0.0,9.774666917485334,0.5255816209217855,0.0,0.0,-0.850743180842038,0.0,,0.0,0.0,0.0
10.100000000000076,0.0,0.0,0.09354189573605881,0.0,0.0,9.526063793497556,0.5276021835617857,0.0,0.0,-0.849491574943999,0.0,,0.0,0.0,0.0
10.125000000000076,0.0,0.0,0.09202457434354933,0.0,0.0,9.277629063276338,0.5295873117674864,0.0,0.0,-0.8482554327647347,0.0,,0.0,0.0,0.0
10.150000000000077,0.0,0.0,0.09052083699085361,0.0,0.0,9.029358279172182,0.531537413730082,0.0,0.0,-0.8470348149899954,0.0,,0.0,0.0,0.0
10.175000000000077,0.0,0.0,0.08903120823608275,0.0,0.0,8.781247005163562,0.5334529052656618,0.0,0.0,-0.8458297688445501,0.0,,0.0,0.0,0.0
10.200000000000077,0.0,0.0,0.08755624428892723,0.0,0.0,8.533290816533967,0.5353342103754176,0.0,0.0,-0.8446403277145413,0.0,,0.0,0.0,0.0
10.225000000000078,0.0,0.0,0.08609653511641602,0.0,0.0,8.285485299550658,0.5371817618465413,0.0,0.0,-0.8434665107397246,0.0,,0.0,0.0,0.0
10.250000000000078,0.0,0.0,0.08465270670956304,0.0,0.0,8.037826051145093,0.5389960018967217,0.0,0.0,-0.8423083223733155,0.0,,0.0,0.0,0.0
10.275000000000079,0.0,0.0,0.08322542352461382,0.0,0.0,7.790308678594945,0.5407773828654014,0.0,0.0,-0.8411657519069872,0.0,,0.0,0.0,0.0
10.300000000000079,0.0,0.0,0.08181539111388923,0.0,0.0,7.5429287992077,0.5425263679552127,0.0,0.0,-0.8400387729583233,0.0,,0.0,0.0,0.0
10.32500000000008,0.0,0.0,0.08042335896263954,0.0,0.0,7.295682040005748,0.544243432027305,0.0,0.0,-0.8389273429178122,0.0,,0.0,0.0,0.0
10.35000000000008,0.0,0.0,0.07905012354988175,0.0,0.0,7.048564037412947,0.5459290624545957,0.0,0.0,-0.8378314023521952,0.0,,0.0,0.0,0.0
10.37500000000008,0.0,0.0,0.07769653165291539,0.0,0.0,6.801570436942598,0.5475837600373179,0.0,0.0,-0.8367508743606983,0.0,,0.0,0.0,0.0
10.40000000000008,0.0,0.0,0.0763634839171117,0.0,0.0,6.554696892886787,0.5492080399856165,0.0,0.0,-0.8356856638803597,0.0,,0.0,0.0,0.0
10.42500000000008,0.0,0.0,0.07505193871467108,0.0,0.0,6.3079390680070375,0.5508024329743636,0.0,0.0,-0.8346356569363195,0.0,,0.0,0.0,0.0
10.450000000000081,0.0,0.0,0.07376291631836346,0.0,0.0,6.061292633226249,0.5523674862758094,0.0,0.0,-0.8336007198325489,0.0,,0.0,0.0,0.0
10.475000000000081,0.0,0.0,0.07249750341883349,0.0,0.0,5.814753267321845,0.5539037649761825,0.0,0.0,-0.8325806982780767,0.0,,0.0,0.0,0.0
10.500000000000082,0.0,0.0,0.07125685801689306,0.0,0.0,5.568316656620103,0.5554118532828985,0.0,0.0,-0.8315754164433049,0.0,,0.0,0.0,0.0
10.525000000000082,0.0,0.0,0.07004221472537055,0.0,0.0,5.321978494691617,0.5568923559296238,0.0,0.0,-0.8305846759404806,0.0,,0.0,0.0,0.0
10.550000000000082,0.0,0.0,0.06885489051857395,0.0,0.0,5.075734482047845,0.5583458996871,0.0,0.0,-0.8296082547218313,0.0,,0.0,0.0,0.0
10.575000000000083,0.0,0.0,0.06769629097129375,0.0,0.0,4.8295803258386885,0.5597731349883422,0.0,0.0,-0.8286459058882287,0.0,,0.0,0.0,0.0
10.600000000000083,0.0,0.0,0.06656791703356495,0.0,0.0,4.583511739551075,0.5611747376776135,0.0,0.0,-0.8276973564005515,0.0,,0.0,0.0,0.0
10.625000000000083,0.0,0.0,0.06547137239217728,0.0,0.0,4.33752444270848,0.562551410893435,0.0,0.0,-0.8267623056851381,0.0,,0.0,0.0,0.0
10.650000000000084,0.0,0.0,0.06440837147522352,0.0,0.0,4.091614160571357,0.563903887096839,0.0,0.0,-0.8258404241238589,0.0,,0.0,0.0,0.0
10.675000000000084,0.0,0.0,0.06338074816187245,0.0,0.0,3.8457766238384243,0.5652329302571117,0.0,0.0,-0.8249313514183827,0.0,,0.0,0.0,0.0
10.700000000000085,0.0,0.0,0.062390465266116545,0.0,0.0,3.6000075683487625,0.5665393382084118,0.0,0.0,-0.8240346948171385,0.0,,0.0,0.0,0.0
10.725000000000085,0.0,0.0,0.06143962487055585,0.0,0.0,3.3543027347846848,0.5678239451919139,0.0,0.0,-0.8231500271923037,0.0,,0.0,0.0,0.0
10.750000000000085,0.0,0.0,0.060530479594429726,0.0,0.0,3.1086578683753308,0.5690876245995015,0.0,0.0,-0.82227688495281,0.0,,0.0,0.0,0.0
10.775000000000086,0.0,0.0,0.05966544488920059,0.0,0.0,2.8630687186009394,0.5703312919365653,0.0,0.0,-0.8214147657779035,0.0,,0.0,0.0,0.0
10.800000000000086,0.0,0.0,0.05884711246514446,0.0,0.0,2.617531038897761,0.571555908023134,0.0,0.0,-0.8205631261541372,0.0,,0.0,0.0,0.0
10.825000000000086,0.0,0.0,0.058078264963744054,0.0,0.0,2.3720405863635623,0.5727624824544153,0.0,0.0,-0.8197213786968445,0.0,,0.0,0.0,0.0
10.850000000000087,0.0,0.0,0.057361892003360775,0.0,0.0,2.1265931214636797,0.5739520773438619,0.0,0.0,-0.8188888892350814,0.0,,0.0,0.0,0.0
10.875000000000087,0.0,0.0,0.056701207739850115,0.0,0.0,1.8811844077375803,0.5751258113741254,0.0,0.0,-0.818064973636724,0.0,,0.0,0.0,0.0
10.900000000000087,0.0,0.0,0.056099670099674245,0.0,0.0,1.635810211505886,0.5762848641837335,0.0,0.0,-0.8172488943478209,0.0,,0.0,0.0,0.0
10.925000000000088,0.0,0.0,0.055561001860871435,0.0,0.0,1.3904663015778163,0.5774304811200653,0.0,0.0,-0.8164398566174058,0.0,,0.0,0.0,0.0
10.950000000000088,0.0,0.0,0.05508921377721285,0.0,0.0,1.14514844895901,0.5785639783922099,0.0,0.0,-0.815637004375708,0.0,,0.0,0.0,0.0
10.975000000000088,0.0,0.0,0.0546886299632933,0.0,0.0,0.8998524265596797,0.5796867486606266,0.0,0.0,-0.8148394157300392,0.0,,0.0,0.0,0.0
11.000000000000089,0.0,-4.0737316176083544e-12,0.05436391578348329,-1.6266891046746618e-13,0.0,0.6545740089030568,0.580800267104196,0.0,0.0,-0.8140460980384924,0.0,,0.0,0.0,0.0
11.02500000000009,-1.0938161103242728e-14,-7.018767156498807e-12,0.054120108515978524,-1.4766646214499449e-13,4.421659474622158e-16,0.4093089718340869,0.5819060980093081,-8.290505662537134e-14,-5.915055566058045e-14,-0.8132559825169327,0.0,,0.0,0.0,0.0
11.05000000000009,-2.964696603996369e-14,-8.840206338113091e-12,0.053962651095034786,-1.2796692985737483e-13,6.856530068946185e-16,0.16405309222832898,0.583005901930114,-2.2584536483371152e-13,-1.6092243469848038e-13,-0.8124679183294897,0.0,,0.0,0.0,0.0
11.07500000000009,-5.307296501244045e-14,-9.543115751003237e-12,0.05389742927034227,-2.2112850203544784e-13,1.2413019509467462e-15,-0.08119785229898105,0.5841014434740037,-4.060538002915813e-13,-2.888626229863452e-13,-0.8116806661068041,0.0,,0.0,0.0,0.0
# motor_burnout_time,1.971
# launch_rail_clearance_time,0.15
